{
    "intrinsic_parameters": {
        "focal_length": [
            956.6368583911506,
            957.5519863270629
        ],
        "skew": 0.0,
        "principal_point": [
            369.0120100625264,
            651.4449572272829
        ]
    },
    "extrinsic_parameters": [
        {
            "image_id": 1,
            "rotation_matrix": [
                [
                    0.9969991588495748,
                    0.013876424286667759,
                    -0.07615853269500832
                ],
                [
                    -0.02511862329105681,
                    0.9885617621904104,
                    -0.1487101109506432
                ],
                [
                    0.07322384869154484,
                    0.15017685302338377,
                    0.9859438020489761
                ]
            ],
            "translation_vector": [
                -118.12866573997908,
                -108.52922527079981,
                439.77099238516325
            ]
        },
        {
            "image_id": 2,
            "rotation_matrix": [
                [
                    0.9982831310135499,
                    0.05391536268095461,
                    -0.022889386203317506
                ],
                [
                    -0.05068147509463694,
                    0.9910010812170399,
                    0.12388803456706256
                ],
                [
                    0.029362874791395842,
                    -0.12251526718592716,
                    0.992032172306093
                ]
            ],
            "translation_vector": [
                -131.11743226779774,
                -43.804789533857445,
                474.4118804587205
            ]
        }
    ],
    "radial_distortion_coefficients": [
        0.19737881313680106,
        -0.7050815999570267,
        0.048207569916145825
    ],
    "reprojection_errors": {
        "mean_error": 0.06971961851047395,
        "std_dev": 0.02323557839999332
    }
}