{
    "intrinsic_parameters": {
        "focal_length": [
            2882.76094228551,
            2889.196544590198
        ],
        "skew": 0.0,
        "principal_point": [
            1161.3183244370737,
            1963.219360327202
        ]
    },
    "extrinsic_parameters": [
        {
            "image_id": 1,
            "rotation_matrix": [
                [
                    0.99869712083224,
                    -0.02261581160983666,
                    -0.0457447910326687
                ],
                [
                    0.017915651137544245,
                    0.9947589020904374,
                    -0.10066655927439513
                ],
                [
                    0.04778169404397419,
                    0.09971585519392528,
                    0.9938680284309542
                ]
            ],
            "translation_vector": [
                -105.05461414748729,
                -123.99487005538023,
                482.8307604891185
            ]
        },
        {
            "image_id": 2,
            "rotation_matrix": [
                [
                    0.996166433971693,
                    -0.014778247764527169,
                    -0.08622087462517858
                ],
                [
                    0.007112545763735545,
                    0.9960466620575241,
                    -0.08854636467310811
                ],
                [
                    0.08718857448587677,
                    0.0875936664210063,
                    0.9923333623747849
                ]
            ],
            "translation_vector": [
                -107.86490708575134,
                -113.35256292954737,
                463.04479051007564
            ]
        }
    ],
    "radial_distortion_coefficients": [
        0.1242040423614682,
        -1.2754973824004232,
        3.2925057896829237
    ],
    "reprojection_errors": {
        "mean_error": 0.1147924833946909,
        "std_dev": 0.02594641426827712
    }
}