30289

1 0.389308
2 0.382886
3 0.371897
4 0.361321
5 0.370534
6 0.56165
7 0.332798
8 0.553542
9 0.323691
10 0.373769
11 0.640037
12 0.168076
13 0.279188
14 0.319859
15 0.392787
16 0.394629
17 0.373597
18 0.379247
19 0.542279
20 0.371873
21 0.0239778
22 0.367462
23 0.41163
24 0.643463
25 0.404301
26 0.570201
27 0.430105
28 0.380145
29 0.147627
30 0.419683
31 0.400064
32 0.380141
33 0.42453
34 0.360704
35 0.373343
36 0.426763
37 0.30434
38 0.346434
39 0.0400218
40 0.723731
41 0.356941
42 0.413681
43 0.387138
44 0.451927
45 0.294081
46 0.301109
47 0.050936
48 0.401029
49 0.0235569
50 0.38261
51 0.37301
52 0.0356931
53 0.432751
54 0.293364
55 0.114497
56 0.346815
57 0.439889
58 0.547473
59 0.407136
60 0.456323
61 0.452458
62 0.505975
63 0.457744
64 0.484429
65 0.501166
66 0.49309
67 0.503749
68 0.515599
69 0.502795
70 0.433909
71 0.514492
72 0.535214
73 0.539824
74 0.534791
75 0.495862
76 0.514814
77 0.578384
78 0.598314
79 0.360116
80 0.400014
81 0.373581
82 0.482443
83 0.491838
84 0.390992
85 0.415128
86 0.357674
87 0.395966
88 0.418844
89 0.405752
90 0.482411
91 0.374433
92 0.376364
93 0.102733
94 0.361755
95 0.31473
96 0.453544
97 0.423139
98 0.386613
99 0.412946
100 0.363035
101 0.0872301
102 0.863139
103 0.133491
104 0.432035
105 0.394722
106 0.547395
107 0.274704
108 0.393355
109 0.348111
110 0.370606
111 0.321579
112 0.430164
113 0.394502
114 0.515761
115 0.446053
116 0.540173
117 0.588531
118 0.445817
119 0.436041
120 0.38343
121 0.386582
122 0.325019
123 0.0959647
124 0.554912
125 0.338324
126 0.800336
127 0.17039
128 0.500848
129 0.502776
130 0.44073
131 0.484705
132 0.570644
133 0.581058
134 0.579911
135 0.546306
136 0.581273
137 0.551077
138 0.458423
139 0.568188
140 0.529344
141 0.608918
142 0.525276
143 0.562503
144 0.503582
145 0.760991
146 0.519819
147 0.527369
148 0.353291
149 0.368647
150 0.338099
151 0.684547
152 0.573547
153 0.648609
154 0.447532
155 0.424024
156 0.419485
157 0.432773
158 0.358721
159 0.439866
160 0.307573
161 0.361583
162 0.377466
163 0.371115
164 0.362042
165 0.393717
166 0.571509
167 0.490735
168 0.370868
169 0.439494
170 0.310679
171 0.449166
172 0.491488
173 0.389097
174 0.396146
175 0.629044
176 0.330974
177 0.331002
178 0.387846
179 0.161132
180 0.267705
181 0.3662
182 0.168588
183 0.365317
184 0.363582
185 0.35052
186 0.277679
187 0.382563
188 0.372089
189 0.349374
190 0.382968
191 0.381841
192 0.418923
193 0.354681
194 0.372228
195 0.312993
196 0.335015
197 0.377294
198 0.415922
199 0.399658
200 0.324159
201 0.380721
202 0.328691
203 0.503218
204 0.584283
205 0.528611
206 0.398099
207 0.647526
208 0.552116
209 0.445008
210 0.525214
211 0.394364
212 0.501024
213 0.428815
214 0.565773
215 0.489019
216 0.28558
217 0.253728
218 0.487501
219 0.585301
220 0.499102
221 0.432534
222 0.368783
223 0.368704
224 0.38325
225 0.12034
226 0.539373
227 0.355258
228 0.363391
229 0.34322
230 0.522329
231 0.251319
232 0.54539
233 0.348794
234 0.466669
235 0.358901
236 0.399247
237 0.408055
238 0.430682
239 0.457151
240 0.377027
241 0.21209
242 0.72604
243 0.300143
244 0.34333
245 0.452983
246 0.29699
247 0.266124
248 0.381666
249 0.384359
250 0.455434
251 0.469239
252 0.399283
253 0.454117
254 0.018478
255 0.381151
256 0.311111
257 0.0190639
258 0.64603
259 0.638577
260 0.372937
261 0.348863
262 0.342485
263 0.495664
264 0.602788
265 0.363068
266 0.443936
267 0.130586
268 0.852639
269 0.738242
270 0.303201
271 0.287634
272 0.413506
273 0.259878
274 0.313731
275 0.333531
276 0.376017
277 0.323164
278 0.3009
279 0.469408
280 0.412261
281 0.392114
282 0.665272
283 0.839689
284 0.434406
285 0.359044
286 0.339151
287 0.378949
288 0.339602
289 0.369835
290 0.345712
291 0.461329
292 0.323189
293 0.333434
294 0.277
295 0.314062
296 0.32344
297 0.0191152
298 0.340514
299 0.370309
300 0.152925
301 0.594925
302 0.400216
303 0.285695
304 0.356668
305 0.432129
306 0.132274
307 0.400647
308 0.40614
309 0.335553
310 0.375537
311 0.284212
312 0.437229
313 0.365328
314 0.299015
315 0.423389
316 0.360018
317 0.404005
318 0.401437
319 0.424125
320 0.326105
321 0.354704
322 0.498252
323 0.299095
324 0.452601
325 0.117339
326 0.455347
327 0.44504
328 0.573129
329 0.453481
330 0.509703
331 0.553242
332 0.623242
333 0.393828
334 0.34417
335 0.438527
336 0.449754
337 0.483944
338 0.548692
339 0.64225
340 0.572416
341 0.504645
342 0.564732
343 0.582328
344 0.46788
345 0.463854
346 0.486181
347 0.549384
348 0.376775
349 0.632144
350 0.549687
351 0.460113
352 0.536189
353 0.549102
354 0.243539
355 0.437927
356 0.348433
357 0.461963
358 0.490026
359 0.498378
360 0.324789
361 0.351221
362 0.416112
363 0.399955
364 0.434988
365 0.581875
366 0.516877
367 0.530386
368 0.54238
369 0.598225
370 0.560923
371 0.576576
372 0.503209
373 0.520498
374 0.569118
375 0.50922
376 0.583213
377 0.460696
378 0.527733
379 0.724138
380 0.556683
381 0.510074
382 0.562737
383 0.477206
384 0.542457
385 0.554847
386 0.472859
387 0.533684
388 0.374174
389 0.526062
390 0.541945
391 0.52988
392 0.516381
393 0.567837
394 0.519313
395 0.576396
396 0.567282
397 0.582841
398 0.515614
399 0.560125
400 0.528501
401 0.579903
402 0.586333
403 0.502541
404 0.527372
405 0.54671
406 0.576143
407 0.494993
408 0.554427
409 0.509299
410 0.394036
411 0.387465
412 0.496148
413 0.6155
414 0.770544
415 0.0189191
416 0.581732
417 0.472842
418 0.575427
419 0.51244
420 0.581369
421 0.717146
422 0.550452
423 0.514946
424 0.503837
425 0.362338
426 0.406971
427 0.383832
428 0.336166
429 0.229106
430 0.518113
431 0.528859
432 0.567532
433 0.617672
434 0.465302
435 0.34585
436 0.334876
437 0.505618
438 0.489465
439 0.557722
440 0.380573
441 0.304819
442 0.136222
443 0.365003
444 0.40195
445 0.504738
446 0.3624
447 0.324291
448 0.299092
449 0.46601
450 0.38977
451 0.369674
452 0.626465
453 0.32013
454 0.369599
455 0.245391
456 0.583301
457 0.587347
458 0.452807
459 0.439974
460 0.584223
461 0.494682
462 0.615609
463 0.501653
464 0.582379
465 0.448071
466 0.305656
467 0.4979
468 0.421895
469 0.561863
470 0.57773
471 0.40083
472 0.585333
473 0.334007
474 0.415502
475 0.431145
476 0.415328
477 0.726757
478 0.345011
479 0.599223
480 0.733272
481 0.478524
482 0.501794
483 0.598103
484 0.384093
485 0.633451
486 0.558402
487 0.570245
488 0.501878
489 0.579848
490 0.596579
491 0.60218
492 0.57793
493 0.557821
494 0.517727
495 0.630804
496 0.431185
497 0.577095
498 0.581975
499 0.55479
500 0.581401
501 0.529475
502 0.581918
503 0.617679
504 0.474756
505 0.538663
506 0.567595
507 0.530576
508 0.54307
509 0.583964
510 0.614007
511 0.458171
512 0.554343
513 0.597359
514 0.613884
515 0.5444
516 0.361708
517 0.3826
518 0.340049
519 0.164345
520 0.338356
521 0.29004
522 0.378506
523 0.322214
524 0.479636
525 0.574055
526 0.419149
527 0.438117
528 0.572081
529 0.500303
530 0.584039
531 0.484835
532 0.445772
533 0.546015
534 0.494413
535 0.432824
536 0.523378
537 0.395419
538 0.429383
539 0.421339
540 0.380635
541 0.482025
542 0.462526
543 0.554994
544 0.554783
545 0.551593
546 0.317671
547 0.362019
548 0.359408
549 0.365623
550 0.433953
551 0.843776
552 0.184733
553 0.346714
554 0.321169
555 0.343493
556 0.422104
557 0.369048
558 0.264681
559 0.407609
560 0.317056
561 0.348923
562 0.381914
563 0.249998
564 0.478011
565 0.0274006
566 0.177186
567 0.335229
568 0.388412
569 0.380073
570 0.359997
571 0.295015
572 0.414031
573 0.457134
574 0.418892
575 0.405917
576 0.347991
577 0.309459
578 0.362652
579 0.534442
580 0.35833
581 0.330972
582 0.200523
583 0.431907
584 0.83593
585 0.406838
586 0.332257
587 0.433679
588 0.384748
589 0.411636
590 0.383712
591 0.385012
592 0.360168
593 0.28785
594 0.427379
595 0.266306
596 0.410257
597 0.513903
598 0.352189
599 0.357843
600 0.206711
601 0.51224
602 0.155772
603 0.346286
604 0.401767
605 0.237512
606 0.027102
607 0.0235568
608 0.38734
609 0.0226672
610 0.418535
611 0.56954
612 0.344214
613 0.0175933
614 0.408503
615 0.44802
616 0.403542
617 0.404614
618 0.341197
619 0.389618
620 0.339564
621 0.403263
622 0.364425
623 0.419299
624 0.426088
625 0.161445
626 0.402742
627 0.406426
628 0.732935
629 0.515695
630 0.313283
631 0.597008
632 0.405179
633 0.566259
634 0.323228
635 0.362186
636 0.363599
637 0.494585
638 0.505885
639 0.396435
640 0.356778
641 0.408476
642 0.406604
643 0.426408
644 0.557684
645 0.425796
646 0.615886
647 0.592866
648 0.529748
649 0.501313
650 0.687551
651 0.494138
652 0.630518
653 0.484242
654 0.440714
655 0.664826
656 0.493459
657 0.342732
658 0.186777
659 0.249644
660 0.702955
661 0.375708
662 0.769944
663 0.388941
664 0.43143
665 0.470745
666 0.375866
667 0.424276
668 0.434143
669 0.366037
670 0.359932
671 0.375376
672 0.324699
673 0.332552
674 0.331852
675 0.31399
676 0.290498
677 0.310567
678 0.315483
679 0.145653
680 0.440093
681 0.391606
682 0.38051
683 0.342789
684 0.677641
685 0.403869
686 0.376153
687 0.380605
688 0.297794
689 0.369166
690 0.264607
691 0.309709
692 0.363139
693 0.462654
694 0.416099
695 0.345918
696 0.246347
697 0.622027
698 0.503723
699 0.332333
700 0.624693
701 0.227592
702 0.240074
703 0.344764
704 0.145747
705 0.345062
706 0.377231
707 0.421749
708 0.512454
709 0.320841
710 0.516837
711 0.36583
712 0.413229
713 0.382219
714 0.63346
715 0.650751
716 0.530652
717 0.401125
718 0.327138
719 0.254289
720 0.361267
721 0.394566
722 0.0190098
723 0.619287
724 0.636576
725 0.621506
726 0.582257
727 0.411907
728 0.415764
729 0.39501
730 0.360136
731 0.348479
732 0.34963
733 0.377037
734 0.348899
735 0.387778
736 0.51271
737 0.327202
738 0.474058
739 0.46185
740 0.398251
741 0.658087
742 0.336891
743 0.532728
744 0.290607
745 0.302942
746 0.421482
747 0.450913
748 0.322694
749 0.322935
750 0.360031
751 0.616931
752 0.461284
753 0.632577
754 0.33953
755 0.495398
756 0.390216
757 0.38698
758 0.296505
759 0.679081
760 0.437291
761 0.295931
762 0.426212
763 0.25273
764 0.440729
765 0.263722
766 0.449138
767 0.386329
768 0.379889
769 0.387674
770 0.373213
771 0.380209
772 0.3906
773 0.382959
774 0.327764
775 0.350163
776 0.415894
777 0.373472
778 0.351784
779 0.371549
780 0.474179
781 0.75354
782 0.727389
783 0.893909
784 0.306206
785 0.589338
786 0.552211
787 0.174362
788 0.730387
789 0.384408
790 0.432735
791 0.390329
792 0.250329
793 0.383364
794 0.643942
795 0.411714
796 0.322131
797 0.348464
798 0.367163
799 0.352198
800 0.319629
801 0.42806
802 0.411781
803 0.368768
804 0.420292
805 0.326439
806 0.361462
807 0.357069
808 0.453795
809 0.573299
810 0.0215677
811 0.301502
812 0.437854
813 0.26665
814 0.364973
815 0.327204
816 0.345152
817 0.62518
818 0.271277
819 0.270751
820 0.426574
821 0.372943
822 0.228073
823 0.373925
824 0.416397
825 0.412258
826 0.409161
827 0.264338
828 0.29999
829 0.466089
830 0.43786
831 0.446212
832 0.447342
833 0.255466
834 0.52486
835 0.436402
836 0.348916
837 0.381622
838 0.528574
839 0.445851
840 0.353262
841 0.384916
842 0.307286
843 0.435258
844 0.426511
845 0.134506
846 0.522745
847 0.682904
848 0.388469
849 0.23583
850 0.241372
851 0.39567
852 0.37712
853 0.461634
854 0.306898
855 0.335338
856 0.694329
857 0.218256
858 0.591315
859 0.328893
860 0.565859
861 0.316149
862 0.424872
863 0.331557
864 0.411729
865 0.255596
866 0.421364
867 0.438414
868 0.458414
869 0.383934
870 0.433724
871 0.466181
872 0.403769
873 0.367838
874 0.419656
875 0.339477
876 0.335797
877 0.504213
878 0.409078
879 0.449751
880 0.444399
881 0.751102
882 0.024304
883 0.407479
884 0.184407
885 0.353691
886 0.447644
887 0.474083
888 0.730171
889 0.38285
890 0.847135
891 0.344687
892 0.589363
893 0.01647
894 0.353065
895 0.300411
896 0.317955
897 0.400324
898 0.336991
899 0.398299
900 0.181421
901 0.387846
902 0.646863
903 0.415203
904 0.374339
905 0.435079
906 0.363829
907 0.498145
908 0.402512
909 0.0166662
910 0.134902
911 0.0174916
912 0.0346388
913 0.367281
914 0.363771
915 0.458997
916 0.45392
917 0.299458
918 0.305156
919 0.344027
920 0.508728
921 0.349553
922 0.239043
923 0.348841
924 0.0194581
925 0.349174
926 0.357209
927 0.14284
928 0.129616
929 0.177606
930 0.0226843
931 0.286354
932 0.0171206
933 0.374156
934 0.465418
935 0.618899
936 0.327229
937 0.437345
938 0.6644
939 0.421906
940 0.343288
941 0.620934
942 0.357316
943 0.333405
944 0.332251
945 0.376873
946 0.396526
947 0.366037
948 0.365556
949 0.395648
950 0.433124
951 0.406709
952 0.43153
953 0.358643
954 0.0193181
955 0.324802
956 0.550297
957 0.233487
958 0.428398
959 0.480884
960 0.406321
961 0.35744
962 0.488865
963 0.537114
964 0.439149
965 0.50181
966 0.451761
967 0.403864
968 0.518671
969 0.483212
970 0.39809
971 0.356333
972 0.553498
973 0.400328
974 0.319482
975 0.500635
976 0.497352
977 0.374874
978 0.37451
979 0.386498
980 0.36476
981 0.359993
982 0.740692
983 0.438994
984 0.271139
985 0.521016
986 0.449586
987 0.356465
988 0.5961
989 0.438906
990 0.506186
991 0.408244
992 0.387848
993 0.470528
994 0.53308
995 0.435077
996 0.355529
997 0.212732
998 0.44122
999 0.31608
1000 0.314161
1001 0.308566
1002 0.556491
1003 0.398184
1004 0.547736
1005 0.580136
1006 0.4286
1007 0.497903
1008 0.267078
1009 0.548676
1010 0.337719
1011 0.560994
1012 0.375588
1013 0.126044
1014 0.675295
1015 0.212292
1016 0.348752
1017 0.29861
1018 0.347773
1019 0.562745
1020 0.575257
1021 0.503916
1022 0.59299
1023 0.320919
1024 0.374553
1025 0.337277
1026 0.56488
1027 0.618376
1028 0.599255
1029 0.626416
1030 0.601585
1031 0.394224
1032 0.43326
1033 0.324826
1034 0.298766
1035 0.531023
1036 0.290331
1037 0.369123
1038 0.34954
1039 0.440189
1040 0.449174
1041 0.379549
1042 0.3286
1043 0.215911
1044 0.689991
1045 0.374379
1046 0.336657
1047 0.433157
1048 0.337568
1049 0.429913
1050 0.526114
1051 0.371733
1052 0.491357
1053 0.287959
1054 0.147498
1055 0.491388
1056 0.396798
1057 0.420847
1058 0.513991
1059 0.641709
1060 0.571853
1061 0.391775
1062 0.634573
1063 0.519205
1064 0.458234
1065 0.582734
1066 0.534309
1067 0.508716
1068 0.625582
1069 0.477029
1070 0.58375
1071 0.629711
1072 0.319727
1073 0.511053
1074 0.352093
1075 0.686163
1076 0.59521
1077 0.664787
1078 0.49126
1079 0.306521
1080 0.436999
1081 0.198855
1082 0.341824
1083 0.487581
1084 0.24285
1085 0.36382
1086 0.661501
1087 0.431391
1088 0.448747
1089 0.512411
1090 0.481719
1091 0.333727
1092 0.324152
1093 0.578137
1094 0.420101
1095 0.406988
1096 0.463845
1097 0.310188
1098 0.357933
1099 0.659253
1100 0.138
1101 0.357985
1102 0.376131
1103 0.655855
1104 0.377036
1105 0.420538
1106 0.364361
1107 0.398158
1108 0.384869
1109 0.378854
1110 0.516681
1111 0.444943
1112 0.413506
1113 0.4614
1114 0.352254
1115 0.369104
1116 0.52615
1117 0.3052
1118 0.323422
1119 0.0362204
1120 0.445774
1121 0.155857
1122 0.210505
1123 0.336103
1124 0.0171562
1125 0.218399
1126 0.394183
1127 0.420548
1128 0.0492682
1129 0.274197
1130 0.340708
1131 0.355486
1132 0.312732
1133 0.432078
1134 0.334696
1135 0.328198
1136 0.147694
1137 0.146193
1138 0.20256
1139 0.309014
1140 0.417014
1141 0.405421
1142 0.412796
1143 0.423117
1144 0.401718
1145 0.023382
1146 0.379694
1147 0.335245
1148 0.365942
1149 0.360002
1150 0.379521
1151 0.395493
1152 0.384467
1153 0.0299172
1154 0.413646
1155 0.355787
1156 0.426685
1157 0.345739
1158 0.624202
1159 0.401726
1160 0.248456
1161 0.451265
1162 0.364515
1163 0.0302814
1164 0.0208981
1165 0.380253
1166 0.427256
1167 0.428544
1168 0.200348
1169 0.761118
1170 0.346999
1171 0.316356
1172 0.421236
1173 0.33464
1174 0.317538
1175 0.280076
1176 0.383156
1177 0.371134
1178 0.429302
1179 0.0684318
1180 0.423018
1181 0.400077
1182 0.344338
1183 0.405847
1184 0.344514
1185 0.449218
1186 0.366002
1187 0.378778
1188 0.429805
1189 0.231669
1190 0.188199
1191 0.481469
1192 0.043017
1193 0.455154
1194 0.59405
1195 0.360588
1196 0.388833
1197 0.376028
1198 0.384983
1199 0.285337
1200 0.525993
1201 0.26627
1202 0.400039
1203 0.436605
1204 0.568292
1205 0.424896
1206 0.452817
1207 0.450606
1208 0.304811
1209 0.50648
1210 0.520331
1211 0.508582
1212 0.511102
1213 0.559248
1214 0.389119
1215 0.37833
1216 0.0516512
1217 0.368045
1218 0.40214
1219 0.363177
1220 0.324023
1221 0.452298
1222 0.37333
1223 0.365854
1224 0.371551
1225 0.412605
1226 0.429633
1227 0.294166
1228 0.411772
1229 0.320576
1230 0.448439
1231 0.399266
1232 0.315803
1233 0.476058
1234 0.372405
1235 0.380233
1236 0.295514
1237 0.214418
1238 0.464844
1239 0.387083
1240 0.426942
1241 0.415323
1242 0.404468
1243 0.391097
1244 0.431791
1245 0.389058
1246 0.256877
1247 0.419076
1248 0.177211
1249 0.318637
1250 0.476638
1251 0.385949
1252 0.738245
1253 0.404341
1254 0.368132
1255 0.4531
1256 0.380389
1257 0.294449
1258 0.353727
1259 0.400071
1260 0.483047
1261 0.528155
1262 0.560544
1263 0.442278
1264 0.264433
1265 0.250069
1266 0.468488
1267 0.432717
1268 0.463255
1269 0.404349
1270 0.520565
1271 0.588651
1272 0.592891
1273 0.461792
1274 0.415202
1275 0.560908
1276 0.392574
1277 0.348043
1278 0.569053
1279 0.464676
1280 0.434256
1281 0.020485
1282 0.338344
1283 0.641296
1284 0.349458
1285 0.461567
1286 0.368549
1287 0.587722
1288 0.425541
1289 0.337294
1290 0.606799
1291 0.350078
1292 0.641699
1293 0.0351409
1294 0.472057
1295 0.432999
1296 0.4614
1297 0.361457
1298 0.452977
1299 0.425621
1300 0.0197843
1301 0.28831
1302 0.360696
1303 0.0164564
1304 0.357608
1305 0.415394
1306 0.444102
1307 0.351713
1308 0.355398
1309 0.423839
1310 0.38739
1311 0.487268
1312 0.468238
1313 0.273415
1314 0.36654
1315 0.379784
1316 0.503284
1317 0.581439
1318 0.473466
1319 0.413107
1320 0.43618
1321 0.434517
1322 0.386719
1323 0.509652
1324 0.335731
1325 0.461573
1326 0.284668
1327 0.374045
1328 0.320996
1329 0.439647
1330 0.384612
1331 0.380098
1332 0.428404
1333 0.415648
1334 0.477086
1335 0.314115
1336 0.344662
1337 0.436637
1338 0.334133
1339 0.299056
1340 0.461887
1341 0.320295
1342 0.370993
1343 0.328319
1344 0.351935
1345 0.396454
1346 0.332056
1347 0.42968
1348 0.274242
1349 0.320972
1350 0.364682
1351 0.501915
1352 0.305105
1353 0.347239
1354 0.262423
1355 0.289815
1356 0.348501
1357 0.376326
1358 0.425784
1359 0.461426
1360 0.432683
1361 0.391967
1362 0.396007
1363 0.369871
1364 0.455218
1365 0.33443
1366 0.0654728
1367 0.396477
1368 0.516273
1369 0.4772
1370 0.511782
1371 0.363726
1372 0.434509
1373 0.0419347
1374 0.646233
1375 0.362415
1376 0.0257054
1377 0.400407
1378 0.351872
1379 0.288325
1380 0.529154
1381 0.371524
1382 0.379389
1383 0.182599
1384 0.396425
1385 0.38465
1386 0.502465
1387 0.56521
1388 0.29607
1389 0.371779
1390 0.376139
1391 0.427683
1392 0.400794
1393 0.493155
1394 0.480735
1395 0.45863
1396 0.424163
1397 0.455127
1398 0.385749
1399 0.429434
1400 0.440392
1401 0.351982
1402 0.395504
1403 0.39677
1404 0.612968
1405 0.383534
1406 0.41346
1407 0.456209
1408 0.378829
1409 0.612124
1410 0.273384
1411 0.253608
1412 0.357292
1413 0.268917
1414 0.48224
1415 0.399612
1416 0.696875
1417 0.415688
1418 0.380417
1419 0.375801
1420 0.033836
1421 0.333094
1422 0.407794
1423 0.401225
1424 0.440151
1425 0.179658
1426 0.293557
1427 0.408852
1428 0.457014
1429 0.345133
1430 0.338091
1431 0.424507
1432 0.358312
1433 0.0390103
1434 0.350182
1435 0.389969
1436 0.427002
1437 0.392524
1438 0.46562
1439 0.23706
1440 0.853713
1441 0.492346
1442 0.398042
1443 0.392099
1444 0.72252
1445 0.316362
1446 0.331236
1447 0.413038
1448 0.499495
1449 0.320653
1450 0.402754
1451 0.389851
1452 0.391868
1453 0.372932
1454 0.0346867
1455 0.0380481
1456 0.415324
1457 0.353487
1458 0.309463
1459 0.493061
1460 0.49659
1461 0.859941
1462 0.181393
1463 0.404166
1464 0.441203
1465 0.38341
1466 0.431259
1467 0.372251
1468 0.360691
1469 0.226247
1470 0.581092
1471 0.379353
1472 0.365641
1473 0.299303
1474 0.0214069
1475 0.0796167
1476 0.166837
1477 0.43897
1478 0.478358
1479 0.342107
1480 0.395934
1481 0.311073
1482 0.399443
1483 0.341796
1484 0.380384
1485 0.276751
1486 0.402054
1487 0.395508
1488 0.0285046
1489 0.438504
1490 0.381087
1491 0.695628
1492 0.399005
1493 0.371069
1494 0.40201
1495 0.415207
1496 0.794864
1497 0.557173
1498 0.519383
1499 0.432349
1500 0.465625
1501 0.542036
1502 0.41904
1503 0.632756
1504 0.637313
1505 0.623483
1506 0.486463
1507 0.176916
1508 0.162367
1509 0.549078
1510 0.0407053
1511 0.391205
1512 0.372784
1513 0.458675
1514 0.423149
1515 0.572661
1516 0.586674
1517 0.47658
1518 0.56999
1519 0.305774
1520 0.476882
1521 0.468001
1522 0.399298
1523 0.648477
1524 0.454108
1525 0.475183
1526 0.504915
1527 0.451237
1528 0.410107
1529 0.447039
1530 0.459528
1531 0.467188
1532 0.356818
1533 0.435231
1534 0.553836
1535 0.461007
1536 0.487152
1537 0.209919
1538 0.436008
1539 0.521746
1540 0.374079
1541 0.416101
1542 0.363958
1543 0.437052
1544 0.279667
1545 0.515833
1546 0.522705
1547 0.313569
1548 0.174067
1549 0.470609
1550 0.350464
1551 0.372688
1552 0.602938
1553 0.437917
1554 0.377759
1555 0.213417
1556 0.472672
1557 0.428397
1558 0.589833
1559 0.479102
1560 0.270408
1561 0.590741
1562 0.620116
1563 0.326119
1564 0.435662
1565 0.467066
1566 0.355838
1567 0.405279
1568 0.395763
1569 0.715674
1570 0.484833
1571 0.419944
1572 0.308578
1573 0.615935
1574 0.303793
1575 0.40107
1576 0.480843
1577 0.377459
1578 0.503372
1579 0.456389
1580 0.35289
1581 0.032525
1582 0.333439
1583 0.508586
1584 0.626006
1585 0.747783
1586 0.435835
1587 0.407057
1588 0.254987
1589 0.363914
1590 0.366409
1591 0.333837
1592 0.796182
1593 0.0340977
1594 0.0380437
1595 0.472052
1596 0.327223
1597 0.358782
1598 0.279344
1599 0.391203
1600 0.394875
1601 0.47879
1602 0.343267
1603 0.470517
1604 0.185478
1605 0.465112
1606 0.898585
1607 0.17109
1608 0.392809
1609 0.334893
1610 0.149395
1611 0.382025
1612 0.438138
1613 0.369717
1614 0.396476
1615 0.506538
1616 0.377519
1617 0.498434
1618 0.46538
1619 0.214203
1620 0.0510951
1621 0.38999
1622 0.0345169
1623 0.863091
1624 0.562175
1625 0.747851
1626 0.359366
1627 0.392684
1628 0.436412
1629 0.384744
1630 0.4741
1631 0.376019
1632 0.398401
1633 0.314524
1634 0.430758
1635 0.370785
1636 0.490524
1637 0.373567
1638 0.288273
1639 0.358653
1640 0.327283
1641 0.249739
1642 0.395641
1643 0.329111
1644 0.22047
1645 0.409012
1646 0.387262
1647 0.160086
1648 0.325139
1649 0.474634
1650 0.451908
1651 0.392506
1652 0.401997
1653 0.7417
1654 0.549297
1655 0.209178
1656 0.134399
1657 0.381005
1658 0.654706
1659 0.256751
1660 0.393422
1661 0.258048
1662 0.430239
1663 0.607717
1664 0.364369
1665 0.239582
1666 0.391971
1667 0.538096
1668 0.685237
1669 0.477529
1670 0.383741
1671 0.395278
1672 0.39301
1673 0.417501
1674 0.464398
1675 0.402813
1676 0.401862
1677 0.226896
1678 0.389502
1679 0.374282
1680 0.422169
1681 0.0356968
1682 0.379338
1683 0.378253
1684 0.427819
1685 0.153557
1686 0.266533
1687 0.361678
1688 0.475351
1689 0.327343
1690 0.231976
1691 0.416604
1692 0.0410865
1693 0.572982
1694 0.449178
1695 0.41941
1696 0.359303
1697 0.34115
1698 0.467048
1699 0.393051
1700 0.449964
1701 0.363669
1702 0.376805
1703 0.405036
1704 0.336774
1705 0.316456
1706 0.357234
1707 0.294921
1708 0.400228
1709 0.328267
1710 0.247957
1711 0.608804
1712 0.320038
1713 0.491001
1714 0.21463
1715 0.278753
1716 0.460358
1717 0.406338
1718 0.45892
1719 0.353657
1720 0.383769
1721 0.43741
1722 0.328945
1723 0.390286
1724 0.391904
1725 0.553376
1726 0.250256
1727 0.232616
1728 0.453903
1729 0.357562
1730 0.387782
1731 0.222341
1732 0.337126
1733 0.36398
1734 0.323154
1735 0.663301
1736 0.68363
1737 0.032503
1738 0.411869
1739 0.360861
1740 0.362294
1741 0.434849
1742 0.674807
1743 0.666828
1744 0.753049
1745 0.464532
1746 0.397073
1747 0.347801
1748 0.398102
1749 0.201708
1750 0.286722
1751 0.653336
1752 0.201415
1753 0.246805
1754 0.391924
1755 0.393578
1756 0.344266
1757 0.328218
1758 0.218611
1759 0.320452
1760 0.400051
1761 0.347469
1762 0.253188
1763 0.433059
1764 0.479362
1765 0.40807
1766 0.319916
1767 0.492838
1768 0.392031
1769 0.0392996
1770 0.308442
1771 0.254048
1772 0.42212
1773 0.391781
1774 0.337847
1775 0.260829
1776 0.450737
1777 0.383686
1778 0.727208
1779 0.793075
1780 0.473789
1781 0.355649
1782 0.459693
1783 0.445796
1784 0.463136
1785 0.341822
1786 0.965483
1787 0.364541
1788 0.405048
1789 0.419795
1790 0.423659
1791 0.41566
1792 0.347242
1793 0.480256
1794 0.478168
1795 0.488349
1796 0.370567
1797 0.776976
1798 0.489124
1799 0.391155
1800 0.458658
1801 0.471781
1802 0.401616
1803 0.318012
1804 0.60854
1805 0.266065
1806 0.171508
1807 0.489852
1808 0.46599
1809 0.331654
1810 0.692576
1811 0.408644
1812 0.409446
1813 0.480204
1814 0.442356
1815 0.459035
1816 0.515323
1817 0.453775
1818 0.40566
1819 0.370948
1820 0.0440813
1821 0.220068
1822 0.635439
1823 0.524256
1824 0.403192
1825 0.202307
1826 0.310113
1827 0.433672
1828 0.486371
1829 0.416946
1830 0.514421
1831 0.477793
1832 0.40384
1833 0.368988
1834 0.413173
1835 0.47021
1836 0.471084
1837 0.482062
1838 0.377889
1839 0.381372
1840 0.466137
1841 0.352633
1842 0.419709
1843 0.759424
1844 0.444401
1845 0.359506
1846 0.310856
1847 0.037241
1848 0.416283
1849 0.533391
1850 0.372394
1851 0.39263
1852 0.339072
1853 0.390935
1854 0.26367
1855 0.195181
1856 0.423276
1857 0.320527
1858 0.384798
1859 0.458343
1860 0.29385
1861 0.0396578
1862 0.0634906
1863 0.0407482
1864 0.0336495
1865 0.76656
1866 0.0370982
1867 0.392159
1868 0.0437152
1869 0.0948427
1870 0.372463
1871 0.416189
1872 0.332653
1873 0.0351293
1874 0.438861
1875 0.681503
1876 0.756565
1877 0.401252
1878 0.485473
1879 0.382905
1880 0.427324
1881 0.460728
1882 0.38809
1883 0.188629
1884 0.351058
1885 0.39014
1886 0.203275
1887 0.38713
1888 0.413014
1889 0.140064
1890 0.76211
1891 0.186049
1892 0.0341597
1893 0.354171
1894 0.852937
1895 0.403209
1896 0.0438279
1897 0.207195
1898 0.255563
1899 0.432462
1900 0.184868
1901 0.300522
1902 0.425403
1903 0.28845
1904 0.375242
1905 0.386276
1906 0.497296
1907 0.34048
1908 0.373886
1909 0.621221
1910 0.161044
1911 0.466372
1912 0.389346
1913 0.441413
1914 0.325694
1915 0.45465
1916 0.636987
1917 0.417858
1918 0.494642
1919 0.475445
1920 0.425805
1921 0.371039
1922 0.166316
1923 0.516604
1924 0.325868
1925 0.528895
1926 0.424501
1927 0.0284411
1928 0.335514
1929 0.354453
1930 0.49712
1931 0.383782
1932 0.263241
1933 0.280553
1934 0.287388
1935 0.306939
1936 0.700607
1937 0.214339
1938 0.16839
1939 0.425331
1940 0.718437
1941 0.366076
1942 0.175668
1943 0.54503
1944 0.776718
1945 0.421584
1946 0.403207
1947 0.353262
1948 0.443264
1949 0.312189
1950 0.147744
1951 0.157959
1952 0.478143
1953 0.414062
1954 0.292182
1955 0.347441
1956 0.529285
1957 0.466989
1958 0.23992
1959 0.31695
1960 0.363276
1961 0.417214
1962 0.416725
1963 0.432084
1964 0.803917
1965 0.0303961
1966 0.424359
1967 0.455396
1968 0.781268
1969 0.44668
1970 0.257948
1971 0.408157
1972 0.302514
1973 0.344933
1974 0.359725
1975 0.482617
1976 0.458916
1977 0.45754
1978 0.380721
1979 0.432331
1980 0.305316
1981 0.232649
1982 0.446321
1983 0.36806
1984 0.061273
1985 0.246491
1986 0.155835
1987 0.338362
1988 0.358928
1989 0.0328742
1990 0.360459
1991 0.337685
1992 0.389367
1993 0.383973
1994 0.355698
1995 0.469679
1996 0.469621
1997 0.421228
1998 0.365778
1999 0.0324122
2000 0.342355
2001 0.298649
2002 0.42411
2003 0.465408
2004 0.370942
2005 0.437005
2006 0.0392235
2007 0.677598
2008 0.63925
2009 0.67138
2010 0.712777
2011 0.408209
2012 0.534674
2013 0.435963
2014 0.450562
2015 0.356611
2016 0.382436
2017 0.329377
2018 0.237586
2019 0.265906
2020 0.433289
2021 0.532425
2022 0.370721
2023 0.411187
2024 0.0425301
2025 0.372148
2026 0.372015
2027 0.370691
2028 0.68264
2029 0.39633
2030 0.421201
2031 0.375181
2032 0.850335
2033 0.870496
2034 0.453293
2035 0.372929
2036 0.362195
2037 0.392612
2038 0.43068
2039 0.369596
2040 0.379338
2041 0.357341
2042 0.255989
2043 0.414804
2044 0.403773
2045 0.339668
2046 0.20861
2047 0.426522
2048 0.472998
2049 0.430003
2050 0.325741
2051 0.306333
2052 0.245401
2053 0.689266
2054 0.788506
2055 0.765361
2056 0.406594
2057 0.320513
2058 0.353557
2059 0.783861
2060 0.378177
2061 0.34874
2062 0.481964
2063 0.272594
2064 0.263994
2065 0.256908
2066 0.380108
2067 0.450554
2068 0.28419
2069 0.76164
2070 0.304287
2071 0.0350311
2072 0.150648
2073 0.406436
2074 0.423804
2075 0.296234
2076 0.341411
2077 0.326947
2078 0.384183
2079 0.358044
2080 0.349055
2081 0.394236
2082 0.417762
2083 0.222416
2084 0.259411
2085 0.421881
2086 0.442246
2087 0.404672
2088 0.334334
2089 0.355011
2090 0.304993
2091 0.364084
2092 0.451335
2093 0.358152
2094 0.338588
2095 0.204219
2096 0.34662
2097 0.796144
2098 0.382605
2099 0.467965
2100 0.405797
2101 0.233895
2102 0.252074
2103 0.226899
2104 0.328514
2105 0.375139
2106 0.416429
2107 0.0341909
2108 0.334659
2109 0.304065
2110 0.742854
2111 0.283901
2112 0.266921
2113 0.154493
2114 0.392444
2115 0.146979
2116 0.452774
2117 0.416951
2118 0.362265
2119 0.374553
2120 0.437817
2121 0.745677
2122 0.433767
2123 0.0670235
2124 0.138849
2125 0.381453
2126 0.473935
2127 0.0349426
2128 0.393879
2129 0.16083
2130 0.332204
2131 0.162236
2132 0.220797
2133 0.337759
2134 0.473206
2135 0.351553
2136 0.340874
2137 0.326107
2138 0.876514
2139 0.327695
2140 0.0413747
2141 0.767979
2142 0.501489
2143 0.37409
2144 0.665
2145 0.514294
2146 0.0342741
2147 0.703411
2148 0.028981
2149 0.382129
2150 0.589888
2151 0.18697
2152 0.573443
2153 0.0343934
2154 0.322021
2155 0.302639
2156 0.432205
2157 0.531801
2158 0.544973
2159 0.542035
2160 0.54412
2161 0.538015
2162 0.569199
2163 0.51978
2164 0.533326
2165 0.553981
2166 0.518121
2167 0.552593
2168 0.562352
2169 0.57521
2170 0.542098
2171 0.505142
2172 0.510022
2173 0.602873
2174 0.633584
2175 0.583982
2176 0.476117
2177 0.500396
2178 0.529822
2179 0.493698
2180 0.504547
2181 0.509338
2182 0.581646
2183 0.585605
2184 0.586969
2185 0.388802
2186 0.484798
2187 0.559629
2188 0.650146
2189 0.533962
2190 0.533632
2191 0.514882
2192 0.571274
2193 0.603962
2194 0.528475
2195 0.525695
2196 0.241241
2197 0.235563
2198 0.525821
2199 0.484372
2200 0.718071
2201 0.544098
2202 0.171162
2203 0.426692
2204 0.545012
2205 0.573167
2206 0.556601
2207 0.529437
2208 0.57619
2209 0.515423
2210 0.586001
2211 0.50678
2212 0.355807
2213 0.321405
2214 0.38188
2215 0.602897
2216 0.427915
2217 0.287683
2218 0.345911
2219 0.317676
2220 0.3442
2221 0.332663
2222 0.523011
2223 0.171646
2224 0.353287
2225 0.380761
2226 0.696182
2227 0.380495
2228 0.319978
2229 0.207322
2230 0.4616
2231 0.355976
2232 0.535547
2233 0.28857
2234 0.476215
2235 0.540469
2236 0.461662
2237 0.30158
2238 0.474839
2239 0.491654
2240 0.275152
2241 0.551773
2242 0.554499
2243 0.510992
2244 0.543339
2245 0.266594
2246 0.470054
2247 0.365853
2248 0.376926
2249 0.677936
2250 0.500372
2251 0.292654
2252 0.501256
2253 0.214204
2254 0.601259
2255 0.340543
2256 0.294595
2257 0.295742
2258 0.282292
2259 0.533218
2260 0.434851
2261 0.307928
2262 0.362364
2263 0.389179
2264 0.386362
2265 0.423233
2266 0.761474
2267 0.334758
2268 0.744518
2269 0.460044
2270 0.392014
2271 0.350735
2272 0.321644
2273 0.312469
2274 0.354582
2275 0.409005
2276 0.325466
2277 0.354888
2278 0.395098
2279 0.41339
2280 0.317507
2281 0.325419
2282 0.383077
2283 0.435139
2284 0.494645
2285 0.880785
2286 0.304039
2287 0.399825
2288 0.357505
2289 0.445109
2290 0.390334
2291 0.858713
2292 0.157238
2293 0.471971
2294 0.44454
2295 0.44151
2296 0.366899
2297 0.343666
2298 0.431917
2299 0.433457
2300 0.572524
2301 0.56616
2302 0.555597
2303 0.176331
2304 0.317768
2305 0.31217
2306 0.321953
2307 0.461896
2308 0.423527
2309 0.421013
2310 0.236588
2311 0.395687
2312 0.438424
2313 0.335768
2314 0.579046
2315 0.327649
2316 0.339921
2317 0.393006
2318 0.412911
2319 0.241666
2320 0.626896
2321 0.501016
2322 0.454981
2323 0.479422
2324 0.513086
2325 0.4583
2326 0.441732
2327 0.525907
2328 0.531873
2329 0.139764
2330 0.445826
2331 0.501685
2332 0.51892
2333 0.520772
2334 0.517835
2335 0.515854
2336 0.480809
2337 0.429745
2338 0.520048
2339 0.522355
2340 0.501314
2341 0.435598
2342 0.515545
2343 0.4575
2344 0.539574
2345 0.526179
2346 0.234246
2347 0.58723
2348 0.409233
2349 0.587843
2350 0.426958
2351 0.493973
2352 0.467362
2353 0.51295
2354 0.618396
2355 0.405841
2356 0.536399
2357 0.399309
2358 0.425149
2359 0.373028
2360 0.541042
2361 0.619158
2362 0.332782
2363 0.3504
2364 0.395797
2365 0.432038
2366 0.342722
2367 0.390548
2368 0.306045
2369 0.944769
2370 0.395176
2371 0.339138
2372 0.503796
2373 0.476574
2374 0.439923
2375 0.376304
2376 0.459789
2377 0.418488
2378 0.413541
2379 0.403955
2380 0.306853
2381 0.451941
2382 0.327482
2383 0.338401
2384 0.403621
2385 0.210108
2386 0.353233
2387 0.546471
2388 0.363256
2389 0.338249
2390 0.465203
2391 0.720007
2392 0.664733
2393 0.611911
2394 0.646321
2395 0.707248
2396 0.315659
2397 0.299102
2398 0.367814
2399 0.362339
2400 0.190243
2401 0.398145
2402 0.382271
2403 0.343541
2404 0.694168
2405 0.408969
2406 0.445275
2407 0.382386
2408 0.336125
2409 0.413081
2410 0.561229
2411 0.689822
2412 0.486347
2413 0.521528
2414 0.511182
2415 0.513088
2416 0.169695
2417 0.490705
2418 0.419522
2419 0.545567
2420 0.415373
2421 0.464825
2422 0.531219
2423 0.509933
2424 0.443915
2425 0.50924
2426 0.525907
2427 0.48697
2428 0.574214
2429 0.478103
2430 0.4192
2431 0.422784
2432 0.540115
2433 0.489517
2434 0.369461
2435 0.389287
2436 0.441614
2437 0.517572
2438 0.593222
2439 0.356665
2440 0.621945
2441 0.816097
2442 0.287827
2443 0.376187
2444 0.449893
2445 0.490178
2446 0.426807
2447 0.415787
2448 0.158326
2449 0.406687
2450 0.315046
2451 0.416912
2452 0.446215
2453 0.413407
2454 0.703164
2455 0.328026
2456 0.851443
2457 0.601345
2458 0.959911
2459 0.541406
2460 0.419729
2461 0.372778
2462 0.403747
2463 0.330877
2464 0.355075
2465 0.486467
2466 0.382995
2467 0.372963
2468 0.480317
2469 0.618835
2470 0.375112
2471 0.812739
2472 0.612054
2473 0.382191
2474 0.538664
2475 0.429907
2476 0.275804
2477 0.0743511
2478 0.451436
2479 0.378041
2480 0.561433
2481 0.336143
2482 0.34504
2483 0.411444
2484 0.346181
2485 0.52558
2486 0.248503
2487 0.595376
2488 0.373238
2489 0.493594
2490 0.683167
2491 0.551378
2492 0.519279
2493 0.572073
2494 0.298921
2495 0.456232
2496 0.751978
2497 0.286026
2498 0.351166
2499 0.290491
2500 0.267893
2501 0.317378
2502 0.369843
2503 0.414762
2504 0.383384
2505 0.459407
2506 0.338414
2507 0.295693
2508 0.328166
2509 0.470037
2510 0.465274
2511 0.158265
2512 0.334367
2513 0.578196
2514 0.371594
2515 0.529086
2516 0.391714
2517 0.461591
2518 0.538046
2519 0.648341
2520 0.436407
2521 0.294371
2522 0.264993
2523 0.414063
2524 0.312299
2525 0.650824
2526 0.473893
2527 0.327302
2528 0.320978
2529 0.289043
2530 0.387799
2531 0.337938
2532 0.410207
2533 0.309798
2534 0.389489
2535 0.348325
2536 0.336531
2537 0.452826
2538 0.602891
2539 0.395907
2540 0.422467
2541 0.849276
2542 0.398499
2543 0.337646
2544 0.46487
2545 0.408426
2546 0.44697
2547 0.539333
2548 0.463764
2549 0.424111
2550 0.397425
2551 0.372787
2552 0.453949
2553 0.455135
2554 0.568543
2555 0.381984
2556 0.433054
2557 0.364186
2558 0.441373
2559 0.443919
2560 0.392688
2561 0.340036
2562 0.406082
2563 0.388202
2564 0.282706
2565 0.553114
2566 0.399196
2567 0.377868
2568 0.40979
2569 0.764891
2570 0.365749
2571 0.338841
2572 0.436037
2573 0.379784
2574 0.323532
2575 0.333277
2576 0.414094
2577 0.548363
2578 0.606429
2579 0.370918
2580 0.463877
2581 0.267382
2582 0.278056
2583 0.584084
2584 0.463265
2585 0.357697
2586 0.196723
2587 0.426216
2588 0.362405
2589 0.593582
2590 0.723762
2591 0.527356
2592 0.27559
2593 0.426513
2594 0.54494
2595 0.726603
2596 0.613564
2597 0.566648
2598 0.59964
2599 0.58358
2600 0.606824
2601 0.143377
2602 0.477199
2603 0.343151
2604 0.257201
2605 0.410196
2606 0.154379
2607 0.483875
2608 0.488202
2609 0.557523
2610 0.803548
2611 0.538131
2612 0.318502
2613 0.331189
2614 0.388311
2615 0.225099
2616 0.330489
2617 0.379504
2618 0.309317
2619 0.398499
2620 0.568834
2621 0.831854
2622 0.676913
2623 0.392952
2624 0.57968
2625 0.41452
2626 0.40005
2627 0.534012
2628 0.525496
2629 0.616656
2630 0.527173
2631 0.585723
2632 0.520979
2633 0.453555
2634 0.47981
2635 0.439175
2636 0.374203
2637 0.235386
2638 0.291035
2639 0.447574
2640 0.481672
2641 0.379511
2642 0.299259
2643 0.468833
2644 0.508794
2645 0.704382
2646 0.472835
2647 0.416614
2648 0.440524
2649 0.309823
2650 0.338744
2651 0.353028
2652 0.467991
2653 0.428262
2654 0.641729
2655 0.371294
2656 0.33815
2657 0.193776
2658 0.444947
2659 0.230015
2660 0.59321
2661 0.803768
2662 0.454873
2663 0.826979
2664 0.370978
2665 0.724835
2666 0.316909
2667 0.348903
2668 0.337529
2669 0.583405
2670 0.323546
2671 0.331808
2672 0.368835
2673 0.353425
2674 0.406738
2675 0.705797
2676 0.381244
2677 0.419166
2678 0.857418
2679 0.434328
2680 0.208866
2681 0.339842
2682 0.461218
2683 0.61222
2684 0.512238
2685 0.125964
2686 0.419188
2687 0.454055
2688 0.526937
2689 0.420003
2690 0.426302
2691 0.84242
2692 0.399358
2693 0.835554
2694 0.297215
2695 0.123567
2696 0.430449
2697 0.389998
2698 0.610944
2699 0.740916
2700 0.391231
2701 0.394189
2702 0.448976
2703 0.678958
2704 0.397486
2705 0.865087
2706 0.28885
2707 0.106023
2708 0.31586
2709 0.361568
2710 0.339914
2711 0.252196
2712 0.306381
2713 0.39206
2714 0.354626
2715 0.34333
2716 0.374828
2717 0.375004
2718 0.343962
2719 0.289241
2720 0.272066
2721 0.324149
2722 0.375838
2723 0.230886
2724 0.347683
2725 0.384092
2726 0.339026
2727 0.415816
2728 0.373394
2729 0.311688
2730 0.478084
2731 0.368233
2732 0.355785
2733 0.412783
2734 0.349167
2735 0.84163
2736 0.16885
2737 0.36852
2738 0.28687
2739 0.389114
2740 0.27925
2741 0.362194
2742 0.396025
2743 0.281908
2744 0.302805
2745 0.297635
2746 0.164852
2747 0.556576
2748 0.620643
2749 0.337453
2750 0.393959
2751 0.493743
2752 0.230619
2753 0.370353
2754 0.582981
2755 0.384487
2756 0.207049
2757 0.348084
2758 0.308617
2759 0.657445
2760 0.431336
2761 0.25225
2762 0.227142
2763 0.354022
2764 0.46911
2765 0.121277
2766 0.336433
2767 0.312261
2768 0.0897146
2769 0.308558
2770 0.326624
2771 0.385998
2772 0.363859
2773 0.440267
2774 0.374152
2775 0.309425
2776 0.471382
2777 0.272162
2778 0.396201
2779 0.725644
2780 0.221519
2781 0.365041
2782 0.493812
2783 0.302887
2784 0.316842
2785 0.384916
2786 0.407807
2787 0.493304
2788 0.382076
2789 0.398887
2790 0.306169
2791 0.368821
2792 0.432534
2793 0.395387
2794 0.352444
2795 0.471613
2796 0.453416
2797 0.404389
2798 0.513455
2799 0.416408
2800 0.436136
2801 0.450485
2802 0.515964
2803 0.409466
2804 0.442629
2805 0.737794
2806 0.476064
2807 0.403178
2808 0.68698
2809 0.359796
2810 0.389201
2811 0.408226
2812 0.377336
2813 0.407637
2814 0.412658
2815 0.716171
2816 0.446191
2817 0.41076
2818 0.435284
2819 0.697793
2820 0.591272
2821 0.585826
2822 0.539349
2823 0.493281
2824 0.272772
2825 0.525936
2826 0.463698
2827 0.517018
2828 0.568571
2829 0.282593
2830 0.61764
2831 0.750277
2832 0.927563
2833 0.458415
2834 0.319892
2835 0.82423
2836 0.36215
2837 0.668131
2838 0.691575
2839 0.656004
2840 0.803513
2841 0.383856
2842 0.68425
2843 0.395274
2844 0.539703
2845 0.396103
2846 0.407311
2847 0.400466
2848 0.552277
2849 0.678298
2850 0.258765
2851 0.349958
2852 0.313269
2853 0.292297
2854 0.609326
2855 0.382294
2856 0.385131
2857 0.695561
2858 0.294101
2859 0.817019
2860 0.388851
2861 0.35396
2862 0.385262
2863 0.251373
2864 0.411973
2865 0.182782
2866 0.343358
2867 0.326099
2868 0.356692
2869 0.357765
2870 0.389622
2871 0.365684
2872 0.371939
2873 0.37568
2874 0.622728
2875 0.430454
2876 0.669966
2877 0.590732
2878 0.58421
2879 0.566297
2880 0.393426
2881 0.433129
2882 0.330254
2883 0.233537
2884 0.326893
2885 0.512557
2886 0.221152
2887 0.719784
2888 0.369894
2889 0.599956
2890 0.534388
2891 0.375055
2892 0.394401
2893 0.678721
2894 0.259611
2895 0.67127
2896 0.686268
2897 0.654322
2898 0.722555
2899 0.298736
2900 0.541557
2901 0.392635
2902 0.307643
2903 0.332542
2904 0.371194
2905 0.295903
2906 0.34158
2907 0.356806
2908 0.353116
2909 0.461121
2910 0.385586
2911 0.35153
2912 0.410053
2913 0.397518
2914 0.716072
2915 0.306278
2916 0.475859
2917 0.363123
2918 0.240366
2919 0.618134
2920 0.709723
2921 0.382185
2922 0.306412
2923 0.449949
2924 0.657644
2925 0.433224
2926 0.452192
2927 0.341997
2928 0.644805
2929 0.571739
2930 0.602468
2931 0.404359
2932 0.412932
2933 0.214617
2934 0.320336
2935 0.235384
2936 0.389695
2937 0.414695
2938 0.544427
2939 0.555475
2940 0.559288
2941 0.384226
2942 0.834057
2943 0.373859
2944 0.395361
2945 0.119432
2946 0.357786
2947 0.390425
2948 0.607067
2949 0.480052
2950 0.365078
2951 0.383295
2952 0.377228
2953 0.410041
2954 0.512235
2955 0.653681
2956 0.382939
2957 0.814426
2958 0.367148
2959 0.334108
2960 0.426061
2961 0.337398
2962 0.328294
2963 0.338982
2964 0.35815
2965 0.784484
2966 0.790081
2967 0.321842
2968 0.636109
2969 0.359267
2970 0.586552
2971 0.26751
2972 0.722704
2973 0.805853
2974 0.352472
2975 0.397565
2976 0.550088
2977 0.440774
2978 0.538561
2979 0.374904
2980 0.337182
2981 0.316949
2982 0.676831
2983 0.357621
2984 0.324883
2985 0.347984
2986 0.467629
2987 0.377155
2988 0.342891
2989 0.442263
2990 0.360481
2991 0.353507
2992 0.401767
2993 0.396098
2994 0.372965
2995 0.287947
2996 0.430126
2997 0.3466
2998 0.910079
2999 0.359604
3000 0.477669
3001 0.532362
3002 0.306427
3003 0.72568
3004 0.322738
3005 0.215806
3006 0.379722
3007 0.332805
3008 0.465116
3009 0.526595
3010 0.233007
3011 0.349161
3012 0.522364
3013 0.520975
3014 0.393408
3015 0.645022
3016 0.298661
3017 0.280438
3018 0.402923
3019 0.259822
3020 0.361787
3021 0.420575
3022 0.35234
3023 0.237278
3024 0.648687
3025 0.27971
3026 0.328468
3027 0.397006
3028 0.453598
3029 0.360135
3030 0.137573
3031 0.293176
3032 0.30859
3033 0.633977
3034 0.449453
3035 0.499418
3036 0.577157
3037 0.51661
3038 0.335337
3039 0.484444
3040 0.6236
3041 0.369243
3042 0.464791
3043 0.837266
3044 0.350339
3045 0.326178
3046 0.280777
3047 0.36542
3048 0.330895
3049 0.400181
3050 0.318807
3051 0.336685
3052 0.444701
3053 0.360459
3054 0.241704
3055 0.360481
3056 0.397067
3057 0.737868
3058 0.389112
3059 0.556582
3060 0.646655
3061 0.341089
3062 0.495693
3063 0.326018
3064 0.347447
3065 0.580379
3066 0.531471
3067 0.544625
3068 0.464941
3069 0.452667
3070 0.509905
3071 0.59169
3072 0.456511
3073 0.522327
3074 0.5783
3075 0.554775
3076 0.582537
3077 0.435369
3078 0.444896
3079 0.557391
3080 0.426308
3081 0.469563
3082 0.636443
3083 0.575381
3084 0.362173
3085 0.394925
3086 0.222914
3087 0.489328
3088 0.318554
3089 0.454855
3090 0.269
3091 0.386881
3092 0.421765
3093 0.438682
3094 0.274681
3095 0.447796
3096 0.521131
3097 0.138761
3098 0.579087
3099 0.147929
3100 0.521777
3101 0.38409
3102 0.459596
3103 0.741699
3104 0.366305
3105 0.508369
3106 0.578454
3107 0.336427
3108 0.457392
3109 0.244041
3110 0.506504
3111 0.290021
3112 0.651548
3113 0.745559
3114 0.765589
3115 0.733546
3116 0.415037
3117 0.322583
3118 0.427885
3119 0.38492
3120 0.515243
3121 0.396586
3122 0.401028
3123 0.689162
3124 0.303708
3125 0.326146
3126 0.318313
3127 0.708446
3128 0.393528
3129 0.238026
3130 0.448296
3131 0.373789
3132 0.236995
3133 0.576602
3134 0.338271
3135 0.411173
3136 0.465952
3137 0.465277
3138 0.662639
3139 0.310835
3140 0.339328
3141 0.387328
3142 0.443011
3143 0.60524
3144 0.789228
3145 0.578166
3146 0.350194
3147 0.333574
3148 0.219518
3149 0.39778
3150 0.364196
3151 0.44484
3152 0.295444
3153 0.251707
3154 0.328006
3155 0.384387
3156 0.331633
3157 0.346459
3158 0.498255
3159 0.439454
3160 0.379427
3161 0.403255
3162 0.247962
3163 0.371031
3164 0.366461
3165 0.349435
3166 0.366121
3167 0.157173
3168 0.420263
3169 0.434936
3170 0.438964
3171 0.60278
3172 0.494486
3173 0.466571
3174 0.390477
3175 0.462352
3176 0.384652
3177 0.386154
3178 0.734478
3179 0.377249
3180 0.392495
3181 0.4686
3182 0.335306
3183 0.231517
3184 0.30539
3185 0.71362
3186 0.958418
3187 0.658076
3188 0.507801
3189 0.715423
3190 0.289842
3191 0.523033
3192 0.760629
3193 0.853839
3194 0.291082
3195 0.187817
3196 0.346287
3197 0.383955
3198 0.32358
3199 0.162007
3200 0.225703
3201 0.220429
3202 0.324652
3203 0.464376
3204 0.372169
3205 0.303985
3206 0.304454
3207 0.343034
3208 0.331248
3209 0.752548
3210 0.725131
3211 0.399323
3212 0.482042
3213 0.464718
3214 0.355404
3215 0.641985
3216 0.687045
3217 0.413764
3218 0.199401
3219 0.633572
3220 0.417554
3221 0.600422
3222 0.747799
3223 0.345829
3224 0.302184
3225 0.53979
3226 0.305027
3227 0.350221
3228 0.319547
3229 0.409653
3230 0.457134
3231 0.144623
3232 0.436963
3233 0.456998
3234 0.347439
3235 0.304316
3236 0.644208
3237 0.898624
3238 0.368878
3239 0.703101
3240 0.393173
3241 0.354385
3242 0.816975
3243 0.475039
3244 0.594724
3245 0.238293
3246 0.371738
3247 0.2064
3248 0.301399
3249 0.352527
3250 0.31855
3251 0.673454
3252 0.325035
3253 0.362248
3254 0.534169
3255 0.311673
3256 0.445173
3257 0.775796
3258 0.412769
3259 0.717058
3260 0.398104
3261 0.463386
3262 0.473486
3263 0.499402
3264 0.469123
3265 0.393408
3266 0.341508
3267 0.340084
3268 0.371138
3269 0.741988
3270 0.790105
3271 0.641349
3272 0.488288
3273 0.264423
3274 0.259759
3275 0.467045
3276 0.682191
3277 0.277438
3278 0.431212
3279 0.567211
3280 0.370665
3281 0.43683
3282 0.325363
3283 0.648041
3284 0.559762
3285 0.798501
3286 0.373325
3287 0.710593
3288 0.784214
3289 0.307434
3290 0.383351
3291 0.57453
3292 0.29819
3293 0.317467
3294 0.306895
3295 0.593519
3296 0.313984
3297 0.456819
3298 0.649314
3299 0.665816
3300 0.636782
3301 0.701652
3302 0.333478
3303 0.744856
3304 0.169481
3305 0.441439
3306 0.795759
3307 0.331789
3308 0.364331
3309 0.287898
3310 0.746455
3311 0.266503
3312 0.620061
3313 0.224395
3314 0.315625
3315 0.480564
3316 0.759885
3317 0.920157
3318 0.268728
3319 0.414331
3320 0.307797
3321 0.169148
3322 0.356159
3323 0.448336
3324 0.332188
3325 0.185009
3326 0.845288
3327 0.331056
3328 0.30157
3329 0.593308
3330 0.148069
3331 0.196398
3332 0.16704
3333 0.702336
3334 0.394205
3335 0.446297
3336 0.420511
3337 0.390887
3338 0.381496
3339 0.405614
3340 0.309151
3341 0.236674
3342 0.8904
3343 0.463636
3344 0.322633
3345 0.377075
3346 0.6106
3347 0.324763
3348 0.476928
3349 0.355684
3350 0.184452
3351 0.234433
3352 0.180041
3353 0.398507
3354 0.282535
3355 0.224743
3356 0.280491
3357 0.326283
3358 0.226163
3359 0.548519
3360 0.311155
3361 0.780019
3362 0.378336
3363 0.332786
3364 0.370382
3365 0.362622
3366 0.392325
3367 0.349643
3368 0.559627
3369 0.373582
3370 0.748315
3371 0.818778
3372 0.698259
3373 0.331889
3374 0.624858
3375 0.344578
3376 0.304164
3377 0.205258
3378 0.386766
3379 0.166036
3380 0.221627
3381 0.242792
3382 0.177744
3383 0.374898
3384 0.253124
3385 0.369519
3386 0.440369
3387 0.492351
3388 0.274326
3389 0.339121
3390 0.934222
3391 0.508563
3392 0.341116
3393 0.432159
3394 0.405022
3395 0.335771
3396 0.514803
3397 0.440332
3398 0.361293
3399 0.242965
3400 0.432469
3401 0.362636
3402 0.385533
3403 0.414099
3404 0.399145
3405 0.861202
3406 0.624901
3407 0.252766
3408 0.462502
3409 0.47778
3410 0.280647
3411 0.323395
3412 0.33196
3413 0.297984
3414 0.36345
3415 0.381695
3416 0.31217
3417 0.630187
3418 0.375651
3419 0.426205
3420 0.76184
3421 0.408823
3422 0.876112
3423 0.417585
3424 0.412868
3425 0.277616
3426 0.298447
3427 0.387107
3428 0.258862
3429 0.263128
3430 0.378587
3431 0.657295
3432 0.448109
3433 0.429571
3434 0.394877
3435 0.4027
3436 0.359648
3437 0.381062
3438 0.400051
3439 0.381145
3440 0.416801
3441 0.269127
3442 0.39689
3443 0.361513
3444 0.308611
3445 0.34776
3446 0.366539
3447 0.309254
3448 0.379319
3449 0.363154
3450 0.320409
3451 0.381909
3452 0.381221
3453 0.337973
3454 0.288466
3455 0.344229
3456 0.0679822
3457 0.217361
3458 0.251136
3459 0.291031
3460 0.202168
3461 0.336341
3462 0.241312
3463 0.440027
3464 0.389992
3465 0.426588
3466 0.319478
3467 0.216123
3468 0.251222
3469 0.346196
3470 0.360561
3471 0.322306
3472 0.318476
3473 0.360717
3474 0.325425
3475 0.305072
3476 0.206445
3477 0.318657
3478 0.384476
3479 0.310668
3480 0.36905
3481 0.567806
3482 0.439301
3483 0.679063
3484 0.211033
3485 0.468355
3486 0.330707
3487 0.219648
3488 0.447393
3489 0.306699
3490 0.371759
3491 0.375589
3492 0.313752
3493 0.372008
3494 0.259583
3495 0.389534
3496 0.740517
3497 0.245429
3498 0.719646
3499 0.303335
3500 0.407884
3501 0.412711
3502 0.321087
3503 0.283116
3504 0.493334
3505 0.348327
3506 0.237049
3507 0.379152
3508 0.158806
3509 0.227696
3510 0.293839
3511 0.238295
3512 0.259173
3513 0.3683
3514 0.137333
3515 0.573181
3516 0.154401
3517 0.0192307
3518 0.0228972
3519 0.908065
3520 0.239663
3521 0.777005
3522 0.634468
3523 0.388412
3524 0.145654
3525 0.318502
3526 0.3617
3527 0.233881
3528 0.31296
3529 0.249224
3530 0.365702
3531 0.379495
3532 0.441175
3533 0.380126
3534 0.177618
3535 0.349296
3536 0.287259
3537 0.349239
3538 0.517657
3539 0.427163
3540 0.432059
3541 0.516664
3542 0.279159
3543 0.469711
3544 0.43604
3545 0.387013
3546 0.199513
3547 0.360679
3548 0.218972
3549 0.378837
3550 0.332834
3551 0.612594
3552 0.64627
3553 0.537543
3554 0.339027
3555 0.213307
3556 0.316252
3557 0.400902
3558 0.183463
3559 0.515936
3560 0.316917
3561 0.195363
3562 0.373753
3563 0.380981
3564 0.365381
3565 0.854152
3566 0.75182
3567 0.382901
3568 0.326641
3569 0.196018
3570 0.525434
3571 0.456839
3572 0.539085
3573 0.513809
3574 0.468592
3575 0.411755
3576 0.341492
3577 0.514895
3578 0.597457
3579 0.201868
3580 0.266214
3581 0.672151
3582 0.529154
3583 0.00988488
3584 0.636716
3585 0.551669
3586 0.207871
3587 0.382709
3588 0.606114
3589 0.683032
3590 0.810566
3591 0.563499
3592 0.802538
3593 0.737477
3594 0.591782
3595 0.727571
3596 0.562442
3597 0.711433
3598 0.812577
3599 0.667566
3600 0.816127
3601 0.752932
3602 0.854661
3603 0.792004
3604 0.534963
3605 0.922781
3606 0.91592
3607 0.42901
3608 0.6591
3609 0.669964
3610 0.67283
3611 0.463916
3612 0.757972
3613 0.777092
3614 0.593501
3615 0.739614
3616 0.742987
3617 0.456239
3618 0.48906
3619 0.782765
3620 0.897533
3621 0.738136
3622 0.782836
3623 0.448105
3624 0.895971
3625 0.844007
3626 0.64634
3627 0.952591
3628 0.631841
3629 0.787319
3630 0.722562
3631 0.710829
3632 0.834556
3633 0.684884
3634 0.497647
3635 0.664006
3636 0.749791
3637 0.777006
3638 0.548451
3639 0.871351
3640 0.869928
3641 0.479837
3642 0.591043
3643 0.785472
3644 0.776863
3645 0.704582
3646 0.803051
3647 0.586847
3648 0.971298
3649 0.877142
3650 0.484734
3651 0.570247
3652 0.769952
3653 0.618474
3654 0.873579
3655 0.832957
3656 0.42449
3657 0.490061
3658 0.431981
3659 0.794264
3660 0.778348
3661 0.466313
3662 0.922762
3663 0.590836
3664 0.552352
3665 0.759684
3666 0.572031
3667 0.708488
3668 0.618753
3669 0.715191
3670 0.625052
3671 0.78308
3672 0.615887
3673 0.882652
3674 0.688173
3675 0.588366
3676 0.670324
3677 0.731274
3678 0.960529
3679 0.685964
3680 0.761828
3681 0.780423
3682 0.703601
3683 0.779606
3684 0.816663
3685 0.951783
3686 0.764124
3687 0.592246
3688 0.846988
3689 0.843251
3690 0.634862
3691 0.773362
3692 0.69323
3693 0.814733
3694 0.75589
3695 0.927228
3696 0.30543
3697 0.644064
3698 0.727796
3699 0.821561
3700 0.755137
3701 0.87943
3702 0.662067
3703 0.461723
3704 0.937338
3705 0.598522
3706 0.813035
3707 0.810366
3708 0.42973
3709 0.715111
3710 0.628481
3711 0.526534
3712 0.751906
3713 0.660072
3714 0.849441
3715 0.62146
3716 0.712626
3717 0.514849
3718 0.895724
3719 0.835116
3720 0.562817
3721 0.532116
3722 0.805283
3723 0.67257
3724 0.652953
3725 0.812543
3726 0.741556
3727 0.656466
3728 0.952558
3729 0.755679
3730 0.687145
3731 0.729724
3732 0.865642
3733 0.878455
3734 0.725707
3735 0.455305
3736 0.716561
3737 0.55249
3738 0.70149
3739 0.697335
3740 0.827347
3741 0.701589
3742 0.691284
3743 0.815158
3744 0.746156
3745 0.866725
3746 0.373652
3747 0.735258
3748 0.864102
3749 0.747324
3750 0.820145
3751 0.706299
3752 0.831527
3753 0.813318
3754 0.753065
3755 0.90366
3756 0.369888
3757 0.423564
3758 0.349339
3759 0.445345
3760 0.378192
3761 0.790275
3762 0.492593
3763 0.4981
3764 0.390197
3765 0.368871
3766 0.395296
3767 0.377165
3768 0.620319
3769 0.341214
3770 0.42704
3771 0.485761
3772 0.403549
3773 0.442795
3774 0.409429
3775 0.31672
3776 0.368054
3777 0.207222
3778 0.55227
3779 0.613718
3780 0.392523
3781 0.568214
3782 0.319507
3783 0.353164
3784 0.604493
3785 0.799548
3786 0.360526
3787 0.316215
3788 0.466528
3789 0.491235
3790 0.387186
3791 0.294108
3792 0.3482
3793 0.669077
3794 0.379728
3795 0.408465
3796 0.38824
3797 0.532212
3798 0.347682
3799 0.36176
3800 0.338211
3801 0.418321
3802 0.330718
3803 0.562604
3804 0.343181
3805 0.401426
3806 0.413822
3807 0.55328
3808 0.346598
3809 0.356011
3810 0.152131
3811 0.415479
3812 0.384768
3813 0.567242
3814 0.347961
3815 0.878292
3816 0.656957
3817 0.746715
3818 0.578294
3819 0.759692
3820 0.678539
3821 0.744572
3822 0.587888
3823 0.894016
3824 0.795134
3825 0.410881
3826 0.316838
3827 0.605944
3828 0.799359
3829 0.762125
3830 0.758345
3831 0.695306
3832 0.59815
3833 0.618126
3834 0.655457
3835 0.746193
3836 0.785685
3837 0.755015
3838 0.658992
3839 0.413384
3840 0.776429
3841 0.632146
3842 0.761577
3843 0.8135
3844 0.891815
3845 0.653386
3846 0.605294
3847 0.706972
3848 0.857091
3849 0.608795
3850 0.559873
3851 0.524029
3852 0.554817
3853 0.658041
3854 0.627636
3855 0.481814
3856 0.466401
3857 0.69747
3858 0.602437
3859 0.796854
3860 0.770351
3861 0.902375
3862 0.811656
3863 0.638607
3864 0.573938
3865 0.777712
3866 0.773675
3867 0.72336
3868 0.404272
3869 0.720421
3870 0.429598
3871 0.711979
3872 0.839207
3873 0.808802
3874 0.838408
3875 0.818002
3876 0.508703
3877 0.518583
3878 0.929236
3879 0.898788
3880 0.625963
3881 0.579688
3882 0.580189
3883 0.771614
3884 0.619193
3885 0.933958
3886 0.818372
3887 0.61166
3888 0.475322
3889 0.607794
3890 0.796463
3891 0.332735
3892 0.623952
3893 0.635001
3894 0.938853
3895 0.755447
3896 0.962586
3897 0.946987
3898 0.737557
3899 0.917284
3900 0.71382
3901 0.939339
3902 0.807361
3903 0.48783
3904 0.93837
3905 0.700413
3906 0.398041
3907 0.819748
3908 0.500436
3909 0.358541
3910 0.311968
3911 0.343417
3912 0.767208
3913 0.605038
3914 0.408279
3915 0.604101
3916 0.722444
3917 0.679478
3918 0.837082
3919 0.903342
3920 0.766236
3921 0.775433
3922 0.662071
3923 0.77149
3924 0.665283
3925 0.957867
3926 0.831496
3927 0.783995
3928 0.542135
3929 0.830002
3930 0.790486
3931 0.823806
3932 0.481028
3933 0.724871
3934 0.685393
3935 0.569679
3936 0.643913
3937 0.739811
3938 0.711873
3939 0.466886
3940 0.513251
3941 0.648106
3942 0.708656
3943 0.70102
3944 0.909554
3945 0.81262
3946 0.625733
3947 0.728394
3948 0.74443
3949 0.887758
3950 0.884085
3951 0.907235
3952 0.718945
3953 0.73227
3954 0.693162
3955 0.752194
3956 0.713956
3957 0.828627
3958 0.70934
3959 0.895367
3960 0.932789
3961 0.636595
3962 0.636067
3963 0.72046
3964 0.757163
3965 0.519307
3966 0.717519
3967 0.683945
3968 0.539527
3969 0.569054
3970 0.746206
3971 0.688219
3972 0.766953
3973 0.95461
3974 0.75656
3975 0.787333
3976 0.816505
3977 0.594678
3978 0.875816
3979 0.738666
3980 0.948696
3981 0.966402
3982 0.788611
3983 0.624054
3984 0.968128
3985 0.971393
3986 0.505971
3987 0.645909
3988 0.756288
3989 0.634666
3990 0.573472
3991 0.578283
3992 0.702616
3993 0.601085
3994 0.777352
3995 0.737765
3996 0.894016
3997 0.660284
3998 0.712804
3999 0.798435
4000 0.898784
4001 0.89824
4002 0.839076
4003 0.791031
4004 0.713025
4005 0.805806
4006 0.525044
4007 0.628935
4008 0.951978
4009 0.58541
4010 0.843538
4011 0.574679
4012 0.858596
4013 0.654926
4014 0.720474
4015 0.844505
4016 0.892468
4017 0.86732
4018 0.739738
4019 0.691627
4020 0.851911
4021 0.884118
4022 0.78029
4023 0.933726
4024 0.727085
4025 0.861798
4026 0.622863
4027 0.540783
4028 0.85042
4029 0.839986
4030 0.903308
4031 0.85142
4032 0.763881
4033 0.697422
4034 0.968452
4035 0.678228
4036 0.866612
4037 0.589316
4038 0.781775
4039 0.781236
4040 0.662348
4041 0.735591
4042 0.662937
4043 0.656486
4044 0.871353
4045 0.754869
4046 0.886018
4047 0.814302
4048 0.685846
4049 0.526005
4050 0.891003
4051 0.847856
4052 0.708977
4053 0.847674
4054 0.653376
4055 0.750761
4056 0.61959
4057 0.753516
4058 0.528759
4059 0.648871
4060 0.799665
4061 0.753801
4062 0.688888
4063 0.486952
4064 0.790976
4065 0.750017
4066 0.494701
4067 0.5402
4068 0.652014
4069 0.767796
4070 0.702539
4071 0.747837
4072 0.788224
4073 0.873311
4074 0.776044
4075 0.87307
4076 0.867427
4077 0.898235
4078 0.755937
4079 0.913184
4080 0.813739
4081 0.899091
4082 0.7251
4083 0.978558
4084 0.94945
4085 0.712598
4086 0.863807
4087 0.50737
4088 0.764266
4089 0.648798
4090 0.848129
4091 0.816833
4092 0.637997
4093 0.920391
4094 0.621955
4095 0.784411
4096 0.632133
4097 0.875469
4098 0.681378
4099 0.796461
4100 0.44556
4101 0.765898
4102 0.878983
4103 0.605339
4104 0.715487
4105 0.590751
4106 0.974963
4107 0.687199
4108 0.968007
4109 0.645637
4110 0.702616
4111 0.972698
4112 0.729064
4113 0.651513
4114 0.984984
4115 0.801994
4116 0.983697
4117 0.577087
4118 0.633418
4119 0.513449
4120 0.705497
4121 0.732876
4122 0.834813
4123 0.840245
4124 0.59571
4125 0.609009
4126 0.667789
4127 0.875575
4128 0.536963
4129 0.767855
4130 0.650347
4131 0.792611
4132 0.755803
4133 0.78652
4134 0.837294
4135 0.779802
4136 0.70478
4137 0.801027
4138 0.779211
4139 0.613435
4140 0.677995
4141 0.678574
4142 0.884032
4143 0.811042
4144 0.768636
4145 0.838557
4146 0.809547
4147 0.944149
4148 0.521266
4149 0.860107
4150 0.648083
4151 0.728623
4152 0.704212
4153 0.621483
4154 0.897636
4155 0.909409
4156 0.467322
4157 0.666797
4158 0.56175
4159 0.607724
4160 0.519704
4161 0.925676
4162 0.550538
4163 0.555209
4164 0.285592
4165 0.380695
4166 0.718903
4167 0.650675
4168 0.689579
4169 0.914589
4170 0.958332
4171 0.441699
4172 0.785362
4173 0.871782
4174 0.638234
4175 0.463496
4176 0.381115
4177 0.539329
4178 0.40538
4179 0.410516
4180 0.974792
4181 0.468691
4182 0.530766
4183 0.364329
4184 0.464786
4185 0.422727
4186 0.439566
4187 0.739932
4188 0.471754
4189 0.363282
4190 0.347605
4191 0.419993
4192 0.858298
4193 0.86365
4194 0.864244
4195 0.7646
4196 0.679296
4197 0.885543
4198 0.965437
4199 0.803369
4200 0.862212
4201 0.622863
4202 0.707893
4203 0.718636
4204 0.893787
4205 0.64121
4206 0.675957
4207 0.649627
4208 0.577123
4209 0.963484
4210 0.626234
4211 0.558088
4212 0.610929
4213 0.795152
4214 0.739468
4215 0.982694
4216 0.778869
4217 0.666077
4218 0.572101
4219 0.622836
4220 0.697729
4221 0.529574
4222 0.602978
4223 0.669962
4224 0.682748
4225 0.725884
4226 0.70713
4227 0.779385
4228 0.729647
4229 0.750387
4230 0.582018
4231 0.724592
4232 0.61425
4233 0.698714
4234 0.771023
4235 0.467779
4236 0.481209
4237 0.506471
4238 0.392555
4239 0.777892
4240 0.46573
4241 0.982791
4242 0.430909
4243 0.481503
4244 0.525671
4245 0.45958
4246 0.499617
4247 0.980661
4248 0.548814
4249 0.45398
4250 0.794626
4251 0.373774
4252 0.423278
4253 0.417573
4254 0.348847
4255 0.503091
4256 0.40017
4257 0.39989
4258 0.365438
4259 0.556184
4260 0.524136
4261 0.398826
4262 0.907455
4263 0.343702
4264 0.364775
4265 0.791514
4266 0.432251
4267 0.389007
4268 0.453919
4269 0.32697
4270 0.312385
4271 0.369673
4272 0.357143
4273 0.804192
4274 0.753568
4275 0.362613
4276 0.290581
4277 0.390954
4278 0.371942
4279 0.415805
4280 0.191915
4281 0.788516
4282 0.828754
4283 0.434213
4284 0.483169
4285 0.351666
4286 0.242845
4287 0.386308
4288 0.413446
4289 0.535639
4290 0.392156
4291 0.358449
4292 0.373556
4293 0.381921
4294 0.380715
4295 0.399684
4296 0.395381
4297 0.412242
4298 0.441426
4299 0.396441
4300 0.319825
4301 0.340586
4302 0.441953
4303 0.801058
4304 0.350692
4305 0.335732
4306 0.448183
4307 0.440873
4308 0.40395
4309 0.524309
4310 0.493918
4311 0.370847
4312 0.27321
4313 0.427367
4314 0.400451
4315 0.850213
4316 0.306455
4317 0.366604
4318 0.357341
4319 0.916224
4320 0.842122
4321 0.30977
4322 0.341553
4323 0.367755
4324 0.893767
4325 0.742981
4326 0.672754
4327 0.957844
4328 0.563413
4329 0.555667
4330 0.494446
4331 0.382334
4332 0.603184
4333 0.539414
4334 0.584612
4335 0.576038
4336 0.447661
4337 0.307763
4338 0.391771
4339 0.274387
4340 0.419118
4341 0.316723
4342 0.288179
4343 0.637763
4344 0.799566
4345 0.632561
4346 0.820963
4347 0.782179
4348 0.376115
4349 0.4
4350 0.393374
4351 0.374821
4352 0.339058
4353 0.354186
4354 0.836048
4355 0.433132
4356 0.441211
4357 0.453577
4358 0.449936
4359 0.403586
4360 0.0876207
4361 0.368853
4362 0.565353
4363 0.173412
4364 0.339537
4365 0.563347
4366 0.561304
4367 0.381108
4368 0.413515
4369 0.359057
4370 0.343098
4371 0.297972
4372 0.385567
4373 0.339527
4374 0.256531
4375 0.349773
4376 0.450386
4377 0.325608
4378 0.393435
4379 0.353228
4380 0.32929
4381 0.373048
4382 0.320715
4383 0.795994
4384 0.892375
4385 0.368227
4386 0.38467
4387 0.847805
4388 0.399686
4389 0.374783
4390 0.361378
4391 0.3254
4392 0.78408
4393 0.403809
4394 0.375817
4395 0.371523
4396 0.333248
4397 0.244878
4398 0.329679
4399 0.356734
4400 0.828009
4401 0.385779
4402 0.53968
4403 0.361316
4404 0.348983
4405 0.39888
4406 0.3656
4407 0.361653
4408 0.328578
4409 0.100038
4410 0.517182
4411 0.525464
4412 0.584298
4413 0.515559
4414 0.396619
4415 0.575114
4416 0.470946
4417 0.502463
4418 0.469303
4419 0.510403
4420 0.342747
4421 0.53209
4422 0.329051
4423 0.334602
4424 0.709367
4425 0.445513
4426 0.735957
4427 0.375931
4428 0.344923
4429 0.433118
4430 0.814405
4431 0.365578
4432 0.716948
4433 0.40877
4434 0.40186
4435 0.379076
4436 0.564509
4437 0.48338
4438 0.833715
4439 0.394823
4440 0.283776
4441 0.686422
4442 0.214237
4443 0.245561
4444 0.343878
4445 0.355276
4446 0.42224
4447 0.958843
4448 0.552251
4449 0.784803
4450 0.423365
4451 0.422399
4452 0.418692
4453 0.737675
4454 0.421933
4455 0.747802
4456 0.716663
4457 0.870033
4458 0.426148
4459 0.440301
4460 0.860986
4461 0.688117
4462 0.385059
4463 0.334333
4464 0.863155
4465 0.34647
4466 0.327321
4467 0.419171
4468 0.386278
4469 0.608509
4470 0.867535
4471 0.29043
4472 0.402334
4473 0.701212
4474 0.335872
4475 0.364075
4476 0.249226
4477 0.356721
4478 0.315305
4479 0.745514
4480 0.391877
4481 0.781285
4482 0.421411
4483 0.347767
4484 0.552939
4485 0.394109
4486 0.380156
4487 0.376548
4488 0.381828
4489 0.368243
4490 0.369918
4491 0.869961
4492 0.313071
4493 0.369655
4494 0.367554
4495 0.35517
4496 0.427827
4497 0.832079
4498 0.302488
4499 0.954728
4500 0.402747
4501 0.647913
4502 0.409528
4503 0.369779
4504 0.591869
4505 0.316086
4506 0.352796
4507 0.874757
4508 0.303037
4509 0.393455
4510 0.388395
4511 0.405321
4512 0.412083
4513 0.389355
4514 0.341282
4515 0.863061
4516 0.971171
4517 0.83491
4518 0.842741
4519 0.356807
4520 0.355182
4521 0.464414
4522 0.931012
4523 0.395112
4524 0.487835
4525 0.451211
4526 0.464058
4527 0.536175
4528 0.495715
4529 0.342534
4530 0.448212
4531 0.700477
4532 0.501075
4533 0.434968
4534 0.471748
4535 0.424279
4536 0.651823
4537 0.62389
4538 0.537409
4539 0.534303
4540 0.564472
4541 0.856783
4542 0.800869
4543 0.431296
4544 0.368917
4545 0.369525
4546 0.309121
4547 0.378296
4548 0.32823
4549 0.425922
4550 0.327848
4551 0.358164
4552 0.330753
4553 0.402651
4554 0.364897
4555 0.724255
4556 0.545034
4557 0.577463
4558 0.342033
4559 0.450284
4560 0.616341
4561 0.587771
4562 0.614107
4563 0.35285
4564 0.599931
4565 0.55519
4566 0.677571
4567 0.610379
4568 0.607544
4569 0.201008
4570 0.547962
4571 0.565285
4572 0.642595
4573 0.552751
4574 0.485244
4575 0.497236
4576 0.40087
4577 0.432234
4578 0.961508
4579 0.635935
4580 0.494554
4581 0.463045
4582 0.373508
4583 0.601481
4584 0.499397
4585 0.934559
4586 0.622244
4587 0.539378
4588 0.893213
4589 0.96296
4590 0.952838
4591 0.363539
4592 0.460883
4593 0.313876
4594 0.185724
4595 0.588398
4596 0.52121
4597 0.739828
4598 0.467668
4599 0.406847
4600 0.42635
4601 0.662651
4602 0.318861
4603 0.474306
4604 0.398296
4605 0.266697
4606 0.298848
4607 0.497127
4608 0.358725
4609 0.891637
4610 0.393971
4611 0.269154
4612 0.511007
4613 0.529065
4614 0.502915
4615 0.765516
4616 0.333573
4617 0.596824
4618 0.423192
4619 0.369206
4620 0.395672
4621 0.225181
4622 0.327061
4623 0.654754
4624 0.641809
4625 0.975858
4626 0.682129
4627 0.467118
4628 0.399866
4629 0.939822
4630 0.559954
4631 0.491914
4632 0.597474
4633 0.459152
4634 0.460912
4635 0.462729
4636 0.43653
4637 0.42867
4638 0.505804
4639 0.923038
4640 0.510726
4641 0.989086
4642 0.573296
4643 0.618227
4644 0.838664
4645 0.661136
4646 0.29408
4647 0.684012
4648 0.361848
4649 0.314362
4650 0.238182
4651 0.45272
4652 0.476949
4653 0.598661
4654 0.554376
4655 0.378831
4656 0.958657
4657 0.54822
4658 0.405628
4659 0.426461
4660 0.52369
4661 0.575772
4662 0.509111
4663 0.861836
4664 0.661931
4665 0.596317
4666 0.717627
4667 0.326555
4668 0.342262
4669 0.388268
4670 0.378143
4671 0.391701
4672 0.322119
4673 0.408337
4674 0.894694
4675 0.332397
4676 0.264017
4677 0.369078
4678 0.30993
4679 0.218458
4680 0.308925
4681 0.340835
4682 0.365441
4683 0.385905
4684 0.380385
4685 0.888184
4686 0.328839
4687 0.375707
4688 0.261336
4689 0.3439
4690 0.760753
4691 0.308358
4692 0.374491
4693 0.788529
4694 0.492
4695 0.846704
4696 0.419674
4697 0.451911
4698 0.491297
4699 0.36977
4700 0.346189
4701 0.324928
4702 0.400816
4703 0.394699
4704 0.43948
4705 0.766411
4706 0.4034
4707 0.808528
4708 0.881577
4709 0.420057
4710 0.377034
4711 0.358099
4712 0.375179
4713 0.337377
4714 0.420943
4715 0.680163
4716 0.340077
4717 0.422147
4718 0.421624
4719 0.392332
4720 0.413183
4721 0.360591
4722 0.405744
4723 0.323934
4724 0.841506
4725 0.31656
4726 0.448263
4727 0.386945
4728 0.406783
4729 0.417221
4730 0.348862
4731 0.469075
4732 0.400989
4733 0.459412
4734 0.467975
4735 0.435232
4736 0.467688
4737 0.303827
4738 0.539075
4739 0.325351
4740 0.733647
4741 0.367797
4742 0.225664
4743 0.483546
4744 0.465639
4745 0.349919
4746 0.237742
4747 0.311228
4748 0.359191
4749 0.322635
4750 0.330656
4751 0.320941
4752 0.293067
4753 0.361639
4754 0.357675
4755 0.552155
4756 0.428839
4757 0.370196
4758 0.806644
4759 0.58743
4760 0.294821
4761 0.336137
4762 0.838884
4763 0.417246
4764 0.883792
4765 0.410338
4766 0.394037
4767 0.346489
4768 0.323388
4769 0.807235
4770 0.350383
4771 0.916951
4772 0.623067
4773 0.381527
4774 0.821121
4775 0.663776
4776 0.33361
4777 0.358788
4778 0.388015
4779 0.378402
4780 0.212089
4781 0.348397
4782 0.298978
4783 0.353733
4784 0.606999
4785 0.373058
4786 0.44672
4787 0.415435
4788 0.393256
4789 0.448588
4790 0.403087
4791 0.686989
4792 0.54976
4793 0.414643
4794 0.438478
4795 0.535744
4796 0.923198
4797 0.372809
4798 0.9306
4799 0.482999
4800 0.424149
4801 0.807899
4802 0.526113
4803 0.405882
4804 0.387918
4805 0.778981
4806 0.505494
4807 0.76346
4808 0.382763
4809 0.456096
4810 0.311556
4811 0.354439
4812 0.335256
4813 0.340929
4814 0.349397
4815 0.384162
4816 0.535916
4817 0.986294
4818 0.444222
4819 0.445354
4820 0.343583
4821 0.353142
4822 0.371874
4823 0.321095
4824 0.353022
4825 0.763006
4826 0.597312
4827 0.286904
4828 0.601868
4829 0.346184
4830 0.331961
4831 0.900525
4832 0.389046
4833 0.365281
4834 0.425499
4835 0.35184
4836 0.357304
4837 0.368597
4838 0.334024
4839 0.42932
4840 0.836915
4841 0.719247
4842 0.5821
4843 0.787794
4844 0.370948
4845 0.650667
4846 0.660478
4847 0.384936
4848 0.760444
4849 0.389001
4850 0.417057
4851 0.382649
4852 0.375794
4853 0.74198
4854 0.409837
4855 0.412453
4856 0.341911
4857 0.419457
4858 0.350791
4859 0.426322
4860 0.313167
4861 0.631526
4862 0.381159
4863 0.318857
4864 0.453437
4865 0.243431
4866 0.912789
4867 0.420184
4868 0.427632
4869 0.243046
4870 0.546488
4871 0.295223
4872 0.517204
4873 0.481629
4874 0.438893
4875 0.503314
4876 0.427272
4877 0.476752
4878 0.988401
4879 0.226573
4880 0.499861
4881 0.448486
4882 0.24974
4883 0.884498
4884 0.303267
4885 0.376624
4886 0.466121
4887 0.244953
4888 0.919426
4889 0.80635
4890 0.401162
4891 0.378492
4892 0.834566
4893 0.666773
4894 0.724932
4895 0.438412
4896 0.417093
4897 0.350126
4898 0.388033
4899 0.396076
4900 0.392179
4901 0.490865
4902 0.708252
4903 0.430364
4904 0.40021
4905 0.498932
4906 0.55835
4907 0.325259
4908 0.416206
4909 0.291649
4910 0.448059
4911 0.8669
4912 0.691165
4913 0.429943
4914 0.464127
4915 0.669262
4916 0.725937
4917 0.347282
4918 0.459116
4919 0.394534
4920 0.75723
4921 0.28211
4922 0.395344
4923 0.859769
4924 0.789669
4925 0.666761
4926 0.353166
4927 0.297749
4928 0.806312
4929 0.274136
4930 0.413125
4931 0.367982
4932 0.350774
4933 0.37443
4934 0.492732
4935 0.340294
4936 0.274993
4937 0.403809
4938 0.789347
4939 0.612845
4940 0.414985
4941 0.82561
4942 0.741255
4943 0.356061
4944 0.393139
4945 0.346459
4946 0.321107
4947 0.469244
4948 0.442098
4949 0.444803
4950 0.648279
4951 0.675989
4952 0.411168
4953 0.47595
4954 0.679574
4955 0.495177
4956 0.228448
4957 0.572801
4958 0.42103
4959 0.295886
4960 0.432385
4961 0.449536
4962 0.367437
4963 0.528288
4964 0.378803
4965 0.370393
4966 0.412947
4967 0.959415
4968 0.702958
4969 0.319836
4970 0.365318
4971 0.761985
4972 0.426035
4973 0.518783
4974 0.972255
4975 0.418874
4976 0.541048
4977 0.489802
4978 0.448323
4979 0.431362
4980 0.96052
4981 0.458318
4982 0.465632
4983 0.40978
4984 0.391927
4985 0.465823
4986 0.880359
4987 0.277978
4988 0.395357
4989 0.522936
4990 0.408239
4991 0.424451
4992 0.461076
4993 0.4905
4994 0.436924
4995 0.479279
4996 0.453675
4997 0.349644
4998 0.842242
4999 0.380605
5000 0.459182
5001 0.444487
5002 0.853324
5003 0.387456
5004 0.514478
5005 0.415961
5006 0.508545
5007 0.477533
5008 0.851628
5009 0.513589
5010 0.571205
5011 0.558927
5012 0.544978
5013 0.461244
5014 0.438515
5015 0.960905
5016 0.342339
5017 0.837091
5018 0.448159
5019 0.468723
5020 0.472539
5021 0.769775
5022 0.510078
5023 0.528239
5024 0.439898
5025 0.445708
5026 0.487128
5027 0.468836
5028 0.243977
5029 0.601362
5030 0.415563
5031 0.498417
5032 0.484994
5033 0.302822
5034 0.297552
5035 0.265378
5036 0.383173
5037 0.897017
5038 0.332676
5039 0.466197
5040 0.828225
5041 0.351535
5042 0.370783
5043 0.626896
5044 0.764826
5045 0.697117
5046 0.387894
5047 0.422982
5048 0.442008
5049 0.376761
5050 0.398637
5051 0.43438
5052 0.912923
5053 0.426977
5054 0.299495
5055 0.360323
5056 0.385328
5057 0.818191
5058 0.311705
5059 0.413331
5060 0.461328
5061 0.348671
5062 0.412143
5063 0.42227
5064 0.86048
5065 0.784165
5066 0.385954
5067 0.778377
5068 0.426664
5069 0.670122
5070 0.436933
5071 0.448826
5072 0.364029
5073 0.390606
5074 0.75219
5075 0.653325
5076 0.335486
5077 0.396257
5078 0.359564
5079 0.700446
5080 0.921841
5081 0.449023
5082 0.406081
5083 0.399794
5084 0.418184
5085 0.619204
5086 0.71739
5087 0.845608
5088 0.378302
5089 0.516748
5090 0.688739
5091 0.858654
5092 0.808434
5093 0.457473
5094 0.390775
5095 0.437765
5096 0.424895
5097 0.476691
5098 0.396136
5099 0.666228
5100 0.452187
5101 0.435409
5102 0.49151
5103 0.382292
5104 0.487294
5105 0.782643
5106 0.421271
5107 0.260238
5108 0.98621
5109 0.882207
5110 0.373898
5111 0.351861
5112 0.813758
5113 0.397787
5114 0.42527
5115 0.39771
5116 0.474718
5117 0.419301
5118 0.381717
5119 0.411677
5120 0.393648
5121 0.419817
5122 0.704649
5123 0.935557
5124 0.377594
5125 0.396448
5126 0.614502
5127 0.657503
5128 0.3816
5129 0.413379
5130 0.824319
5131 0.323403
5132 0.41602
5133 0.438301
5134 0.776195
5135 0.426961
5136 0.343739
5137 0.43092
5138 0.685228
5139 0.355708
5140 0.81546
5141 0.414646
5142 0.42394
5143 0.56144
5144 0.433451
5145 0.395261
5146 0.41334
5147 0.816511
5148 0.634841
5149 0.34258
5150 0.429139
5151 0.908842
5152 0.902456
5153 0.973746
5154 0.33219
5155 0.265735
5156 0.389458
5157 0.775089
5158 0.306652
5159 0.410723
5160 0.514425
5161 0.432209
5162 0.823143
5163 0.961121
5164 0.819832
5165 0.470059
5166 0.388433
5167 0.479924
5168 0.337362
5169 0.531779
5170 0.694116
5171 0.413762
5172 0.884633
5173 0.482751
5174 0.733013
5175 0.271419
5176 0.239054
5177 0.899932
5178 0.576721
5179 0.595177
5180 0.524904
5181 0.327823
5182 0.595284
5183 0.818754
5184 0.80082
5185 0.891895
5186 0.295399
5187 0.816157
5188 0.453559
5189 0.509184
5190 0.426955
5191 0.532601
5192 0.313975
5193 0.34507
5194 0.406821
5195 0.424086
5196 0.444213
5197 0.8002
5198 0.368649
5199 0.797031
5200 0.456403
5201 0.797648
5202 0.538413
5203 0.356405
5204 0.83628
5205 0.691353
5206 0.357743
5207 0.412025
5208 0.405207
5209 0.445087
5210 0.347803
5211 0.338483
5212 0.405512
5213 0.428294
5214 0.965325
5215 0.320538
5216 0.330587
5217 0.503772
5218 0.436345
5219 0.426366
5220 0.400507
5221 0.437945
5222 0.535232
5223 0.580324
5224 0.81522
5225 0.420165
5226 0.756041
5227 0.348243
5228 0.571222
5229 0.385637
5230 0.665224
5231 0.446623
5232 0.406028
5233 0.659375
5234 0.496403
5235 0.444344
5236 0.444278
5237 0.487328
5238 0.416267
5239 0.407517
5240 0.341932
5241 0.48048
5242 0.424711
5243 0.419606
5244 0.43485
5245 0.432492
5246 0.474095
5247 0.473587
5248 0.336415
5249 0.409975
5250 0.436151
5251 0.353706
5252 0.450911
5253 0.443514
5254 0.424656
5255 0.356781
5256 0.36401
5257 0.435434
5258 0.105821
5259 0.383252
5260 0.336283
5261 0.957921
5262 0.353236
5263 0.791229
5264 0.853065
5265 0.951692
5266 0.324536
5267 0.366741
5268 0.326447
5269 0.415257
5270 0.384897
5271 0.359377
5272 0.497695
5273 0.915894
5274 0.453149
5275 0.371254
5276 0.330471
5277 0.847435
5278 0.447074
5279 0.438247
5280 0.350943
5281 0.344303
5282 0.324232
5283 0.828633
5284 0.517597
5285 0.451045
5286 0.524125
5287 0.358069
5288 0.865864
5289 0.597678
5290 0.0989547
5291 0.328202
5292 0.528385
5293 0.29254
5294 0.943508
5295 0.603335
5296 0.776304
5297 0.446945
5298 0.427852
5299 0.539438
5300 0.511193
5301 0.393225
5302 0.469228
5303 0.393149
5304 0.68559
5305 0.105078
5306 0.191543
5307 0.192258
5308 0.319768
5309 0.340253
5310 0.451219
5311 0.2138
5312 0.482206
5313 0.293577
5314 0.357021
5315 0.807063
5316 0.403006
5317 0.213404
5318 0.384231
5319 0.343322
5320 0.84246
5321 0.486931
5322 0.44861
5323 0.398417
5324 0.388622
5325 0.44392
5326 0.470685
5327 0.903281
5328 0.983107
5329 0.412961
5330 0.351225
5331 0.336778
5332 0.322744
5333 0.760043
5334 0.489443
5335 0.443226
5336 0.438922
5337 0.393523
5338 0.674355
5339 0.395864
5340 0.436096
5341 0.3563
5342 0.392913
5343 0.363275
5344 0.402836
5345 0.4006
5346 0.591061
5347 0.658128
5348 0.741859
5349 0.723563
5350 0.418383
5351 0.481337
5352 0.340248
5353 0.423094
5354 0.796152
5355 0.250904
5356 0.405798
5357 0.393067
5358 0.420341
5359 0.839302
5360 0.461697
5361 0.369266
5362 0.485158
5363 0.39264
5364 0.360713
5365 0.446994
5366 0.436063
5367 0.437106
5368 0.446542
5369 0.442839
5370 0.755829
5371 0.825861
5372 0.797139
5373 0.878086
5374 0.681075
5375 0.452658
5376 0.409927
5377 0.898494
5378 0.404198
5379 0.390004
5380 0.366081
5381 0.709822
5382 0.381805
5383 0.779873
5384 0.475926
5385 0.421535
5386 0.373898
5387 0.480812
5388 0.430346
5389 0.41158
5390 0.421261
5391 0.477669
5392 0.38865
5393 0.348529
5394 0.519393
5395 0.750757
5396 0.397345
5397 0.370189
5398 0.572727
5399 0.923871
5400 0.444067
5401 0.718764
5402 0.261663
5403 0.421654
5404 0.296784
5405 0.889923
5406 0.813529
5407 0.442364
5408 0.930058
5409 0.668215
5410 0.370677
5411 0.473241
5412 0.505702
5413 0.379604
5414 0.208893
5415 0.461235
5416 0.853479
5417 0.33983
5418 0.76173
5419 0.456061
5420 0.524497
5421 0.474212
5422 0.768946
5423 0.820596
5424 0.230606
5425 0.390712
5426 0.591957
5427 0.478406
5428 0.557241
5429 0.352186
5430 0.334592
5431 0.57138
5432 0.405196
5433 0.436599
5434 0.315844
5435 0.437363
5436 0.399259
5437 0.466025
5438 0.88604
5439 0.846102
5440 0.633091
5441 0.46955
5442 0.457207
5443 0.450354
5444 0.421191
5445 0.1811
5446 0.468887
5447 0.413333
5448 0.809642
5449 0.863092
5450 0.378014
5451 0.45178
5452 0.485097
5453 0.477841
5454 0.948306
5455 0.429663
5456 0.71749
5457 0.37593
5458 0.566188
5459 0.388796
5460 0.369491
5461 0.440456
5462 0.63078
5463 0.405974
5464 0.803136
5465 0.480771
5466 0.286341
5467 0.427438
5468 0.411847
5469 0.166249
5470 0.645313
5471 0.357921
5472 0.603422
5473 0.789299
5474 0.402828
5475 0.436306
5476 0.366807
5477 0.42169
5478 0.463107
5479 0.348536
5480 0.354351
5481 0.443084
5482 0.431192
5483 0.377519
5484 0.370016
5485 0.44899
5486 0.430776
5487 0.449025
5488 0.933174
5489 0.474652
5490 0.318369
5491 0.399148
5492 0.422057
5493 0.390347
5494 0.435383
5495 0.314439
5496 0.315066
5497 0.544524
5498 0.522285
5499 0.46284
5500 0.859597
5501 0.338493
5502 0.419108
5503 0.462151
5504 0.490227
5505 0.322466
5506 0.84702
5507 0.433321
5508 0.337024
5509 0.694441
5510 0.397761
5511 0.323522
5512 0.734079
5513 0.330959
5514 0.798798
5515 0.357698
5516 0.794673
5517 0.622457
5518 0.694859
5519 0.415937
5520 0.339381
5521 0.397332
5522 0.376201
5523 0.84223
5524 0.635866
5525 0.325044
5526 0.634557
5527 0.821302
5528 0.684034
5529 0.826857
5530 0.955915
5531 0.332587
5532 0.374737
5533 0.653402
5534 0.382921
5535 0.989891
5536 0.624775
5537 0.315091
5538 0.317749
5539 0.635297
5540 0.33385
5541 0.365381
5542 0.55089
5543 0.459985
5544 0.44347
5545 0.915811
5546 0.388912
5547 0.384937
5548 0.407588
5549 0.346366
5550 0.638372
5551 0.364629
5552 0.298903
5553 0.59588
5554 0.82176
5555 0.414599
5556 0.3498
5557 0.409686
5558 0.423857
5559 0.721532
5560 0.399145
5561 0.371214
5562 0.269413
5563 0.418471
5564 0.664217
5565 0.695375
5566 0.373336
5567 0.44367
5568 0.411932
5569 0.373979
5570 0.417022
5571 0.431087
5572 0.40611
5573 0.784863
5574 0.340498
5575 0.419518
5576 0.324414
5577 0.916189
5578 0.452194
5579 0.217346
5580 0.304402
5581 0.390112
5582 0.813436
5583 0.375613
5584 0.273858
5585 0.392497
5586 0.329721
5587 0.587832
5588 0.737786
5589 0.43375
5590 0.847563
5591 0.309852
5592 0.328269
5593 0.342618
5594 0.385819
5595 0.335439
5596 0.229104
5597 0.310264
5598 0.302289
5599 0.383083
5600 0.386662
5601 0.438354
5602 0.417915
5603 0.317087
5604 0.858656
5605 0.399091
5606 0.384098
5607 0.635628
5608 0.573039
5609 0.366023
5610 0.354988
5611 0.394729
5612 0.418048
5613 0.893387
5614 0.357335
5615 0.288447
5616 0.977867
5617 0.348221
5618 0.89926
5619 0.554278
5620 0.385382
5621 0.340959
5622 0.8079
5623 0.356565
5624 0.32117
5625 0.915304
5626 0.414816
5627 0.337726
5628 0.80755
5629 0.503106
5630 0.35724
5631 0.353613
5632 0.356166
5633 0.708192
5634 0.344306
5635 0.857803
5636 0.637667
5637 0.787373
5638 0.343188
5639 0.409375
5640 0.37534
5641 0.579632
5642 0.826063
5643 0.81333
5644 0.75157
5645 0.415616
5646 0.344984
5647 0.673505
5648 0.367096
5649 0.755821
5650 0.36519
5651 0.370295
5652 0.394791
5653 0.587565
5654 0.827847
5655 0.360092
5656 0.65571
5657 0.722652
5658 0.27673
5659 0.428277
5660 0.179264
5661 0.386978
5662 0.401946
5663 0.387187
5664 0.522128
5665 0.336672
5666 0.446905
5667 0.712983
5668 0.82002
5669 0.384818
5670 0.303756
5671 0.348205
5672 0.690595
5673 0.4785
5674 0.566039
5675 0.456727
5676 0.354181
5677 0.309825
5678 0.392096
5679 0.456731
5680 0.308784
5681 0.819944
5682 0.523912
5683 0.504806
5684 0.389673
5685 0.19403
5686 0.368403
5687 0.40803
5688 0.499747
5689 0.216135
5690 0.712222
5691 0.454255
5692 0.464168
5693 0.444516
5694 0.448932
5695 0.377014
5696 0.381877
5697 0.437183
5698 0.473934
5699 0.871932
5700 0.357861
5701 0.399856
5702 0.464393
5703 0.208752
5704 0.67737
5705 0.172869
5706 0.611099
5707 0.35167
5708 0.86922
5709 0.844332
5710 0.373575
5711 0.440036
5712 0.785729
5713 0.423608
5714 0.350275
5715 0.390564
5716 0.379009
5717 0.369879
5718 0.345338
5719 0.442793
5720 0.640267
5721 0.348339
5722 0.427494
5723 0.385249
5724 0.360708
5725 0.67699
5726 0.413008
5727 0.401122
5728 0.385569
5729 0.845245
5730 0.375983
5731 0.378383
5732 0.391438
5733 0.361156
5734 0.439899
5735 0.418775
5736 0.38249
5737 0.367244
5738 0.659433
5739 0.331676
5740 0.43011
5741 0.394118
5742 0.359289
5743 0.838222
5744 0.365237
5745 0.512397
5746 0.279676
5747 0.709147
5748 0.364112
5749 0.359688
5750 0.689158
5751 0.434018
5752 0.363479
5753 0.610094
5754 0.356531
5755 0.602344
5756 0.39122
5757 0.904486
5758 0.362454
5759 0.653532
5760 0.666802
5761 0.546207
5762 0.429574
5763 0.588658
5764 0.315423
5765 0.429936
5766 0.431673
5767 0.299185
5768 0.912068
5769 0.413193
5770 0.525351
5771 0.470292
5772 0.874899
5773 0.493811
5774 0.766248
5775 0.668701
5776 0.406653
5777 0.502125
5778 0.492191
5779 0.441838
5780 0.439509
5781 0.834773
5782 0.678465
5783 0.560086
5784 0.803193
5785 0.407274
5786 0.420879
5787 0.279531
5788 0.860702
5789 0.321109
5790 0.376731
5791 0.353819
5792 0.636964
5793 0.303503
5794 0.733506
5795 0.41232
5796 0.441497
5797 0.382203
5798 0.421494
5799 0.602845
5800 0.784713
5801 0.463469
5802 0.460122
5803 0.366303
5804 0.433341
5805 0.479058
5806 0.401829
5807 0.331754
5808 0.805728
5809 0.346729
5810 0.36077
5811 0.880854
5812 0.368856
5813 0.379953
5814 0.751544
5815 0.424226
5816 0.459655
5817 0.834566
5818 0.885353
5819 0.639216
5820 0.348111
5821 0.695097
5822 0.500595
5823 0.577296
5824 0.512033
5825 0.55376
5826 0.599328
5827 0.433132
5828 0.46577
5829 0.499888
5830 0.631887
5831 0.953472
5832 0.427884
5833 0.981858
5834 0.384847
5835 0.871864
5836 0.341457
5837 0.492499
5838 0.55496
5839 0.524394
5840 0.455124
5841 0.514459
5842 0.420694
5843 0.50305
5844 0.862289
5845 0.743165
5846 0.448861
5847 0.6091
5848 0.391684
5849 0.428921
5850 0.42016
5851 0.387969
5852 0.414843
5853 0.385267
5854 0.3505
5855 0.438643
5856 0.773212
5857 0.350189
5858 0.953506
5859 0.362931
5860 0.702011
5861 0.454357
5862 0.406531
5863 0.414802
5864 0.328512
5865 0.417072
5866 0.796757
5867 0.449994
5868 0.341829
5869 0.6193
5870 0.317776
5871 0.48184
5872 0.789793
5873 0.375702
5874 0.429066
5875 0.375726
5876 0.741254
5877 0.744994
5878 0.578165
5879 0.889567
5880 0.344816
5881 0.797962
5882 0.340854
5883 0.496645
5884 0.307699
5885 0.462561
5886 0.812275
5887 0.495298
5888 0.32856
5889 0.386802
5890 0.332726
5891 0.711002
5892 0.666987
5893 0.39445
5894 0.312353
5895 0.403344
5896 0.505468
5897 0.282979
5898 0.432461
5899 0.425334
5900 0.884525
5901 0.819843
5902 0.633196
5903 0.361082
5904 0.89359
5905 0.375956
5906 0.531142
5907 0.280549
5908 0.364613
5909 0.389942
5910 0.541348
5911 0.444591
5912 0.42571
5913 0.37871
5914 0.422429
5915 0.565426
5916 0.41859
5917 0.463518
5918 0.966745
5919 0.557317
5920 0.436062
5921 0.316203
5922 0.464369
5923 0.603624
5924 0.173977
5925 0.924499
5926 0.648417
5927 0.469163
5928 0.400158
5929 0.416746
5930 0.584176
5931 0.635894
5932 0.376085
5933 0.422331
5934 0.397982
5935 0.452232
5936 0.879673
5937 0.358382
5938 0.377498
5939 0.34128
5940 0.861086
5941 0.383847
5942 0.407519
5943 0.671217
5944 0.461524
5945 0.433764
5946 0.350046
5947 0.405461
5948 0.768138
5949 0.453083
5950 0.543059
5951 0.14786
5952 0.966575
5953 0.447189
5954 0.807952
5955 0.445553
5956 0.44857
5957 0.400988
5958 0.371326
5959 0.537265
5960 0.366036
5961 0.475031
5962 0.420765
5963 0.168646
5964 0.334822
5965 0.781321
5966 0.989708
5967 0.601835
5968 0.655898
5969 0.801159
5970 0.286964
5971 0.735591
5972 0.424282
5973 0.32999
5974 0.607374
5975 0.283945
5976 0.715869
5977 0.751752
5978 0.821257
5979 0.270977
5980 0.849978
5981 0.358603
5982 0.356514
5983 0.294147
5984 0.445172
5985 0.763712
5986 0.390846
5987 0.409674
5988 0.418377
5989 0.738111
5990 0.591991
5991 0.548165
5992 0.491752
5993 0.436105
5994 0.429831
5995 0.397393
5996 0.379649
5997 0.714399
5998 0.379072
5999 0.44386
6000 0.195603
6001 0.533421
6002 0.12485
6003 0.444757
6004 0.410717
6005 0.3587
6006 0.817723
6007 0.89681
6008 0.512696
6009 0.37972
6010 0.368677
6011 0.649231
6012 0.57731
6013 0.595773
6014 0.368465
6015 0.432972
6016 0.430877
6017 0.356078
6018 0.319586
6019 0.388586
6020 0.436606
6021 0.47857
6022 0.572972
6023 0.5014
6024 0.51535
6025 0.659067
6026 0.950203
6027 0.54666
6028 0.5598
6029 0.963743
6030 0.27772
6031 0.527793
6032 0.440359
6033 0.365743
6034 0.975883
6035 0.33267
6036 0.647516
6037 0.331341
6038 0.365415
6039 0.378244
6040 0.546416
6041 0.280772
6042 0.30654
6043 0.335337
6044 0.36663
6045 0.338277
6046 0.334664
6047 0.307219
6048 0.408716
6049 0.317828
6050 0.837936
6051 0.362149
6052 0.387895
6053 0.351743
6054 0.522192
6055 0.366173
6056 0.672014
6057 0.484985
6058 0.359815
6059 0.924642
6060 0.339632
6061 0.88136
6062 0.315729
6063 0.40692
6064 0.398789
6065 0.793582
6066 0.288273
6067 0.889107
6068 0.480151
6069 0.716355
6070 0.469449
6071 0.808296
6072 0.29919
6073 0.419605
6074 0.31577
6075 0.824601
6076 0.373674
6077 0.365342
6078 0.373213
6079 0.429189
6080 0.403321
6081 0.520619
6082 0.491389
6083 0.8125
6084 0.377181
6085 0.430788
6086 0.894821
6087 0.926781
6088 0.450102
6089 0.387809
6090 0.460771
6091 0.492671
6092 0.90853
6093 0.270871
6094 0.410429
6095 0.40546
6096 0.421388
6097 0.480056
6098 0.430892
6099 0.432036
6100 0.450651
6101 0.452672
6102 0.42319
6103 0.442427
6104 0.416537
6105 0.234639
6106 0.448554
6107 0.466343
6108 0.261554
6109 0.536707
6110 0.439099
6111 0.360148
6112 0.506355
6113 0.525349
6114 0.456362
6115 0.738133
6116 0.390304
6117 0.604409
6118 0.420344
6119 0.538697
6120 0.320241
6121 0.501471
6122 0.549653
6123 0.463282
6124 0.525446
6125 0.481007
6126 0.448434
6127 0.200036
6128 0.388169
6129 0.457896
6130 0.374895
6131 0.494192
6132 0.37529
6133 0.507589
6134 0.471742
6135 0.244007
6136 0.4313
6137 0.583088
6138 0.281266
6139 0.302862
6140 0.669239
6141 0.386692
6142 0.334285
6143 0.42966
6144 0.449038
6145 0.362747
6146 0.464214
6147 0.670717
6148 0.42941
6149 0.297308
6150 0.290239
6151 0.394786
6152 0.345819
6153 0.366292
6154 0.350852
6155 0.386942
6156 0.372514
6157 0.378936
6158 0.337649
6159 0.336031
6160 0.294065
6161 0.659887
6162 0.454158
6163 0.344159
6164 0.431373
6165 0.738016
6166 0.353522
6167 0.217633
6168 0.374057
6169 0.43848
6170 0.70904
6171 0.648497
6172 0.676588
6173 0.485801
6174 0.788889
6175 0.384048
6176 0.469292
6177 0.365774
6178 0.419785
6179 0.632467
6180 0.379301
6181 0.417756
6182 0.426677
6183 0.344008
6184 0.432855
6185 0.378929
6186 0.435925
6187 0.961491
6188 0.458594
6189 0.422496
6190 0.537398
6191 0.375334
6192 0.830016
6193 0.439644
6194 0.635729
6195 0.36037
6196 0.439255
6197 0.378284
6198 0.618652
6199 0.546924
6200 0.896702
6201 0.868197
6202 0.619278
6203 0.443311
6204 0.705261
6205 0.722923
6206 0.305971
6207 0.395164
6208 0.346524
6209 0.317494
6210 0.94223
6211 0.455276
6212 0.755404
6213 0.505818
6214 0.775327
6215 0.748916
6216 0.836726
6217 0.660432
6218 0.813585
6219 0.794656
6220 0.664418
6221 0.632739
6222 0.41821
6223 0.54936
6224 0.896431
6225 0.430841
6226 0.381206
6227 0.433482
6228 0.165268
6229 0.540892
6230 0.797011
6231 0.616966
6232 0.743108
6233 0.605041
6234 0.266803
6235 0.815686
6236 0.63463
6237 0.721133
6238 0.843173
6239 0.557386
6240 0.791914
6241 0.661717
6242 0.604346
6243 0.531206
6244 0.744806
6245 0.693098
6246 0.367207
6247 0.550656
6248 0.35652
6249 0.805606
6250 0.332442
6251 0.329379
6252 0.624363
6253 0.651174
6254 0.741973
6255 0.782422
6256 0.723024
6257 0.649852
6258 0.655776
6259 0.794365
6260 0.629926
6261 0.505192
6262 0.656361
6263 0.697758
6264 0.694989
6265 0.561804
6266 0.526049
6267 0.883145
6268 0.719726
6269 0.519641
6270 0.697686
6271 0.406461
6272 0.505614
6273 0.724153
6274 0.610257
6275 0.739518
6276 0.496377
6277 0.636811
6278 0.676706
6279 0.378381
6280 0.372515
6281 0.859399
6282 0.707466
6283 0.899021
6284 0.6062
6285 0.786896
6286 0.804966
6287 0.698636
6288 0.340855
6289 0.740195
6290 0.784744
6291 0.334521
6292 0.859661
6293 0.215167
6294 0.540269
6295 0.684463
6296 0.703688
6297 0.569038
6298 0.520028
6299 0.659879
6300 0.794024
6301 0.818076
6302 0.573533
6303 0.592425
6304 0.805234
6305 0.75328
6306 0.86403
6307 0.753005
6308 0.697709
6309 0.909252
6310 0.718696
6311 0.550026
6312 0.51296
6313 0.620392
6314 0.834067
6315 0.657514
6316 0.729507
6317 0.821413
6318 0.847375
6319 0.586279
6320 0.796734
6321 0.849035
6322 0.320792
6323 0.552575
6324 0.727414
6325 0.568708
6326 0.383016
6327 0.457548
6328 0.871108
6329 0.876518
6330 0.346482
6331 0.724212
6332 0.465449
6333 0.737328
6334 0.350572
6335 0.249687
6336 0.339134
6337 0.317623
6338 0.662187
6339 0.711441
6340 0.68745
6341 0.730838
6342 0.903757
6343 0.681991
6344 0.833493
6345 0.638224
6346 0.707898
6347 0.249675
6348 0.494997
6349 0.358343
6350 0.91461
6351 0.453218
6352 0.298605
6353 0.343161
6354 0.526823
6355 0.401152
6356 0.642735
6357 0.354607
6358 0.388135
6359 0.821576
6360 0.538802
6361 0.466605
6362 0.981263
6363 0.542684
6364 0.449257
6365 0.573845
6366 0.490816
6367 0.869676
6368 0.969301
6369 0.852358
6370 0.514855
6371 0.967166
6372 0.561614
6373 0.985961
6374 0.279152
6375 0.519946
6376 0.472287
6377 0.451721
6378 0.369922
6379 0.571438
6380 0.603377
6381 0.541199
6382 0.698114
6383 0.506242
6384 0.453493
6385 0.545381
6386 0.463525
6387 0.447547
6388 0.408124
6389 0.923481
6390 0.440491
6391 0.39626
6392 0.431129
6393 0.440613
6394 0.422241
6395 0.893864
6396 0.669974
6397 0.834254
6398 0.411978
6399 0.421355
6400 0.972025
6401 0.346697
6402 0.959597
6403 0.278058
6404 0.942128
6405 0.45745
6406 0.952199
6407 0.8946
6408 0.978311
6409 0.42605
6410 0.903156
6411 0.882708
6412 0.733425
6413 0.443299
6414 0.887695
6415 0.811818
6416 0.928118
6417 0.775312
6418 0.723372
6419 0.82456
6420 0.734326
6421 0.368829
6422 0.391382
6423 0.362913
6424 0.843507
6425 0.328183
6426 0.673385
6427 0.543801
6428 0.596853
6429 0.536424
6430 0.392468
6431 0.388272
6432 0.513759
6433 0.333462
6434 0.885871
6435 0.670862
6436 0.294298
6437 0.373401
6438 0.953497
6439 0.870205
6440 0.83268
6441 0.87936
6442 0.862948
6443 0.747215
6444 0.357723
6445 0.89298
6446 0.891604
6447 0.368565
6448 0.416479
6449 0.341682
6450 0.363988
6451 0.638699
6452 0.641424
6453 0.660575
6454 0.674604
6455 0.331949
6456 0.346069
6457 0.906227
6458 0.755617
6459 0.793228
6460 0.302519
6461 0.463025
6462 0.366261
6463 0.424607
6464 0.3257
6465 0.892149
6466 0.392288
6467 0.558608
6468 0.694652
6469 0.369206
6470 0.378553
6471 0.353856
6472 0.417417
6473 0.433882
6474 0.510047
6475 0.568368
6476 0.412038
6477 0.390234
6478 0.327529
6479 0.601963
6480 0.626119
6481 0.375309
6482 0.940669
6483 0.793044
6484 0.758243
6485 0.387459
6486 0.558181
6487 0.910665
6488 0.419867
6489 0.818154
6490 0.711903
6491 0.931347
6492 0.349425
6493 0.698803
6494 0.611417
6495 0.84271
6496 0.809295
6497 0.982117
6498 0.738816
6499 0.925315
6500 0.827701
6501 0.370743
6502 0.431857
6503 0.458833
6504 0.351678
6505 0.769238
6506 0.772852
6507 0.582457
6508 0.745411
6509 0.853724
6510 0.42162
6511 0.35737
6512 0.403179
6513 0.792535
6514 0.915304
6515 0.56661
6516 0.86138
6517 0.956798
6518 0.862241
6519 0.653825
6520 0.643583
6521 0.413994
6522 0.790301
6523 0.706578
6524 0.610089
6525 0.789206
6526 0.861419
6527 0.377865
6528 0.319298
6529 0.903796
6530 0.322979
6531 0.289531
6532 0.702167
6533 0.948182
6534 0.746793
6535 0.651945
6536 0.845034
6537 0.414957
6538 0.868609
6539 0.788051
6540 0.813373
6541 0.959195
6542 0.885123
6543 0.879421
6544 0.831335
6545 0.92931
6546 0.562733
6547 0.859136
6548 0.415259
6549 0.450687
6550 0.795533
6551 0.408534
6552 0.360584
6553 0.314516
6554 0.382236
6555 0.840083
6556 0.368615
6557 0.854964
6558 0.83864
6559 0.353097
6560 0.81527
6561 0.940407
6562 0.35874
6563 0.654728
6564 0.932955
6565 0.783929
6566 0.556728
6567 0.541569
6568 0.899529
6569 0.556821
6570 0.708164
6571 0.464857
6572 0.831891
6573 0.437881
6574 0.718396
6575 0.943537
6576 0.400341
6577 0.596573
6578 0.325202
6579 0.501519
6580 0.320778
6581 0.642146
6582 0.601771
6583 0.347693
6584 0.72674
6585 0.575934
6586 0.343441
6587 0.771391
6588 0.843626
6589 0.463647
6590 0.28208
6591 0.326331
6592 0.64692
6593 0.334403
6594 0.419747
6595 0.40437
6596 0.575068
6597 0.799601
6598 0.66769
6599 0.510748
6600 0.411698
6601 0.67875
6602 0.395347
6603 0.375666
6604 0.292412
6605 0.3889
6606 0.425294
6607 0.622808
6608 0.868502
6609 0.742089
6610 0.379974
6611 0.72824
6612 0.440053
6613 0.520918
6614 0.977876
6615 0.980325
6616 0.451534
6617 0.443783
6618 0.544597
6619 0.867365
6620 0.529583
6621 0.974425
6622 0.404303
6623 0.595025
6624 0.468673
6625 0.549381
6626 0.579616
6627 0.88473
6628 0.578005
6629 0.703079
6630 0.423669
6631 0.354336
6632 0.345232
6633 0.495836
6634 0.338885
6635 0.512887
6636 0.950529
6637 0.28635
6638 0.366292
6639 0.883853
6640 0.357197
6641 0.719911
6642 0.359718
6643 0.820294
6644 0.35908
6645 0.523418
6646 0.473044
6647 0.512858
6648 0.492381
6649 0.452977
6650 0.611348
6651 0.264392
6652 0.291657
6653 0.455975
6654 0.498686
6655 0.333975
6656 0.452437
6657 0.82707
6658 0.347447
6659 0.468871
6660 0.454922
6661 0.481197
6662 0.943112
6663 0.85803
6664 0.703164
6665 0.643207
6666 0.940221
6667 0.557282
6668 0.631834
6669 0.391152
6670 0.398751
6671 0.824867
6672 0.731637
6673 0.689551
6674 0.361446
6675 0.789422
6676 0.93482
6677 0.330015
6678 0.334387
6679 0.704821
6680 0.883644
6681 0.369533
6682 0.967632
6683 0.848404
6684 0.360837
6685 0.678985
6686 0.706655
6687 0.978632
6688 0.379372
6689 0.433735
6690 0.859231
6691 0.442603
6692 0.933594
6693 0.3852
6694 0.749529
6695 0.977319
6696 0.437757
6697 0.935343
6698 0.696742
6699 0.706061
6700 0.748888
6701 0.413752
6702 0.840751
6703 0.504577
6704 0.281011
6705 0.6062
6706 0.965411
6707 0.525604
6708 0.672427
6709 0.425176
6710 0.299999
6711 0.3524
6712 0.630091
6713 0.353176
6714 0.662485
6715 0.975508
6716 0.980926
6717 0.857201
6718 0.47324
6719 0.488682
6720 0.944767
6721 0.982891
6722 0.80838
6723 0.602357
6724 0.515204
6725 0.807065
6726 0.600364
6727 0.886709
6728 0.292832
6729 0.391316
6730 0.782778
6731 0.696829
6732 0.331169
6733 0.417588
6734 0.85261
6735 0.315599
6736 0.815204
6737 0.425551
6738 0.383368
6739 0.43373
6740 0.2943
6741 0.879881
6742 0.778532
6743 0.327562
6744 0.77506
6745 0.361501
6746 0.695698
6747 0.31108
6748 0.651603
6749 0.320971
6750 0.875711
6751 0.693016
6752 0.345547
6753 0.752701
6754 0.411375
6755 0.360169
6756 0.839378
6757 0.854819
6758 0.638985
6759 0.637765
6760 0.816986
6761 0.373526
6762 0.920907
6763 0.379471
6764 0.381034
6765 0.385427
6766 0.806813
6767 0.694094
6768 0.454639
6769 0.787479
6770 0.591996
6771 0.522645
6772 0.821089
6773 0.569562
6774 0.853859
6775 0.404431
6776 0.855876
6777 0.897651
6778 0.319774
6779 0.80002
6780 0.831873
6781 0.39569
6782 0.885896
6783 0.353977
6784 0.683589
6785 0.356176
6786 0.92924
6787 0.881335
6788 0.917388
6789 0.459935
6790 0.411147
6791 0.759151
6792 0.321844
6793 0.435021
6794 0.688234
6795 0.709324
6796 0.888143
6797 0.624727
6798 0.52195
6799 0.487451
6800 0.282217
6801 0.940447
6802 0.362935
6803 0.903536
6804 0.747399
6805 0.326167
6806 0.419798
6807 0.8891
6808 0.899955
6809 0.798916
6810 0.808539
6811 0.381322
6812 0.732556
6813 0.487296
6814 0.317973
6815 0.965075
6816 0.795912
6817 0.843219
6818 0.315751
6819 0.934041
6820 0.384517
6821 0.323892
6822 0.548126
6823 0.803072
6824 0.721855
6825 0.852632
6826 0.550447
6827 0.896562
6828 0.744773
6829 0.783847
6830 0.593722
6831 0.620874
6832 0.679795
6833 0.447995
6834 0.228272
6835 0.640062
6836 0.890833
6837 0.666053
6838 0.331208
6839 0.317279
6840 0.3312
6841 0.363944
6842 0.374645
6843 0.675671
6844 0.649993
6845 0.876061
6846 0.380418
6847 0.928301
6848 0.795915
6849 0.916567
6850 0.935911
6851 0.370692
6852 0.85054
6853 0.861948
6854 0.784257
6855 0.463892
6856 0.470137
6857 0.245772
6858 0.350836
6859 0.796673
6860 0.698251
6861 0.489704
6862 0.993219
6863 0.778246
6864 0.757892
6865 0.666017
6866 0.829637
6867 0.84401
6868 0.752392
6869 0.82006
6870 0.666479
6871 0.378866
6872 0.881284
6873 0.922882
6874 0.429545
6875 0.488074
6876 0.918628
6877 0.945194
6878 0.851296
6879 0.859362
6880 0.944151
6881 0.832545
6882 0.904786
6883 0.90043
6884 0.437364
6885 0.339726
6886 0.84651
6887 0.84389
6888 0.440429
6889 0.514495
6890 0.272392
6891 0.361787
6892 0.445802
6893 0.405287
6894 0.479106
6895 0.719523
6896 0.938583
6897 0.48412
6898 0.527698
6899 0.509145
6900 0.934201
6901 0.631706
6902 0.620252
6903 0.518075
6904 0.614439
6905 0.898082
6906 0.535184
6907 0.459143
6908 0.982542
6909 0.758659
6910 0.938982
6911 0.448033
6912 0.551236
6913 0.469197
6914 0.592522
6915 0.61968
6916 0.632203
6917 0.946404
6918 0.427926
6919 0.369375
6920 0.717206
6921 0.454259
6922 0.95071
6923 0.624673
6924 0.357974
6925 0.444615
6926 0.818
6927 0.659518
6928 0.862275
6929 0.61872
6930 0.757069
6931 0.917662
6932 0.544611
6933 0.783841
6934 0.690091
6935 0.750137
6936 0.833141
6937 0.873157
6938 0.716278
6939 0.246153
6940 0.525941
6941 0.743275
6942 0.888022
6943 0.774732
6944 0.863451
6945 0.611123
6946 0.398318
6947 0.428816
6948 0.839507
6949 0.70872
6950 0.369959
6951 0.534911
6952 0.895826
6953 0.803307
6954 0.303571
6955 0.3458
6956 0.415183
6957 0.793199
6958 0.719738
6959 0.793889
6960 0.422237
6961 0.631688
6962 0.934614
6963 0.575173
6964 0.828968
6965 0.450849
6966 0.710556
6967 0.356909
6968 0.697385
6969 0.955056
6970 0.545028
6971 0.668528
6972 0.431745
6973 0.567963
6974 0.395995
6975 0.263232
6976 0.826728
6977 0.356877
6978 0.464632
6979 0.630864
6980 0.512634
6981 0.810321
6982 0.951065
6983 0.338822
6984 0.94662
6985 0.680004
6986 0.820943
6987 0.614272
6988 0.803808
6989 0.39938
6990 0.875541
6991 0.378383
6992 0.903766
6993 0.482436
6994 0.598312
6995 0.803606
6996 0.95264
6997 0.874124
6998 0.401719
6999 0.90973
7000 0.766717
7001 0.843435
7002 0.851398
7003 0.555053
7004 0.890876
7005 0.849913
7006 0.901555
7007 0.829578
7008 0.909741
7009 0.872881
7010 0.42465
7011 0.890101
7012 0.835842
7013 0.899473
7014 0.809057
7015 0.511972
7016 0.74759
7017 0.833051
7018 0.377134
7019 0.936473
7020 0.567143
7021 0.740713
7022 0.358777
7023 0.679795
7024 0.85446
7025 0.865582
7026 0.888721
7027 0.670523
7028 0.320643
7029 0.613004
7030 0.814892
7031 0.789889
7032 0.859784
7033 0.422814
7034 0.365632
7035 0.638374
7036 0.797413
7037 0.857595
7038 0.672239
7039 0.481881
7040 0.647845
7041 0.78753
7042 0.246108
7043 0.348932
7044 0.966122
7045 0.376429
7046 0.752904
7047 0.780345
7048 0.689851
7049 0.449524
7050 0.291982
7051 0.661767
7052 0.816398
7053 0.663741
7054 0.866638
7055 0.0969022
7056 0.886941
7057 0.146121
7058 0.419533
7059 0.921085
7060 0.364698
7061 0.701894
7062 0.874185
7063 0.651308
7064 0.691185
7065 0.358225
7066 0.321804
7067 0.364099
7068 0.836659
7069 0.672145
7070 0.387519
7071 0.349574
7072 0.786216
7073 0.822971
7074 0.792788
7075 0.29946
7076 0.357826
7077 0.567204
7078 0.867472
7079 0.601388
7080 0.486741
7081 0.859044
7082 0.319482
7083 0.761332
7084 0.855927
7085 0.53906
7086 0.670793
7087 0.847009
7088 0.364971
7089 0.675863
7090 0.302836
7091 0.366009
7092 0.806553
7093 0.789084
7094 0.857618
7095 0.73382
7096 0.767498
7097 0.852403
7098 0.901881
7099 0.386753
7100 0.793072
7101 0.72038
7102 0.744423
7103 0.832357
7104 0.774952
7105 0.878303
7106 0.677327
7107 0.907738
7108 0.351255
7109 0.414785
7110 0.365202
7111 0.367628
7112 0.832384
7113 0.726406
7114 0.785546
7115 0.716127
7116 0.75818
7117 0.817607
7118 0.692282
7119 0.858421
7120 0.901039
7121 0.759731
7122 0.787431
7123 0.788629
7124 0.923135
7125 0.604508
7126 0.727343
7127 0.721507
7128 0.398039
7129 0.319828
7130 0.344219
7131 0.766421
7132 0.860526
7133 0.826027
7134 0.455516
7135 0.135872
7136 0.109418
7137 0.720356
7138 0.888977
7139 0.286885
7140 0.330997
7141 0.528425
7142 0.592995
7143 0.903442
7144 0.419872
7145 0.927328
7146 0.7181
7147 0.969529
7148 0.974654
7149 0.488969
7150 0.938839
7151 0.44734
7152 0.874367
7153 0.962154
7154 0.811377
7155 0.980336
7156 0.655981
7157 0.438335
7158 0.823998
7159 0.526179
7160 0.606525
7161 0.928181
7162 0.468802
7163 0.867599
7164 0.589485
7165 0.613723
7166 0.500806
7167 0.987366
7168 0.523363
7169 0.591754
7170 0.473938
7171 0.517104
7172 0.446271
7173 0.571841
7174 0.608545
7175 0.953501
7176 0.554546
7177 0.514921
7178 0.54085
7179 0.431999
7180 0.454242
7181 0.421534
7182 0.583107
7183 0.612015
7184 0.604756
7185 0.476085
7186 0.826419
7187 0.943177
7188 0.927785
7189 0.539612
7190 0.957816
7191 0.538532
7192 0.559237
7193 0.814764
7194 0.355956
7195 0.810593
7196 0.687069
7197 0.671702
7198 0.829363
7199 0.692466
7200 0.571507
7201 0.55831
7202 0.745435
7203 0.795841
7204 0.931196
7205 0.346565
7206 0.560676
7207 0.922017
7208 0.611533
7209 0.745841
7210 0.387953
7211 0.320286
7212 0.283001
7213 0.417718
7214 0.855463
7215 0.866096
7216 0.805681
7217 0.290194
7218 0.325258
7219 0.968319
7220 0.316141
7221 0.289433
7222 0.949524
7223 0.469898
7224 0.477315
7225 0.771807
7226 0.57212
7227 0.452657
7228 0.497709
7229 0.358824
7230 0.880315
7231 0.943135
7232 0.847254
7233 0.836185
7234 0.295968
7235 0.458075
7236 0.927395
7237 0.536301
7238 0.929236
7239 0.931847
7240 0.46375
7241 0.331888
7242 0.488302
7243 0.729247
7244 0.978636
7245 0.519432
7246 0.76087
7247 0.929476
7248 0.538872
7249 0.531089
7250 0.636176
7251 0.361675
7252 0.639046
7253 0.927772
7254 0.619953
7255 0.571276
7256 0.873451
7257 0.937177
7258 0.51871
7259 0.991305
7260 0.910721
7261 0.565274
7262 0.5436
7263 0.951711
7264 0.542404
7265 0.968454
7266 0.480667
7267 0.975939
7268 0.839184
7269 0.902258
7270 0.951224
7271 0.953181
7272 0.560317
7273 0.541739
7274 0.934311
7275 0.830039
7276 0.978897
7277 0.466249
7278 0.932713
7279 0.755125
7280 0.987504
7281 0.680146
7282 0.935375
7283 0.949
7284 0.937774
7285 0.901101
7286 0.946549
7287 0.565069
7288 0.532752
7289 0.522566
7290 0.94388
7291 0.495262
7292 0.955689
7293 0.711937
7294 0.973773
7295 0.940187
7296 0.516618
7297 0.798006
7298 0.528277
7299 0.798612
7300 0.629739
7301 0.84322
7302 0.839706
7303 0.219756
7304 0.653477
7305 0.527326
7306 0.860736
7307 0.459479
7308 0.352354
7309 0.527393
7310 0.8399
7311 0.977274
7312 0.323451
7313 0.93191
7314 0.390268
7315 0.359664
7316 0.687705
7317 0.671739
7318 0.411969
7319 0.805242
7320 0.360597
7321 0.617001
7322 0.804261
7323 0.957305
7324 0.512419
7325 0.316632
7326 0.598898
7327 0.700586
7328 0.960256
7329 0.962301
7330 0.555473
7331 0.517353
7332 0.510503
7333 0.87795
7334 0.506386
7335 0.892325
7336 0.695039
7337 0.732389
7338 0.934682
7339 0.499788
7340 0.866721
7341 0.87323
7342 0.592545
7343 0.764441
7344 0.198035
7345 0.872072
7346 0.920222
7347 0.856601
7348 0.936865
7349 0.920832
7350 0.857353
7351 0.479032
7352 0.574318
7353 0.877209
7354 0.782506
7355 0.934588
7356 0.222514
7357 0.909778
7358 0.517055
7359 0.917265
7360 0.421274
7361 0.271695
7362 0.690085
7363 0.465528
7364 0.8706
7365 0.8739
7366 0.671998
7367 0.381687
7368 0.353048
7369 0.8794
7370 0.862992
7371 0.780612
7372 0.643261
7373 0.87273
7374 0.429618
7375 0.713289
7376 0.538565
7377 0.53676
7378 0.890119
7379 0.896165
7380 0.814806
7381 0.843654
7382 0.872825
7383 0.75695
7384 0.915718
7385 0.508774
7386 0.975562
7387 0.966008
7388 0.877701
7389 0.977524
7390 0.864286
7391 0.65045
7392 0.726476
7393 0.787341
7394 0.591245
7395 0.704721
7396 0.450036
7397 0.742716
7398 0.900088
7399 0.959659
7400 0.924762
7401 0.481962
7402 0.48414
7403 0.401481
7404 0.449023
7405 0.740424
7406 0.459111
7407 0.384295
7408 0.964405
7409 0.473642
7410 0.897908
7411 0.640783
7412 0.457032
7413 0.888451
7414 0.889949
7415 0.448401
7416 0.93876
7417 0.683477
7418 0.922142
7419 0.969828
7420 0.440022
7421 0.97322
7422 0.464339
7423 0.480635
7424 0.474663
7425 0.960659
7426 0.499531
7427 0.509763
7428 0.602112
7429 0.967529
7430 0.90552
7431 0.511602
7432 0.904241
7433 0.462855
7434 0.449729
7435 0.847149
7436 0.65596
7437 0.781825
7438 0.860594
7439 0.325712
7440 0.831555
7441 0.600689
7442 0.758482
7443 0.485708
7444 0.854357
7445 0.777523
7446 0.817555
7447 0.508319
7448 0.314944
7449 0.442224
7450 0.597533
7451 0.533301
7452 0.884325
7453 0.926003
7454 0.964624
7455 0.967794
7456 0.459391
7457 0.895543
7458 0.908268
7459 0.966908
7460 0.928464
7461 0.961494
7462 0.820005
7463 0.970429
7464 0.907777
7465 0.779527
7466 0.923386
7467 0.53422
7468 0.314723
7469 0.284075
7470 0.869227
7471 0.333676
7472 0.664615
7473 0.917253
7474 0.354802
7475 0.758814
7476 0.581169
7477 0.223844
7478 0.547727
7479 0.454079
7480 0.48493
7481 0.850355
7482 0.969636
7483 0.850007
7484 0.977517
7485 0.44198
7486 0.876983
7487 0.618374
7488 0.790616
7489 0.607038
7490 0.508041
7491 0.512162
7492 0.362306
7493 0.886581
7494 0.706251
7495 0.823995
7496 0.363182
7497 0.132542
7498 0.328351
7499 0.784671
7500 0.570193
7501 0.723229
7502 0.433727
7503 0.951686
7504 0.157225
7505 0.77238
7506 0.522965
7507 0.863816
7508 0.713898
7509 0.40871
7510 0.920987
7511 0.76765
7512 0.681958
7513 0.695644
7514 0.790896
7515 0.766553
7516 0.348182
7517 0.834176
7518 0.79332
7519 0.85598
7520 0.789334
7521 0.812777
7522 0.856707
7523 0.879807
7524 0.830845
7525 0.922586
7526 0.876639
7527 0.713215
7528 0.848005
7529 0.390826
7530 0.801365
7531 0.909554
7532 0.905356
7533 0.327601
7534 0.775941
7535 0.854456
7536 0.774056
7537 0.419391
7538 0.905635
7539 0.723758
7540 0.923802
7541 0.662328
7542 0.608918
7543 0.3519
7544 0.366504
7545 0.456393
7546 0.625642
7547 0.885102
7548 0.803743
7549 0.850849
7550 0.931789
7551 0.801149
7552 0.391254
7553 0.772642
7554 0.787423
7555 0.819855
7556 0.953714
7557 0.772551
7558 0.809209
7559 0.694845
7560 0.854596
7561 0.975802
7562 0.849583
7563 0.959576
7564 0.669364
7565 0.83559
7566 0.948046
7567 0.863014
7568 0.587188
7569 0.34638
7570 0.534765
7571 0.810846
7572 0.297059
7573 0.601654
7574 0.296729
7575 0.811886
7576 0.350993
7577 0.850985
7578 0.378959
7579 0.29238
7580 0.283031
7581 0.774148
7582 0.772991
7583 0.596893
7584 0.820067
7585 0.714862
7586 0.686214
7587 0.351711
7588 0.614785
7589 0.513322
7590 0.707996
7591 0.84123
7592 0.81886
7593 0.364682
7594 0.395254
7595 0.699563
7596 0.557741
7597 0.638446
7598 0.966756
7599 0.64718
7600 0.55535
7601 0.941487
7602 0.730523
7603 0.886362
7604 0.832801
7605 0.829083
7606 0.926971
7607 0.390784
7608 0.460319
7609 0.873239
7610 0.807733
7611 0.684637
7612 0.451145
7613 0.927553
7614 0.924835
7615 0.956307
7616 0.872501
7617 0.650926
7618 0.95102
7619 0.717572
7620 0.730114
7621 0.57377
7622 0.854994
7623 0.849332
7624 0.738082
7625 0.949594
7626 0.656309
7627 0.84452
7628 0.403446
7629 0.677864
7630 0.819598
7631 0.483748
7632 0.472509
7633 0.391139
7634 0.387196
7635 0.411821
7636 0.37498
7637 0.351028
7638 0.281784
7639 0.666877
7640 0.77017
7641 0.412121
7642 0.708289
7643 0.849869
7644 0.801695
7645 0.884848
7646 0.412277
7647 0.82396
7648 0.817669
7649 0.921799
7650 0.82017
7651 0.337072
7652 0.359959
7653 0.878663
7654 0.536001
7655 0.71416
7656 0.576158
7657 0.734923
7658 0.505477
7659 0.845212
7660 0.873828
7661 0.694348
7662 0.910501
7663 0.64
7664 0.448051
7665 0.220511
7666 0.50348
7667 0.574383
7668 0.8782
7669 0.813413
7670 0.825442
7671 0.37364
7672 0.869926
7673 0.613588
7674 0.781527
7675 0.93978
7676 0.555111
7677 0.405354
7678 0.755047
7679 0.563195
7680 0.36137
7681 0.7214
7682 0.817229
7683 0.412336
7684 0.695535
7685 0.455732
7686 0.369428
7687 0.529524
7688 0.757824
7689 0.941351
7690 0.887559
7691 0.96279
7692 0.426407
7693 0.499022
7694 0.942231
7695 0.89112
7696 0.935867
7697 0.864765
7698 0.688397
7699 0.858965
7700 0.392385
7701 0.984879
7702 0.402483
7703 0.661115
7704 0.729271
7705 0.833114
7706 0.933715
7707 0.974733
7708 0.903983
7709 0.53895
7710 0.9399
7711 0.953768
7712 0.365226
7713 0.742845
7714 0.873829
7715 0.39516
7716 0.308823
7717 0.872412
7718 0.306158
7719 0.230456
7720 0.403885
7721 0.911359
7722 0.346606
7723 0.641515
7724 0.750665
7725 0.269622
7726 0.721589
7727 0.854462
7728 0.970977
7729 0.657283
7730 0.340983
7731 0.743785
7732 0.296136
7733 0.783956
7734 0.462426
7735 0.786294
7736 0.477104
7737 0.831604
7738 0.992875
7739 0.871975
7740 0.896199
7741 0.308357
7742 0.794432
7743 0.703556
7744 0.841592
7745 0.40362
7746 0.844484
7747 0.93484
7748 0.815674
7749 0.377507
7750 0.357844
7751 0.800543
7752 0.375428
7753 0.43131
7754 0.418822
7755 0.453161
7756 0.695562
7757 0.847758
7758 0.947933
7759 0.859216
7760 0.943937
7761 0.816585
7762 0.771977
7763 0.805135
7764 0.413208
7765 0.757958
7766 0.908489
7767 0.534213
7768 0.837436
7769 0.803553
7770 0.445482
7771 0.802066
7772 0.367232
7773 0.390263
7774 0.895434
7775 0.389177
7776 0.852496
7777 0.859251
7778 0.631054
7779 0.367701
7780 0.357323
7781 0.937672
7782 0.806139
7783 0.356572
7784 0.663817
7785 0.800115
7786 0.361646
7787 0.585694
7788 0.517509
7789 0.469399
7790 0.514967
7791 0.930796
7792 0.827374
7793 0.884407
7794 0.965905
7795 0.872225
7796 0.406173
7797 0.911161
7798 0.908448
7799 0.511551
7800 0.740414
7801 0.825963
7802 0.402512
7803 0.294592
7804 0.398978
7805 0.63699
7806 0.855885
7807 0.946386
7808 0.90011
7809 0.896491
7810 0.3624
7811 0.352072
7812 0.932
7813 0.827533
7814 0.425331
7815 0.92482
7816 0.920851
7817 0.53894
7818 0.945941
7819 0.810466
7820 0.826694
7821 0.713109
7822 0.352698
7823 0.792597
7824 0.804478
7825 0.451795
7826 0.517969
7827 0.624894
7828 0.158602
7829 0.508827
7830 0.417185
7831 0.330376
7832 0.605823
7833 0.903404
7834 0.648359
7835 0.851256
7836 0.674119
7837 0.824251
7838 0.744979
7839 0.294634
7840 0.94355
7841 0.514539
7842 0.561397
7843 0.931912
7844 0.841088
7845 0.389817
7846 0.350337
7847 0.802537
7848 0.608299
7849 0.857524
7850 0.954829
7851 0.230601
7852 0.791397
7853 0.96508
7854 0.716572
7855 0.640279
7856 0.505526
7857 0.756373
7858 0.472066
7859 0.237152
7860 0.485358
7861 0.793573
7862 0.847512
7863 0.723492
7864 0.848505
7865 0.37833
7866 0.399181
7867 0.393855
7868 0.670291
7869 0.718495
7870 0.756883
7871 0.812398
7872 0.326738
7873 0.896461
7874 0.702345
7875 0.640251
7876 0.456101
7877 0.769857
7878 0.658754
7879 0.657141
7880 0.837979
7881 0.364564
7882 0.359481
7883 0.910075
7884 0.846698
7885 0.81469
7886 0.635046
7887 0.558911
7888 0.602669
7889 0.44474
7890 0.842812
7891 0.653228
7892 0.603588
7893 0.645206
7894 0.446626
7895 0.609666
7896 0.31982
7897 0.385178
7898 0.52903
7899 0.25828
7900 0.464146
7901 0.522039
7902 0.918486
7903 0.359295
7904 0.291629
7905 0.363614
7906 0.658535
7907 0.95715
7908 0.432937
7909 0.394287
7910 0.873779
7911 0.684819
7912 0.338156
7913 0.700473
7914 0.963774
7915 0.850455
7916 0.920869
7917 0.894401
7918 0.843169
7919 0.296943
7920 0.711937
7921 0.710178
7922 0.551696
7923 0.31736
7924 0.334719
7925 0.390843
7926 0.933362
7927 0.893906
7928 0.79492
7929 0.591191
7930 0.400883
7931 0.111605
7932 0.945333
7933 0.754794
7934 0.770067
7935 0.816789
7936 0.336869
7937 0.463793
7938 0.857397
7939 0.600666
7940 0.722914
7941 0.894558
7942 0.331677
7943 0.66468
7944 0.788222
7945 0.655635
7946 0.541598
7947 0.432567
7948 0.902279
7949 0.701739
7950 0.813491
7951 0.775046
7952 0.501369
7953 0.506774
7954 0.461542
7955 0.591438
7956 0.507858
7957 0.826237
7958 0.24835
7959 0.434345
7960 0.541194
7961 0.556043
7962 0.659554
7963 0.937546
7964 0.38445
7965 0.251231
7966 0.318752
7967 0.313654
7968 0.220026
7969 0.720268
7970 0.352586
7971 0.718371
7972 0.854123
7973 0.76737
7974 0.360477
7975 0.344727
7976 0.740139
7977 0.0914813
7978 0.897569
7979 0.546456
7980 0.873082
7981 0.723485
7982 0.77075
7983 0.78569
7984 0.73702
7985 0.846397
7986 0.758178
7987 0.833328
7988 0.650871
7989 0.953621
7990 0.910291
7991 0.343783
7992 0.465683
7993 0.946202
7994 0.57498
7995 0.858561
7996 0.875832
7997 0.899189
7998 0.647932
7999 0.629675
8000 0.441116
8001 0.299727
8002 0.440832
8003 0.65854
8004 0.80046
8005 0.836413
8006 0.37393
8007 0.606032
8008 0.814932
8009 0.771999
8010 0.50559
8011 0.759231
8012 0.909691
8013 0.390388
8014 0.452291
8015 0.854211
8016 0.654829
8017 0.649821
8018 0.560217
8019 0.794537
8020 0.391397
8021 0.311354
8022 0.379401
8023 0.803318
8024 0.697303
8025 0.778689
8026 0.739774
8027 0.88787
8028 0.629866
8029 0.370381
8030 0.397179
8031 0.377858
8032 0.692057
8033 0.843354
8034 0.40352
8035 0.702259
8036 0.490042
8037 0.865906
8038 0.846525
8039 0.408596
8040 0.872942
8041 0.422206
8042 0.716996
8043 0.362307
8044 0.653097
8045 0.789981
8046 0.969905
8047 0.473405
8048 0.893437
8049 0.927536
8050 0.401646
8051 0.796995
8052 0.652493
8053 0.781672
8054 0.417219
8055 0.377298
8056 0.408772
8057 0.719851
8058 0.644808
8059 0.826685
8060 0.876355
8061 0.427373
8062 0.82449
8063 0.714096
8064 0.96106
8065 0.68232
8066 0.519648
8067 0.961308
8068 0.718691
8069 0.903286
8070 0.516194
8071 0.888057
8072 0.949542
8073 0.539723
8074 0.982839
8075 0.714407
8076 0.571489
8077 0.80473
8078 0.736647
8079 0.576669
8080 0.151552
8081 0.928442
8082 0.943245
8083 0.389933
8084 0.887407
8085 0.754867
8086 0.822067
8087 0.906644
8088 0.549453
8089 0.970955
8090 0.73631
8091 0.523925
8092 0.790163
8093 0.242228
8094 0.473399
8095 0.715792
8096 0.524396
8097 0.883983
8098 0.918259
8099 0.862827
8100 0.66488
8101 0.864821
8102 0.818715
8103 0.50787
8104 0.92381
8105 0.899273
8106 0.929202
8107 0.980042
8108 0.408349
8109 0.759098
8110 0.481221
8111 0.30685
8112 0.905125
8113 0.554113
8114 0.338463
8115 0.878902
8116 0.710756
8117 0.488027
8118 0.489174
8119 0.829397
8120 0.641261
8121 0.791964
8122 0.850525
8123 0.648222
8124 0.60732
8125 0.658975
8126 0.804224
8127 0.659824
8128 0.380009
8129 0.424859
8130 0.445295
8131 0.745599
8132 0.895058
8133 0.45105
8134 0.563607
8135 0.734743
8136 0.855004
8137 0.686226
8138 0.929788
8139 0.693788
8140 0.791939
8141 0.523065
8142 0.462514
8143 0.834082
8144 0.951391
8145 0.849082
8146 0.877236
8147 0.921613
8148 0.443695
8149 0.93688
8150 0.643089
8151 0.749409
8152 0.838159
8153 0.888271
8154 0.398389
8155 0.821318
8156 0.676702
8157 0.473664
8158 0.766312
8159 0.923031
8160 0.65243
8161 0.85386
8162 0.746885
8163 0.405267
8164 0.832441
8165 0.822916
8166 0.627505
8167 0.852852
8168 0.39082
8169 0.856318
8170 0.573756
8171 0.840167
8172 0.445086
8173 0.644653
8174 0.612226
8175 0.853357
8176 0.795772
8177 0.733042
8178 0.577827
8179 0.812828
8180 0.817645
8181 0.948175
8182 0.805386
8183 0.619445
8184 0.83686
8185 0.928929
8186 0.708764
8187 0.880313
8188 0.797786
8189 0.869803
8190 0.387727
8191 0.804323
8192 0.914418
8193 0.338388
8194 0.299474
8195 0.801872
8196 0.78778
8197 0.841264
8198 0.768215
8199 0.694196
8200 0.308143
8201 0.397282
8202 0.386475
8203 0.765659
8204 0.430844
8205 0.624888
8206 0.402075
8207 0.335809
8208 0.468093
8209 0.854206
8210 0.382234
8211 0.85433
8212 0.397084
8213 0.3932
8214 0.509311
8215 0.942537
8216 0.818749
8217 0.804614
8218 0.345816
8219 0.699763
8220 0.284709
8221 0.484891
8222 0.8328
8223 0.741398
8224 0.364734
8225 0.781644
8226 0.828928
8227 0.530681
8228 0.356307
8229 0.739687
8230 0.767969
8231 0.767647
8232 0.545987
8233 0.703383
8234 0.587291
8235 0.973897
8236 0.781563
8237 0.712481
8238 0.682966
8239 0.814833
8240 0.939047
8241 0.574967
8242 0.735902
8243 0.893137
8244 0.111644
8245 0.840678
8246 0.322169
8247 0.0944365
8248 0.743248
8249 0.386866
8250 0.346101
8251 0.935925
8252 0.757026
8253 0.871466
8254 0.957183
8255 0.86273
8256 0.959332
8257 0.977615
8258 0.951884
8259 0.410359
8260 0.318157
8261 0.600037
8262 0.817758
8263 0.847945
8264 0.882799
8265 0.492797
8266 0.867519
8267 0.969085
8268 0.690264
8269 0.67884
8270 0.357106
8271 0.628369
8272 0.96169
8273 0.233359
8274 0.853323
8275 0.51986
8276 0.90627
8277 0.824047
8278 0.796634
8279 0.524492
8280 0.474018
8281 0.779222
8282 0.234292
8283 0.858915
8284 0.736298
8285 0.505921
8286 0.4727
8287 0.31574
8288 0.912116
8289 0.317498
8290 0.764367
8291 0.77565
8292 0.546919
8293 0.224547
8294 0.684121
8295 0.829067
8296 0.0948927
8297 0.877781
8298 0.858998
8299 0.57747
8300 0.463988
8301 0.80475
8302 0.848257
8303 0.108187
8304 0.682704
8305 0.703407
8306 0.867058
8307 0.548505
8308 0.916106
8309 0.821284
8310 0.371203
8311 0.996945
8312 0.562489
8313 0.900115
8314 0.836557
8315 0.681919
8316 0.745004
8317 0.851359
8318 0.786479
8319 0.480759
8320 0.845831
8321 0.823812
8322 0.372017
8323 0.879901
8324 0.636976
8325 0.7904
8326 0.987029
8327 0.650661
8328 0.248628
8329 0.763514
8330 0.899898
8331 0.861141
8332 0.616756
8333 0.645706
8334 0.380099
8335 0.783703
8336 0.880697
8337 0.344761
8338 0.366039
8339 0.911047
8340 0.931382
8341 0.820858
8342 0.855673
8343 0.717564
8344 0.33656
8345 0.904872
8346 0.623101
8347 0.962419
8348 0.939737
8349 0.745963
8350 0.833604
8351 0.649029
8352 0.529876
8353 0.950534
8354 0.923827
8355 0.848383
8356 0.595914
8357 0.583174
8358 0.855331
8359 0.837635
8360 0.588343
8361 0.94273
8362 0.920952
8363 0.858497
8364 0.94653
8365 0.939416
8366 0.961316
8367 0.479966
8368 0.957468
8369 0.648316
8370 0.805164
8371 0.717733
8372 0.627584
8373 0.815873
8374 0.75806
8375 0.591499
8376 0.660749
8377 0.89241
8378 0.80695
8379 0.972333
8380 0.979274
8381 0.667243
8382 0.823373
8383 0.637466
8384 0.347409
8385 0.923946
8386 0.401193
8387 0.953279
8388 0.902186
8389 0.99291
8390 0.891061
8391 0.612528
8392 0.51103
8393 0.407318
8394 0.962057
8395 0.843902
8396 0.880881
8397 0.784737
8398 0.433386
8399 0.870737
8400 0.96519
8401 0.942077
8402 0.931718
8403 0.427548
8404 0.921785
8405 0.590759
8406 0.427597
8407 0.588551
8408 0.794949
8409 0.799037
8410 0.839103
8411 0.719052
8412 0.471255
8413 0.389525
8414 0.672199
8415 0.879533
8416 0.816707
8417 0.363379
8418 0.586531
8419 0.89993
8420 0.953261
8421 0.896449
8422 0.83371
8423 0.839404
8424 0.641005
8425 0.337919
8426 0.410948
8427 0.714265
8428 0.882689
8429 0.956269
8430 0.945419
8431 0.500005
8432 0.471768
8433 0.503249
8434 0.821897
8435 0.695573
8436 0.818828
8437 0.927164
8438 0.893214
8439 0.508379
8440 0.976975
8441 0.922543
8442 0.488497
8443 0.841578
8444 0.98511
8445 0.9653
8446 0.967558
8447 0.56208
8448 0.961997
8449 0.964057
8450 0.8977
8451 0.97402
8452 0.426914
8453 0.978915
8454 0.408965
8455 0.851622
8456 0.780041
8457 0.905786
8458 0.917467
8459 0.428215
8460 0.896563
8461 0.207208
8462 0.906152
8463 0.906233
8464 0.476853
8465 0.954161
8466 0.502827
8467 0.695512
8468 0.919074
8469 0.229224
8470 0.842786
8471 0.230695
8472 0.980959
8473 0.426446
8474 0.617112
8475 0.439195
8476 0.879792
8477 0.480006
8478 0.806291
8479 0.89232
8480 0.761327
8481 0.594676
8482 0.895083
8483 0.95831
8484 0.65747
8485 0.601472
8486 0.487857
8487 0.843143
8488 0.578028
8489 0.88353
8490 0.84796
8491 0.859615
8492 0.556525
8493 0.540024
8494 0.837494
8495 0.426403
8496 0.413676
8497 0.432793
8498 0.948935
8499 0.41272
8500 0.379584
8501 0.89764
8502 0.812123
8503 0.976531
8504 0.605477
8505 0.568493
8506 0.962685
8507 0.441268
8508 0.577452
8509 0.744417
8510 0.847371
8511 0.887646
8512 0.937306
8513 0.491389
8514 0.781208
8515 0.902095
8516 0.943345
8517 0.682372
8518 0.915487
8519 0.868652
8520 0.692714
8521 0.860697
8522 0.684025
8523 0.86033
8524 0.833494
8525 0.920359
8526 0.422808
8527 0.563692
8528 0.693998
8529 0.712821
8530 0.416218
8531 0.971813
8532 0.671788
8533 0.781601
8534 0.883006
8535 0.702998
8536 0.711758
8537 0.808704
8538 0.716108
8539 0.346621
8540 0.779797
8541 0.40939
8542 0.350339
8543 0.843148
8544 0.818405
8545 0.334657
8546 0.813145
8547 0.39525
8548 0.854598
8549 0.794853
8550 0.447557
8551 0.746612
8552 0.66768
8553 0.34145
8554 0.73421
8555 0.843283
8556 0.707301
8557 0.408701
8558 0.736353
8559 0.912894
8560 0.524933
8561 0.648604
8562 0.618396
8563 0.872978
8564 0.469136
8565 0.793581
8566 0.892587
8567 0.936137
8568 0.966745
8569 0.760589
8570 0.835384
8571 0.447517
8572 0.678318
8573 0.872799
8574 0.69973
8575 0.867141
8576 0.868346
8577 0.859901
8578 0.810091
8579 0.317652
8580 0.434952
8581 0.830864
8582 0.892309
8583 0.720092
8584 0.889578
8585 0.760285
8586 0.728267
8587 0.467039
8588 0.819238
8589 0.799556
8590 0.985348
8591 0.567661
8592 0.381796
8593 0.35683
8594 0.641336
8595 0.89865
8596 0.81451
8597 0.821359
8598 0.381111
8599 0.319569
8600 0.845947
8601 0.621303
8602 0.449829
8603 0.822492
8604 0.401444
8605 0.560924
8606 0.313744
8607 0.343072
8608 0.845481
8609 0.755829
8610 0.612051
8611 0.508826
8612 0.760582
8613 0.89261
8614 0.794881
8615 0.882468
8616 0.920883
8617 0.66947
8618 0.848622
8619 0.911348
8620 0.802698
8621 0.366248
8622 0.464271
8623 0.604248
8624 0.695155
8625 0.813377
8626 0.70448
8627 0.513114
8628 0.614593
8629 0.404211
8630 0.653483
8631 0.875865
8632 0.400696
8633 0.833502
8634 0.921909
8635 0.808971
8636 0.554117
8637 0.594202
8638 0.735599
8639 0.436933
8640 0.662556
8641 0.401774
8642 0.685885
8643 0.86966
8644 0.985706
8645 0.612482
8646 0.801326
8647 0.924157
8648 0.712921
8649 0.322069
8650 0.421506
8651 0.474391
8652 0.634637
8653 0.377075
8654 0.648535
8655 0.816576
8656 0.826515
8657 0.877003
8658 0.923358
8659 0.42274
8660 0.309037
8661 0.691307
8662 0.67468
8663 0.855921
8664 0.442424
8665 0.893782
8666 0.926665
8667 0.797706
8668 0.839435
8669 0.690285
8670 0.853501
8671 0.369466
8672 0.4914
8673 0.306953
8674 0.397701
8675 0.658465
8676 0.866421
8677 0.727993
8678 0.854568
8679 0.930283
8680 0.922444
8681 0.636977
8682 0.942521
8683 0.773145
8684 0.676873
8685 0.850361
8686 0.866849
8687 0.847139
8688 0.912857
8689 0.928853
8690 0.660549
8691 0.395321
8692 0.943818
8693 0.650463
8694 0.66778
8695 0.854138
8696 0.54584
8697 0.340347
8698 0.882796
8699 0.874121
8700 0.424771
8701 0.870545
8702 0.484588
8703 0.780403
8704 0.280667
8705 0.683091
8706 0.853338
8707 0.659987
8708 0.43165
8709 0.810204
8710 0.946841
8711 0.420729
8712 0.782814
8713 0.51069
8714 0.689306
8715 0.882313
8716 0.441771
8717 0.95651
8718 0.941117
8719 0.548361
8720 0.829069
8721 0.471655
8722 0.818509
8723 0.523189
8724 0.968278
8725 0.633266
8726 0.805564
8727 0.835065
8728 0.73867
8729 0.379263
8730 0.707387
8731 0.833373
8732 0.823605
8733 0.890034
8734 0.75652
8735 0.415898
8736 0.693263
8737 0.209362
8738 0.943567
8739 0.649407
8740 0.332542
8741 0.803313
8742 0.556357
8743 0.427033
8744 0.908618
8745 0.365491
8746 0.656217
8747 0.71455
8748 0.925787
8749 0.531621
8750 0.688703
8751 0.867581
8752 0.850988
8753 0.960013
8754 0.697499
8755 0.579292
8756 0.403082
8757 0.74784
8758 0.638422
8759 0.897838
8760 0.362316
8761 0.798926
8762 0.688387
8763 0.876762
8764 0.672184
8765 0.727632
8766 0.620348
8767 0.619786
8768 0.356206
8769 0.903805
8770 0.673068
8771 0.606453
8772 0.394307
8773 0.874014
8774 0.94425
8775 0.925249
8776 0.810856
8777 0.805194
8778 0.526132
8779 0.605823
8780 0.328108
8781 0.440211
8782 0.645157
8783 0.901564
8784 0.724555
8785 0.428736
8786 0.50794
8787 0.854352
8788 0.407121
8789 0.305641
8790 0.871046
8791 0.389364
8792 0.400797
8793 0.0804171
8794 0.875971
8795 0.789726
8796 0.74904
8797 0.901896
8798 0.640502
8799 0.805677
8800 0.849143
8801 0.381783
8802 0.854288
8803 0.221173
8804 0.927029
8805 0.642624
8806 0.400441
8807 0.357311
8808 0.342628
8809 0.279231
8810 0.466411
8811 0.682871
8812 0.730269
8813 0.283651
8814 0.723234
8815 0.328172
8816 0.72627
8817 0.901135
8818 0.381902
8819 0.861032
8820 0.359653
8821 0.537039
8822 0.914627
8823 0.843837
8824 0.348854
8825 0.362139
8826 0.486493
8827 0.531313
8828 0.884416
8829 0.831286
8830 0.459253
8831 0.627625
8832 0.139843
8833 0.844081
8834 0.592988
8835 0.811974
8836 0.387329
8837 0.829521
8838 0.710622
8839 0.835557
8840 0.820227
8841 0.896277
8842 0.564704
8843 0.430798
8844 0.549528
8845 0.543311
8846 0.841156
8847 0.68705
8848 0.890005
8849 0.880415
8850 0.964104
8851 0.936024
8852 0.835417
8853 0.24351
8854 0.703234
8855 0.523799
8856 0.971954
8857 0.898989
8858 0.0798692
8859 0.572438
8860 0.942178
8861 0.786247
8862 0.871588
8863 0.907564
8864 0.905477
8865 0.678299
8866 0.821967
8867 0.401983
8868 0.774464
8869 0.391125
8870 0.684044
8871 0.282136
8872 0.678692
8873 0.774597
8874 0.495865
8875 0.835585
8876 0.397819
8877 0.761018
8878 0.296291
8879 0.883889
8880 0.781194
8881 0.856266
8882 0.438865
8883 0.667091
8884 0.302549
8885 0.734761
8886 0.526611
8887 0.719013
8888 0.699737
8889 0.633233
8890 0.982426
8891 0.754554
8892 0.91869
8893 0.756161
8894 0.47715
8895 0.528291
8896 0.818614
8897 0.219931
8898 0.822771
8899 0.192769
8900 0.978677
8901 0.796312
8902 0.969598
8903 0.961517
8904 0.962815
8905 0.499815
8906 0.971748
8907 0.375808
8908 0.853152
8909 0.770016
8910 0.345762
8911 0.858616
8912 0.393333
8913 0.870656
8914 0.327468
8915 0.719158
8916 0.905161
8917 0.787163
8918 0.638119
8919 0.822012
8920 0.452476
8921 0.396869
8922 0.859625
8923 0.797397
8924 0.680757
8925 0.408874
8926 0.447867
8927 0.520645
8928 0.421611
8929 0.391013
8930 0.859707
8931 0.796063
8932 0.928432
8933 0.914871
8934 0.888473
8935 0.968928
8936 0.415278
8937 0.476919
8938 0.962471
8939 0.898524
8940 0.871514
8941 0.947495
8942 0.750516
8943 0.562232
8944 0.383425
8945 0.420061
8946 0.708547
8947 0.772927
8948 0.393537
8949 0.816277
8950 0.44644
8951 0.408241
8952 0.638467
8953 0.785199
8954 0.741209
8955 0.674694
8956 0.646783
8957 0.858543
8958 0.93293
8959 0.820543
8960 0.7744
8961 0.802764
8962 0.8338
8963 0.504505
8964 0.819194
8965 0.866878
8966 0.87411
8967 0.389543
8968 0.813706
8969 0.825396
8970 0.849927
8971 0.402621
8972 0.800731
8973 0.77625
8974 0.875705
8975 0.410079
8976 0.702551
8977 0.840664
8978 0.892437
8979 0.432807
8980 0.719375
8981 0.921247
8982 0.876634
8983 0.916425
8984 0.414843
8985 0.682982
8986 0.783385
8987 0.337569
8988 0.842449
8989 0.416896
8990 0.469264
8991 0.617908
8992 0.845772
8993 0.506661
8994 0.805494
8995 0.400467
8996 0.454392
8997 0.42322
8998 0.806005
8999 0.637194
9000 0.894478
9001 0.692009
9002 0.698962
9003 0.414706
9004 0.468708
9005 0.707767
9006 0.853827
9007 0.681465
9008 0.307807
9009 0.795265
9010 0.763886
9011 0.774921
9012 0.738407
9013 0.7631
9014 0.569173
9015 0.423986
9016 0.757899
9017 0.704752
9018 0.494167
9019 0.935441
9020 0.793695
9021 0.726069
9022 0.865718
9023 0.409112
9024 0.953198
9025 0.70468
9026 0.779091
9027 0.431299
9028 0.912637
9029 0.913531
9030 0.707269
9031 0.896535
9032 0.714811
9033 0.482706
9034 0.753508
9035 0.875138
9036 0.405666
9037 0.69386
9038 0.931639
9039 0.499832
9040 0.963065
9041 0.921573
9042 0.601856
9043 0.560709
9044 0.845026
9045 0.899869
9046 0.853214
9047 0.63991
9048 0.878844
9049 0.894563
9050 0.412255
9051 0.408787
9052 0.759521
9053 0.800576
9054 0.818918
9055 0.465076
9056 0.775359
9057 0.681226
9058 0.700317
9059 0.380854
9060 0.718524
9061 0.883493
9062 0.459793
9063 0.437344
9064 0.620917
9065 0.367045
9066 0.388479
9067 0.708474
9068 0.849517
9069 0.871124
9070 0.832488
9071 0.630272
9072 0.879954
9073 0.927242
9074 0.724228
9075 0.522881
9076 0.401831
9077 0.923602
9078 0.834999
9079 0.803257
9080 0.460135
9081 0.941303
9082 0.708549
9083 0.332756
9084 0.431418
9085 0.340191
9086 0.987833
9087 0.811068
9088 0.442841
9089 0.594069
9090 0.855127
9091 0.887255
9092 0.554042
9093 0.684579
9094 0.629886
9095 0.597579
9096 0.474921
9097 0.736769
9098 0.322665
9099 0.719263
9100 0.465746
9101 0.848562
9102 0.923956
9103 0.82138
9104 0.827274
9105 0.33427
9106 0.408139
9107 0.82967
9108 0.942052
9109 0.904034
9110 0.879747
9111 0.602157
9112 0.739522
9113 0.887763
9114 0.859803
9115 0.410451
9116 0.580434
9117 0.422979
9118 0.342463
9119 0.901561
9120 0.330672
9121 0.790907
9122 0.78478
9123 0.681009
9124 0.761774
9125 0.511677
9126 0.662215
9127 0.604429
9128 0.746608
9129 0.379083
9130 0.41651
9131 0.578286
9132 0.834975
9133 0.545334
9134 0.858762
9135 0.890882
9136 0.884171
9137 0.70218
9138 0.699953
9139 0.635365
9140 0.747825
9141 0.824683
9142 0.374084
9143 0.577237
9144 0.318926
9145 0.920018
9146 0.570637
9147 0.402915
9148 0.576317
9149 0.93526
9150 0.642701
9151 0.886863
9152 0.939965
9153 0.92832
9154 0.593475
9155 0.989066
9156 0.504297
9157 0.963421
9158 0.826691
9159 0.571808
9160 0.902388
9161 0.997455
9162 0.523611
9163 0.696899
9164 0.813039
9165 0.319788
9166 0.44608
9167 0.856223
9168 0.912368
9169 0.910237
9170 0.787166
9171 0.705989
9172 0.943941
9173 0.903128
9174 0.868721
9175 0.918738
9176 0.889356
9177 0.4701
9178 0.802814
9179 0.635001
9180 0.901178
9181 0.154579
9182 0.511908
9183 0.502662
9184 0.960528
9185 0.896825
9186 0.844661
9187 0.696257
9188 0.760311
9189 0.76951
9190 0.342451
9191 0.932303
9192 0.910919
9193 0.865345
9194 0.832242
9195 0.47592
9196 0.781668
9197 0.827353
9198 0.671917
9199 0.878717
9200 0.840016
9201 0.432833
9202 0.599297
9203 0.461039
9204 0.866097
9205 0.534786
9206 0.91473
9207 0.936519
9208 0.864377
9209 0.924008
9210 0.859051
9211 0.952134
9212 0.487058
9213 0.709219
9214 0.298423
9215 0.425821
9216 0.578829
9217 0.689696
9218 0.521028
9219 0.265051
9220 0.910778
9221 0.910835
9222 0.987243
9223 0.633156
9224 0.685964
9225 0.855541
9226 0.756598
9227 0.92393
9228 0.71062
9229 0.733553
9230 0.726061
9231 0.57001
9232 0.891222
9233 0.331672
9234 0.947936
9235 0.807228
9236 0.551091
9237 0.347498
9238 0.303954
9239 0.646047
9240 0.634642
9241 0.843796
9242 0.909714
9243 0.834666
9244 0.795742
9245 0.927471
9246 0.658741
9247 0.782673
9248 0.873628
9249 0.707396
9250 0.864496
9251 0.801413
9252 0.84462
9253 0.788275
9254 0.481418
9255 0.822419
9256 0.389063
9257 0.633135
9258 0.895663
9259 0.528797
9260 0.474304
9261 0.664589
9262 0.758034
9263 0.856579
9264 0.860923
9265 0.723282
9266 0.629648
9267 0.912544
9268 0.708299
9269 0.650384
9270 0.883167
9271 0.976673
9272 0.841711
9273 0.670976
9274 0.772297
9275 0.893114
9276 0.955371
9277 0.829518
9278 0.7011
9279 0.809078
9280 0.464187
9281 0.929877
9282 0.694781
9283 0.801172
9284 0.877889
9285 0.669513
9286 0.745256
9287 0.354462
9288 0.964393
9289 0.739096
9290 0.70213
9291 0.869809
9292 0.938194
9293 0.479485
9294 0.675647
9295 0.454148
9296 0.320848
9297 0.855772
9298 0.667147
9299 0.365719
9300 0.678697
9301 0.915893
9302 0.701433
9303 0.781513
9304 0.883233
9305 0.857972
9306 0.80987
9307 0.404017
9308 0.71857
9309 0.284907
9310 0.271092
9311 0.416652
9312 0.812882
9313 0.887371
9314 0.835352
9315 0.346307
9316 0.398637
9317 0.376343
9318 0.884451
9319 0.707929
9320 0.946158
9321 0.720986
9322 0.629479
9323 0.426559
9324 0.875914
9325 0.93027
9326 0.124668
9327 0.557955
9328 0.847661
9329 0.502724
9330 0.825266
9331 0.455129
9332 0.387761
9333 0.672344
9334 0.277526
9335 0.951249
9336 0.870872
9337 0.615543
9338 0.947996
9339 0.311985
9340 0.583671
9341 0.527573
9342 0.92468
9343 0.887067
9344 0.816705
9345 0.502722
9346 0.830006
9347 0.464771
9348 0.406529
9349 0.442279
9350 0.630586
9351 0.878242
9352 0.670302
9353 0.593492
9354 0.835072
9355 0.859921
9356 0.905841
9357 0.844947
9358 0.432208
9359 0.824857
9360 0.739894
9361 0.736535
9362 0.791741
9363 0.401219
9364 0.645844
9365 0.711559
9366 0.373382
9367 0.353724
9368 0.75105
9369 0.42794
9370 0.835511
9371 0.778194
9372 0.739891
9373 0.642852
9374 0.681698
9375 0.72128
9376 0.881436
9377 0.750958
9378 0.674512
9379 0.432339
9380 0.418648
9381 0.936984
9382 0.549208
9383 0.411431
9384 0.83492
9385 0.404693
9386 0.430074
9387 0.344894
9388 0.731247
9389 0.828072
9390 0.353825
9391 0.401955
9392 0.863611
9393 0.357024
9394 0.405036
9395 0.799424
9396 0.381343
9397 0.758406
9398 0.792057
9399 0.540971
9400 0.857636
9401 0.609804
9402 0.937294
9403 0.940485
9404 0.563213
9405 0.922637
9406 0.770631
9407 0.371655
9408 0.367338
9409 0.780869
9410 0.401722
9411 0.395845
9412 0.592457
9413 0.779198
9414 0.7721
9415 0.72824
9416 0.536202
9417 0.41602
9418 0.903468
9419 0.633973
9420 0.643685
9421 0.935753
9422 0.788331
9423 0.748827
9424 0.678255
9425 0.888988
9426 0.678016
9427 0.738326
9428 0.893833
9429 0.388165
9430 0.936956
9431 0.874274
9432 0.78538
9433 0.852101
9434 0.582439
9435 0.240244
9436 0.740776
9437 0.929649
9438 0.867345
9439 0.731282
9440 0.434294
9441 0.506109
9442 0.541057
9443 0.656232
9444 0.702865
9445 0.870181
9446 0.893479
9447 0.495263
9448 0.271778
9449 0.884472
9450 0.354815
9451 0.489214
9452 0.542859
9453 0.524978
9454 0.937362
9455 0.784995
9456 0.892396
9457 0.818193
9458 0.944231
9459 0.989945
9460 0.311893
9461 0.961151
9462 0.492677
9463 0.852964
9464 0.75637
9465 0.783339
9466 0.748444
9467 0.855967
9468 0.392582
9469 0.922647
9470 0.939061
9471 0.832334
9472 0.912353
9473 0.651098
9474 0.611736
9475 0.5254
9476 0.866311
9477 0.320251
9478 0.453515
9479 0.397674
9480 0.607049
9481 0.836955
9482 0.697869
9483 0.449264
9484 0.781396
9485 0.838351
9486 0.471005
9487 0.38272
9488 0.770013
9489 0.708835
9490 0.858396
9491 0.280124
9492 0.359115
9493 0.515107
9494 0.682426
9495 0.734479
9496 0.803962
9497 0.62126
9498 0.498272
9499 0.930983
9500 0.597482
9501 0.588213
9502 0.741335
9503 0.251157
9504 0.475254
9505 0.841785
9506 0.320424
9507 0.367854
9508 0.525349
9509 0.811956
9510 0.367218
9511 0.6443
9512 0.728095
9513 0.851601
9514 0.451398
9515 0.873865
9516 0.82644
9517 0.681013
9518 0.812582
9519 0.37844
9520 0.255203
9521 0.724882
9522 0.556357
9523 0.890423
9524 0.816102
9525 0.836749
9526 0.681546
9527 0.268687
9528 0.407204
9529 0.614752
9530 0.545339
9531 0.70812
9532 0.760455
9533 0.317471
9534 0.652835
9535 0.966482
9536 0.610564
9537 0.610503
9538 0.466981
9539 0.722794
9540 0.719192
9541 0.309688
9542 0.588999
9543 0.536463
9544 0.790264
9545 0.716282
9546 0.808766
9547 0.512605
9548 0.55067
9549 0.289914
9550 0.58698
9551 0.845478
9552 0.447021
9553 0.864718
9554 0.903833
9555 0.609138
9556 0.65815
9557 0.775397
9558 0.855874
9559 0.856974
9560 0.777595
9561 0.688139
9562 0.866712
9563 0.726041
9564 0.397724
9565 0.536452
9566 0.312666
9567 0.597139
9568 0.375993
9569 0.868328
9570 0.544477
9571 0.426811
9572 0.670248
9573 0.800027
9574 0.335435
9575 0.821517
9576 0.270436
9577 0.4198
9578 0.450342
9579 0.539521
9580 0.845623
9581 0.827838
9582 0.882357
9583 0.406691
9584 0.677612
9585 0.861998
9586 0.674978
9587 0.633409
9588 0.655169
9589 0.674561
9590 0.665402
9591 0.790244
9592 0.874119
9593 0.816576
9594 0.456536
9595 0.456229
9596 0.788713
9597 0.294979
9598 0.856101
9599 0.423824
9600 0.427845
9601 0.255116
9602 0.798995
9603 0.909528
9604 0.372036
9605 0.510532
9606 0.912402
9607 0.75004
9608 0.885714
9609 0.743013
9610 0.467861
9611 0.886151
9612 0.344859
9613 0.576638
9614 0.67716
9615 0.768915
9616 0.380228
9617 0.75852
9618 0.846692
9619 0.380791
9620 0.416352
9621 0.734867
9622 0.419544
9623 0.776256
9624 0.559108
9625 0.475353
9626 0.844007
9627 0.799578
9628 0.43162
9629 0.344091
9630 0.988943
9631 0.971165
9632 0.492157
9633 0.942775
9634 0.813642
9635 0.89619
9636 0.872203
9637 0.401083
9638 0.426553
9639 0.9691
9640 0.374452
9641 0.973461
9642 0.712899
9643 0.937053
9644 0.380756
9645 0.369928
9646 0.807258
9647 0.439861
9648 0.764283
9649 0.571944
9650 0.694267
9651 0.792514
9652 0.359423
9653 0.78408
9654 0.777695
9655 0.822731
9656 0.417113
9657 0.724212
9658 0.889746
9659 0.387043
9660 0.441519
9661 0.449694
9662 0.91613
9663 0.391862
9664 0.428044
9665 0.425062
9666 0.913924
9667 0.752772
9668 0.889255
9669 0.647132
9670 0.856823
9671 0.945002
9672 0.864657
9673 0.879829
9674 0.432444
9675 0.655586
9676 0.338874
9677 0.924618
9678 0.805979
9679 0.458182
9680 0.917962
9681 0.886692
9682 0.760492
9683 0.880764
9684 0.43758
9685 0.496656
9686 0.517927
9687 0.604856
9688 0.32089
9689 0.686597
9690 0.80789
9691 0.883215
9692 0.841387
9693 0.922242
9694 0.523133
9695 0.422974
9696 0.31382
9697 0.824774
9698 0.905791
9699 0.649351
9700 0.800167
9701 0.810406
9702 0.853534
9703 0.65939
9704 0.509352
9705 0.845514
9706 0.762264
9707 0.907292
9708 0.908229
9709 0.932418
9710 0.434759
9711 0.667211
9712 0.924851
9713 0.89658
9714 0.858519
9715 0.819207
9716 0.790568
9717 0.825051
9718 0.960638
9719 0.717203
9720 0.885437
9721 0.866435
9722 0.304844
9723 0.800907
9724 0.842742
9725 0.55983
9726 0.247386
9727 0.480384
9728 0.361144
9729 0.584265
9730 0.92047
9731 0.578858
9732 0.808787
9733 0.413391
9734 0.482223
9735 0.829085
9736 0.419215
9737 0.375148
9738 0.558127
9739 0.650554
9740 0.443147
9741 0.844055
9742 0.711329
9743 0.664661
9744 0.743538
9745 0.41975
9746 0.408784
9747 0.910842
9748 0.754023
9749 0.733452
9750 0.343286
9751 0.353512
9752 0.863181
9753 0.429528
9754 0.733243
9755 0.955759
9756 0.659658
9757 0.762118
9758 0.715915
9759 0.863932
9760 0.374609
9761 0.430215
9762 0.799716
9763 0.726977
9764 0.90773
9765 0.915552
9766 0.425645
9767 0.751431
9768 0.362171
9769 0.892075
9770 0.686951
9771 0.656241
9772 0.752098
9773 0.364612
9774 0.751894
9775 0.730886
9776 0.78328
9777 0.87432
9778 0.633813
9779 0.700074
9780 0.505949
9781 0.84402
9782 0.829354
9783 0.477109
9784 0.50691
9785 0.960601
9786 0.427
9787 0.58158
9788 0.896307
9789 0.752681
9790 0.645896
9791 0.960757
9792 0.963319
9793 0.709756
9794 0.654794
9795 0.846116
9796 0.410332
9797 0.893077
9798 0.846794
9799 0.743142
9800 0.743265
9801 0.857303
9802 0.868509
9803 0.92637
9804 0.926289
9805 0.384571
9806 0.443357
9807 0.683233
9808 0.647014
9809 0.884659
9810 0.934077
9811 0.32971
9812 0.701925
9813 0.639225
9814 0.80879
9815 0.701221
9816 0.265318
9817 0.835647
9818 0.890644
9819 0.68876
9820 0.808448
9821 0.362012
9822 0.411871
9823 0.70193
9824 0.958684
9825 0.554171
9826 0.901191
9827 0.885441
9828 0.341464
9829 0.882995
9830 0.926993
9831 0.893939
9832 0.41409
9833 0.904523
9834 0.770024
9835 0.918657
9836 0.670385
9837 0.448061
9838 0.851022
9839 0.834015
9840 0.367461
9841 0.517329
9842 0.438256
9843 0.886237
9844 0.726171
9845 0.264911
9846 0.871725
9847 0.551526
9848 0.753709
9849 0.836206
9850 0.883351
9851 0.691236
9852 0.732795
9853 0.848668
9854 0.873595
9855 0.489799
9856 0.247516
9857 0.745694
9858 0.759387
9859 0.8358
9860 0.296554
9861 0.893389
9862 0.899931
9863 0.860504
9864 0.835354
9865 0.874711
9866 0.481294
9867 0.876038
9868 0.496394
9869 0.755816
9870 0.404544
9871 0.798551
9872 0.683539
9873 0.36534
9874 0.637704
9875 0.783441
9876 0.346906
9877 0.862984
9878 0.588106
9879 0.786115
9880 0.646298
9881 0.993392
9882 0.947262
9883 0.752313
9884 0.413403
9885 0.432334
9886 0.411563
9887 0.776117
9888 0.849745
9889 0.9102
9890 0.847204
9891 0.643483
9892 0.386913
9893 0.864135
9894 0.4836
9895 0.41491
9896 0.919178
9897 0.729629
9898 0.871808
9899 0.328818
9900 0.313912
9901 0.79174
9902 0.407672
9903 0.816059
9904 0.747789
9905 0.699671
9906 0.410743
9907 0.884359
9908 0.929168
9909 0.672154
9910 0.843752
9911 0.875033
9912 0.924243
9913 0.7186
9914 0.354154
9915 0.840086
9916 0.831662
9917 0.847364
9918 0.889256
9919 0.719992
9920 0.920003
9921 0.907971
9922 0.814129
9923 0.636034
9924 0.896836
9925 0.89403
9926 0.706553
9927 0.876891
9928 0.934544
9929 0.302137
9930 0.754899
9931 0.86574
9932 0.825883
9933 0.879501
9934 0.819971
9935 0.957699
9936 0.695403
9937 0.842739
9938 0.776038
9939 0.49511
9940 0.847203
9941 0.778616
9942 0.644381
9943 0.770926
9944 0.718504
9945 0.541896
9946 0.538046
9947 0.703524
9948 0.944398
9949 0.862847
9950 0.726661
9951 0.744108
9952 0.905749
9953 0.846468
9954 0.948514
9955 0.492261
9956 0.783091
9957 0.431686
9958 0.834709
9959 0.394892
9960 0.827196
9961 0.832541
9962 0.73359
9963 0.871868
9964 0.90135
9965 0.93545
9966 0.428779
9967 0.851909
9968 0.967654
9969 0.78469
9970 0.933191
9971 0.88047
9972 0.794081
9973 0.623133
9974 0.571018
9975 0.88125
9976 0.601887
9977 0.800042
9978 0.794351
9979 0.507256
9980 0.797496
9981 0.816048
9982 0.778606
9983 0.759651
9984 0.717839
9985 0.84395
9986 0.50547
9987 0.808407
9988 0.906344
9989 0.470892
9990 0.801195
9991 0.827262
9992 0.713916
9993 0.896776
9994 0.635781
9995 0.896941
9996 0.346761
9997 0.482745
9998 0.800259
9999 0.886433
10000 0.871293
10001 0.841335
10002 0.818436
10003 0.864081
10004 0.599148
10005 0.375588
10006 0.840226
10007 0.919469
10008 0.768371
10009 0.926619
10010 0.721955
10011 0.312635
10012 0.693152
10013 0.41177
10014 0.889242
10015 0.592766
10016 0.940196
10017 0.825342
10018 0.944866
10019 0.969777
10020 0.916519
10021 0.688025
10022 0.34866
10023 0.694385
10024 0.328824
10025 0.819164
10026 0.851627
10027 0.714373
10028 0.505771
10029 0.825125
10030 0.887713
10031 0.379105
10032 0.769427
10033 0.696205
10034 0.835445
10035 0.685402
10036 0.940699
10037 0.922347
10038 0.329253
10039 0.287933
10040 0.882436
10041 0.560853
10042 0.872166
10043 0.406433
10044 0.321919
10045 0.850839
10046 0.763964
10047 0.887505
10048 0.870009
10049 0.896256
10050 0.696434
10051 0.913878
10052 0.352707
10053 0.743809
10054 0.928232
10055 0.713762
10056 0.659269
10057 0.946365
10058 0.844357
10059 0.939053
10060 0.767561
10061 0.789564
10062 0.314688
10063 0.889927
10064 0.814269
10065 0.759112
10066 0.350948
10067 0.351349
10068 0.85914
10069 0.721222
10070 0.871495
10071 0.616782
10072 0.860254
10073 0.361506
10074 0.332812
10075 0.841361
10076 0.418152
10077 0.910969
10078 0.716756
10079 0.894028
10080 0.67766
10081 0.787393
10082 0.524481
10083 0.672843
10084 0.652645
10085 0.489759
10086 0.841676
10087 0.387532
10088 0.378887
10089 0.782665
10090 0.828068
10091 0.738296
10092 0.618437
10093 0.796967
10094 0.968031
10095 0.864891
10096 0.359096
10097 0.408028
10098 0.523645
10099 0.418215
10100 0.453274
10101 0.894995
10102 0.553416
10103 0.6494
10104 0.793928
10105 0.412267
10106 0.469853
10107 0.796994
10108 0.683371
10109 0.870116
10110 0.324017
10111 0.80651
10112 0.284408
10113 0.820581
10114 0.227004
10115 0.81743
10116 0.889932
10117 0.801035
10118 0.904493
10119 0.436858
10120 0.345534
10121 0.713368
10122 0.915601
10123 0.769321
10124 0.695102
10125 0.734211
10126 0.743719
10127 0.749198
10128 0.713741
10129 0.749401
10130 0.618562
10131 0.538714
10132 0.772148
10133 0.912979
10134 0.638667
10135 0.934579
10136 0.91553
10137 0.777984
10138 0.899078
10139 0.856539
10140 0.696888
10141 0.655358
10142 0.771108
10143 0.865552
10144 0.785469
10145 0.76672
10146 0.733233
10147 0.592799
10148 0.684911
10149 0.883407
10150 0.693053
10151 0.788936
10152 0.751268
10153 0.574749
10154 0.789106
10155 0.882669
10156 0.868784
10157 0.754332
10158 0.741694
10159 0.815851
10160 0.671543
10161 0.757481
10162 0.847238
10163 0.766905
10164 0.653236
10165 0.810013
10166 0.88779
10167 0.80621
10168 0.883845
10169 0.702335
10170 0.691882
10171 0.778726
10172 0.920644
10173 0.759927
10174 0.85221
10175 0.773591
10176 0.905036
10177 0.799854
10178 0.906819
10179 0.82674
10180 0.794099
10181 0.906847
10182 0.786039
10183 0.741906
10184 0.838203
10185 0.88649
10186 0.811584
10187 0.764871
10188 0.630401
10189 0.873366
10190 0.679691
10191 0.736638
10192 0.738703
10193 0.834339
10194 0.837117
10195 0.93141
10196 0.831082
10197 0.615436
10198 0.734737
10199 0.764994
10200 0.89971
10201 0.729326
10202 0.853283
10203 0.873533
10204 0.757244
10205 0.699855
10206 0.887612
10207 0.880021
10208 0.718722
10209 0.653423
10210 0.642428
10211 0.862075
10212 0.821458
10213 0.924206
10214 0.572059
10215 0.731931
10216 0.843656
10217 0.698719
10218 0.943786
10219 0.799617
10220 0.893624
10221 0.814529
10222 0.695221
10223 0.688846
10224 0.704005
10225 0.915481
10226 0.615253
10227 0.714306
10228 0.879447
10229 0.977937
10230 0.936231
10231 0.842603
10232 0.769476
10233 0.80713
10234 0.62901
10235 0.830203
10236 0.837774
10237 0.585071
10238 0.823933
10239 0.659116
10240 0.7869
10241 0.82229
10242 0.914464
10243 0.719549
10244 0.695154
10245 0.778049
10246 0.692495
10247 0.667383
10248 0.79886
10249 0.845331
10250 0.7336
10251 0.80518
10252 0.782564
10253 0.830183
10254 0.766909
10255 0.892561
10256 0.822121
10257 0.839082
10258 0.765546
10259 0.803329
10260 0.808508
10261 0.865084
10262 0.681039
10263 0.829885
10264 0.619885
10265 0.55375
10266 0.638437
10267 0.52356
10268 0.753067
10269 0.685713
10270 0.853434
10271 0.755198
10272 0.776695
10273 0.628532
10274 0.70983
10275 0.916
10276 0.900406
10277 0.841059
10278 0.939677
10279 0.784248
10280 0.813224
10281 0.817518
10282 0.949804
10283 0.831543
10284 0.789809
10285 0.890178
10286 0.91716
10287 0.776408
10288 0.756
10289 0.73735
10290 0.849539
10291 0.620574
10292 0.787291
10293 0.869888
10294 0.747612
10295 0.797838
10296 0.642374
10297 0.922552
10298 0.846538
10299 0.860269
10300 0.57704
10301 0.385261
10302 0.7705
10303 0.831273
10304 0.774178
10305 0.808531
10306 0.594769
10307 0.631396
10308 0.885686
10309 0.810627
10310 0.8743
10311 0.702398
10312 0.841731
10313 0.808843
10314 0.859442
10315 0.700035
10316 0.865958
10317 0.944651
10318 0.902481
10319 0.684859
10320 0.657872
10321 0.815981
10322 0.846463
10323 0.708196
10324 0.98751
10325 0.978087
10326 0.79288
10327 0.850558
10328 0.847588
10329 0.864749
10330 0.704613
10331 0.890229
10332 0.549492
10333 0.634013
10334 0.852376
10335 0.666341
10336 0.869609
10337 0.69298
10338 0.639467
10339 0.70665
10340 0.888917
10341 0.864699
10342 0.713986
10343 0.932677
10344 0.845634
10345 0.676297
10346 0.720064
10347 0.759322
10348 0.833048
10349 0.51931
10350 0.861947
10351 0.956477
10352 0.425077
10353 0.474679
10354 0.691638
10355 0.922352
10356 0.727572
10357 0.747314
10358 0.731323
10359 0.676179
10360 0.824701
10361 0.731122
10362 0.797211
10363 0.851583
10364 0.704046
10365 0.729524
10366 0.831841
10367 0.793587
10368 0.648653
10369 0.778926
10370 0.901509
10371 0.882416
10372 0.694
10373 0.82187
10374 0.747452
10375 0.804295
10376 0.719073
10377 0.835402
10378 0.676285
10379 0.771921
10380 0.842919
10381 0.816542
10382 0.871373
10383 0.726275
10384 0.735526
10385 0.64649
10386 0.658726
10387 0.723776
10388 0.782967
10389 0.840903
10390 0.871304
10391 0.901769
10392 0.740175
10393 0.928965
10394 0.713723
10395 0.903533
10396 0.862631
10397 0.647954
10398 0.858931
10399 0.677454
10400 0.79342
10401 0.850441
10402 0.786983
10403 0.749403
10404 0.723416
10405 0.809486
10406 0.724909
10407 0.785111
10408 0.837507
10409 0.763324
10410 0.816665
10411 0.864431
10412 0.690441
10413 0.93472
10414 0.599988
10415 0.660864
10416 0.808419
10417 0.918197
10418 0.849662
10419 0.812305
10420 0.92538
10421 0.737748
10422 0.613253
10423 0.626356
10424 0.897168
10425 0.882976
10426 0.872759
10427 0.743979
10428 0.690629
10429 0.560697
10430 0.530955
10431 0.827129
10432 0.829017
10433 0.736823
10434 0.816599
10435 0.777311
10436 0.610214
10437 0.852713
10438 0.834179
10439 0.554774
10440 0.879106
10441 0.811759
10442 0.847441
10443 0.78152
10444 0.934517
10445 0.657265
10446 0.846962
10447 0.841503
10448 0.822801
10449 0.749339
10450 0.830553
10451 0.668432
10452 0.757415
10453 0.568488
10454 0.733639
10455 0.899851
10456 0.550207
10457 0.744088
10458 0.730409
10459 0.665595
10460 0.72557
10461 0.932035
10462 0.939783
10463 0.952201
10464 0.876876
10465 0.794561
10466 0.846375
10467 0.859308
10468 0.887528
10469 0.846723
10470 0.821922
10471 0.91922
10472 0.780683
10473 0.757751
10474 0.908747
10475 0.828191
10476 0.681913
10477 0.654981
10478 0.69429
10479 0.693295
10480 0.667456
10481 0.834025
10482 0.628197
10483 0.867644
10484 0.764737
10485 0.645679
10486 0.889384
10487 0.397376
10488 0.700948
10489 0.791896
10490 0.897629
10491 0.884241
10492 0.706505
10493 0.9033
10494 0.917214
10495 0.882768
10496 0.741529
10497 0.77943
10498 0.811448
10499 0.768562
10500 0.781009
10501 0.791636
10502 0.721124
10503 0.619174
10504 0.667223
10505 0.713366
10506 0.780012
10507 0.942547
10508 0.928659
10509 0.626517
10510 0.80792
10511 0.921061
10512 0.718589
10513 0.690561
10514 0.946837
10515 0.724527
10516 0.796249
10517 0.733232
10518 0.747353
10519 0.7245
10520 0.873353
10521 0.689846
10522 0.908548
10523 0.570619
10524 0.767361
10525 0.672076
10526 0.889787
10527 0.886521
10528 0.805345
10529 0.934312
10530 0.667445
10531 0.919174
10532 0.933108
10533 0.836269
10534 0.53882
10535 0.928595
10536 0.886579
10537 0.68974
10538 0.885089
10539 0.903691
10540 0.811113
10541 0.68775
10542 0.906638
10543 0.761231
10544 0.581435
10545 0.807126
10546 0.750807
10547 0.676582
10548 0.76954
10549 0.723015
10550 0.482206
10551 0.78606
10552 0.539508
10553 0.839705
10554 0.710534
10555 0.614944
10556 0.80791
10557 0.889375
10558 0.739394
10559 0.885276
10560 0.95378
10561 0.585708
10562 0.59133
10563 0.792097
10564 0.346281
10565 0.730359
10566 0.771912
10567 0.719794
10568 0.824537
10569 0.816285
10570 0.897949
10571 0.891211
10572 0.930865
10573 0.811708
10574 0.906424
10575 0.897886
10576 0.909005
10577 0.471325
10578 0.534528
10579 0.744574
10580 0.593913
10581 0.829959
10582 0.87988
10583 0.841619
10584 0.950157
10585 0.888909
10586 0.879199
10587 0.746364
10588 0.923205
10589 0.745657
10590 0.350176
10591 0.785413
10592 0.645065
10593 0.914255
10594 0.763321
10595 0.944167
10596 0.884009
10597 0.732678
10598 0.629553
10599 0.612614
10600 0.925623
10601 0.854307
10602 0.754619
10603 0.721368
10604 0.7208
10605 0.755294
10606 0.633159
10607 0.75476
10608 0.801602
10609 0.761321
10610 0.90819
10611 0.815965
10612 0.780654
10613 0.803816
10614 0.878496
10615 0.896581
10616 0.705114
10617 0.847591
10618 0.886433
10619 0.62119
10620 0.843303
10621 0.942175
10622 0.877532
10623 0.591562
10624 0.625355
10625 0.811472
10626 0.893799
10627 0.834598
10628 0.911514
10629 0.790436
10630 0.899418
10631 0.891494
10632 0.849344
10633 0.807247
10634 0.749344
10635 0.684559
10636 0.813248
10637 0.775292
10638 0.847609
10639 0.73596
10640 0.629342
10641 0.91071
10642 0.662872
10643 0.860079
10644 0.592071
10645 0.742071
10646 0.722524
10647 0.611031
10648 0.623549
10649 0.61196
10650 0.783884
10651 0.826329
10652 0.460167
10653 0.71669
10654 0.916589
10655 0.784727
10656 0.57918
10657 0.62569
10658 0.867636
10659 0.868585
10660 0.867268
10661 0.725121
10662 0.775103
10663 0.785848
10664 0.707294
10665 0.417658
10666 0.957485
10667 0.962679
10668 0.897967
10669 0.833537
10670 0.758473
10671 0.879713
10672 0.838989
10673 0.688646
10674 0.67792
10675 0.511248
10676 0.902855
10677 0.88902
10678 0.392903
10679 0.537956
10680 0.651849
10681 0.895185
10682 0.707127
10683 0.403383
10684 0.768231
10685 0.86459
10686 0.938223
10687 0.850211
10688 0.533158
10689 0.854853
10690 0.914099
10691 0.872531
10692 0.754605
10693 0.834232
10694 0.810508
10695 0.964854
10696 0.750698
10697 0.63376
10698 0.789041
10699 0.818399
10700 0.697402
10701 0.849366
10702 0.795264
10703 0.904707
10704 0.863567
10705 0.79929
10706 0.893022
10707 0.866457
10708 0.897262
10709 0.830299
10710 0.475325
10711 0.80682
10712 0.678016
10713 0.628073
10714 0.839097
10715 0.556404
10716 0.620715
10717 0.718797
10718 0.816955
10719 0.66148
10720 0.865979
10721 0.973298
10722 0.955146
10723 0.756585
10724 0.849668
10725 0.887939
10726 0.899154
10727 0.859125
10728 0.848381
10729 0.907519
10730 0.650641
10731 0.847151
10732 0.42071
10733 0.808276
10734 0.774275
10735 0.560246
10736 0.833958
10737 0.835987
10738 0.960001
10739 0.970038
10740 0.798905
10741 0.793767
10742 0.793053
10743 0.589568
10744 0.848221
10745 0.782945
10746 0.607597
10747 0.76424
10748 0.89965
10749 0.50836
10750 0.776739
10751 0.917104
10752 0.798514
10753 0.575169
10754 0.775622
10755 0.910863
10756 0.544375
10757 0.84329
10758 0.411448
10759 0.314958
10760 0.589405
10761 0.547185
10762 0.778206
10763 0.962433
10764 0.931584
10765 0.849811
10766 0.932425
10767 0.776644
10768 0.8537
10769 0.903775
10770 0.974178
10771 0.854832
10772 0.846089
10773 0.887459
10774 0.949713
10775 0.650677
10776 0.62196
10777 0.871321
10778 0.628839
10779 0.846219
10780 0.723864
10781 0.734638
10782 0.582511
10783 0.836367
10784 0.479393
10785 0.540667
10786 0.581845
10787 0.724302
10788 0.828257
10789 0.578225
10790 0.879311
10791 0.63174
10792 0.703849
10793 0.745925
10794 0.42958
10795 0.797854
10796 0.91188
10797 0.701381
10798 0.867497
10799 0.512896
10800 0.916504
10801 0.625423
10802 0.814503
10803 0.798042
10804 0.907384
10805 0.727176
10806 0.908421
10807 0.736832
10808 0.842144
10809 0.652313
10810 0.906439
10811 0.7868
10812 0.758187
10813 0.799725
10814 0.7572
10815 0.96903
10816 0.864312
10817 0.715574
10818 0.779829
10819 0.757045
10820 0.836382
10821 0.945537
10822 0.599526
10823 0.937817
10824 0.881638
10825 0.808615
10826 0.817653
10827 0.653213
10828 0.837352
10829 0.862828
10830 0.622304
10831 0.825764
10832 0.762951
10833 0.792833
10834 0.976022
10835 0.62801
10836 0.385837
10837 0.762709
10838 0.878243
10839 0.953958
10840 0.894051
10841 0.756087
10842 0.65202
10843 0.835424
10844 0.797143
10845 0.935679
10846 0.811479
10847 0.95745
10848 0.837458
10849 0.90541
10850 0.942954
10851 0.894132
10852 0.729515
10853 0.863878
10854 0.845422
10855 0.639282
10856 0.800572
10857 0.940234
10858 0.826986
10859 0.686819
10860 0.79477
10861 0.839984
10862 0.841288
10863 0.837091
10864 0.911469
10865 0.926836
10866 0.788832
10867 0.751772
10868 0.781466
10869 0.774749
10870 0.817026
10871 0.722124
10872 0.905589
10873 0.778092
10874 0.583112
10875 0.98456
10876 0.914139
10877 0.904549
10878 0.85988
10879 0.791897
10880 0.838027
10881 0.828363
10882 0.819246
10883 0.854596
10884 0.927676
10885 0.887869
10886 0.936433
10887 0.825451
10888 0.687574
10889 0.65049
10890 0.944601
10891 0.823744
10892 0.866601
10893 0.818829
10894 0.705182
10895 0.736641
10896 0.738784
10897 0.884644
10898 0.876284
10899 0.890597
10900 0.916513
10901 0.914044
10902 0.767559
10903 0.912552
10904 0.840338
10905 0.942323
10906 0.823977
10907 0.828789
10908 0.896104
10909 0.853154
10910 0.817102
10911 0.854766
10912 0.643351
10913 0.753465
10914 0.819573
10915 0.634765
10916 0.624412
10917 0.802742
10918 0.757815
10919 0.912111
10920 0.702153
10921 0.693547
10922 0.668236
10923 0.89832
10924 0.890353
10925 0.903284
10926 0.787103
10927 0.793895
10928 0.725983
10929 0.819534
10930 0.639816
10931 0.808123
10932 0.892654
10933 0.812043
10934 0.62982
10935 0.813726
10936 0.872479
10937 0.894957
10938 0.837772
10939 0.665834
10940 0.485255
10941 0.843374
10942 0.793948
10943 0.786977
10944 0.593202
10945 0.710083
10946 0.916744
10947 0.788766
10948 0.618254
10949 0.865796
10950 0.398048
10951 0.744653
10952 0.882092
10953 0.890655
10954 0.598821
10955 0.755832
10956 0.867602
10957 0.933607
10958 0.807598
10959 0.882731
10960 0.744006
10961 0.837584
10962 0.748671
10963 0.744554
10964 0.750555
10965 0.874969
10966 0.935446
10967 0.724876
10968 0.759585
10969 0.6188
10970 0.931539
10971 0.831143
10972 0.877064
10973 0.717921
10974 0.724996
10975 0.796118
10976 0.815431
10977 0.80793
10978 0.873837
10979 0.805937
10980 0.628286
10981 0.655691
10982 0.813517
10983 0.946501
10984 0.836162
10985 0.759502
10986 0.764348
10987 0.679922
10988 0.753048
10989 0.969329
10990 0.677404
10991 0.859621
10992 0.894792
10993 0.699758
10994 0.702934
10995 0.83563
10996 0.883974
10997 0.735486
10998 0.656298
10999 0.694283
11000 0.983892
11001 0.75238
11002 0.918825
11003 0.80795
11004 0.729524
11005 0.840833
11006 0.561055
11007 0.604001
11008 0.725877
11009 0.880766
11010 0.586626
11011 0.878473
11012 0.681576
11013 0.825962
11014 0.802992
11015 0.764396
11016 0.721203
11017 0.724427
11018 0.826315
11019 0.89296
11020 0.788659
11021 0.683092
11022 0.707405
11023 0.803638
11024 0.582017
11025 0.809979
11026 0.964916
11027 0.599834
11028 0.763356
11029 0.794501
11030 0.802236
11031 0.711685
11032 0.864566
11033 0.936911
11034 0.770902
11035 0.690391
11036 0.853123
11037 0.769541
11038 0.924557
11039 0.825089
11040 0.810145
11041 0.950156
11042 0.863597
11043 0.847406
11044 0.714221
11045 0.817226
11046 0.71853
11047 0.768811
11048 0.817676
11049 0.898081
11050 0.658658
11051 0.706298
11052 0.893149
11053 0.745337
11054 0.744974
11055 0.876935
11056 0.770238
11057 0.755972
11058 0.592491
11059 0.839358
11060 0.92076
11061 0.716962
11062 0.878802
11063 0.882054
11064 0.758332
11065 0.796227
11066 0.788762
11067 0.851954
11068 0.922959
11069 0.745032
11070 0.805254
11071 0.938757
11072 0.815389
11073 0.78906
11074 0.937167
11075 0.884874
11076 0.773229
11077 0.901818
11078 0.846498
11079 0.606594
11080 0.845669
11081 0.600536
11082 0.831426
11083 0.720603
11084 0.901259
11085 0.755761
11086 0.919873
11087 0.666196
11088 0.915682
11089 0.860978
11090 0.790114
11091 0.687021
11092 0.769512
11093 0.86624
11094 0.917999
11095 0.917821
11096 0.820081
11097 0.679218
11098 0.620371
11099 0.676546
11100 0.518962
11101 0.670597
11102 0.787147
11103 0.865843
11104 0.812981
11105 0.699359
11106 0.777556
11107 0.86032
11108 0.664019
11109 0.768325
11110 0.747402
11111 0.780634
11112 0.868018
11113 0.842506
11114 0.882863
11115 0.86987
11116 0.779029
11117 0.803831
11118 0.870584
11119 0.360609
11120 0.863956
11121 0.948054
11122 0.880149
11123 0.832378
11124 0.810522
11125 0.888753
11126 0.751702
11127 0.551388
11128 0.766661
11129 0.888769
11130 0.966059
11131 0.764474
11132 0.870561
11133 0.840269
11134 0.850358
11135 0.781458
11136 0.777049
11137 0.915066
11138 0.699256
11139 0.946055
11140 0.834111
11141 0.689678
11142 0.759668
11143 0.943071
11144 0.516146
11145 0.629499
11146 0.799102
11147 0.599155
11148 0.679552
11149 0.915531
11150 0.824978
11151 0.866757
11152 0.42696
11153 0.588348
11154 0.889597
11155 0.87814
11156 0.681653
11157 0.893586
11158 0.813327
11159 0.731598
11160 0.878367
11161 0.864953
11162 0.902088
11163 0.680252
11164 0.84458
11165 0.87872
11166 0.830506
11167 0.799223
11168 0.764265
11169 0.774616
11170 0.692943
11171 0.942206
11172 0.846348
11173 0.820825
11174 0.829749
11175 0.659726
11176 0.801287
11177 0.958183
11178 0.841737
11179 0.760936
11180 0.642931
11181 0.911519
11182 0.666146
11183 0.526409
11184 0.748508
11185 0.758794
11186 0.771386
11187 0.735177
11188 0.629102
11189 0.814568
11190 0.785776
11191 0.374057
11192 0.807364
11193 0.591429
11194 0.84175
11195 0.728817
11196 0.664418
11197 0.845147
11198 0.506722
11199 0.862226
11200 0.848953
11201 0.393958
11202 0.453948
11203 0.504016
11204 0.552057
11205 0.852082
11206 0.658025
11207 0.906376
11208 0.815437
11209 0.808139
11210 0.740475
11211 0.699146
11212 0.761942
11213 0.623017
11214 0.778661
11215 0.867022
11216 0.775232
11217 0.711505
11218 0.685233
11219 0.610253
11220 0.675535
11221 0.899057
11222 0.8777
11223 0.732664
11224 0.748347
11225 0.673573
11226 0.677042
11227 0.880888
11228 0.676585
11229 0.900964
11230 0.7621
11231 0.814974
11232 0.638415
11233 0.897993
11234 0.743322
11235 0.682459
11236 0.879036
11237 0.622723
11238 0.822975
11239 0.928604
11240 0.846885
11241 0.810017
11242 0.920765
11243 0.945143
11244 0.942552
11245 0.597793
11246 0.724358
11247 0.817914
11248 0.730861
11249 0.829352
11250 0.612911
11251 0.839419
11252 0.869307
11253 0.936333
11254 0.764566
11255 0.760536
11256 0.770995
11257 0.731539
11258 0.974007
11259 0.825536
11260 0.92995
11261 0.843384
11262 0.811989
11263 0.855947
11264 0.830276
11265 0.752573
11266 0.761683
11267 0.74956
11268 0.871369
11269 0.894198
11270 0.846987
11271 0.751963
11272 0.875956
11273 0.889212
11274 0.876849
11275 0.8833
11276 0.718903
11277 0.791593
11278 0.982191
11279 0.971619
11280 0.870106
11281 0.884261
11282 0.889322
11283 0.912617
11284 0.910754
11285 0.777608
11286 0.698466
11287 0.733459
11288 0.858375
11289 0.692122
11290 0.864709
11291 0.576452
11292 0.952673
11293 0.612206
11294 0.880665
11295 0.815527
11296 0.790838
11297 0.895267
11298 0.949525
11299 0.951891
11300 0.593338
11301 0.825539
11302 0.667558
11303 0.729945
11304 0.85276
11305 0.980377
11306 0.802786
11307 0.775155
11308 0.696349
11309 0.901089
11310 0.781912
11311 0.929768
11312 0.628678
11313 0.909421
11314 0.738574
11315 0.897942
11316 0.777747
11317 0.873284
11318 0.759329
11319 0.381775
11320 0.811666
11321 0.760538
11322 0.89853
11323 0.823293
11324 0.96469
11325 0.845085
11326 0.728406
11327 0.679405
11328 0.670616
11329 0.719176
11330 0.904925
11331 0.891564
11332 0.843265
11333 0.822154
11334 0.958678
11335 0.834997
11336 0.760938
11337 0.644313
11338 0.833997
11339 0.737085
11340 0.814965
11341 0.891918
11342 0.658311
11343 0.877078
11344 0.672724
11345 0.89534
11346 0.786301
11347 0.826629
11348 0.710818
11349 0.930724
11350 0.946574
11351 0.790865
11352 0.853897
11353 0.766436
11354 0.85854
11355 0.716884
11356 0.753355
11357 0.671713
11358 0.738456
11359 0.912266
11360 0.862877
11361 0.539214
11362 0.838546
11363 0.885858
11364 0.655402
11365 0.835399
11366 0.717511
11367 0.902976
11368 0.7559
11369 0.806952
11370 0.89209
11371 0.637859
11372 0.852894
11373 0.816416
11374 0.914853
11375 0.892789
11376 0.796504
11377 0.777635
11378 0.80397
11379 0.665103
11380 0.812506
11381 0.953753
11382 0.878238
11383 0.759035
11384 0.75619
11385 0.712217
11386 0.580149
11387 0.526574
11388 0.695561
11389 0.784918
11390 0.892301
11391 0.866314
11392 0.626706
11393 0.884619
11394 0.627097
11395 0.741335
11396 0.747934
11397 0.866597
11398 0.616001
11399 0.852145
11400 0.816363
11401 0.722867
11402 0.92504
11403 0.956151
11404 0.720768
11405 0.844984
11406 0.912896
11407 0.607487
11408 0.928454
11409 0.90885
11410 0.899299
11411 0.806305
11412 0.82262
11413 0.655806
11414 0.725679
11415 0.985955
11416 0.591593
11417 0.838361
11418 0.790474
11419 0.692324
11420 0.795647
11421 0.736573
11422 0.728397
11423 0.751407
11424 0.911408
11425 0.614718
11426 0.947262
11427 0.697947
11428 0.609456
11429 0.729901
11430 0.904895
11431 0.899624
11432 0.78761
11433 0.70097
11434 0.580842
11435 0.827643
11436 0.874703
11437 0.883321
11438 0.842971
11439 0.859355
11440 0.868627
11441 0.606809
11442 0.930819
11443 0.831648
11444 0.71809
11445 0.809884
11446 0.578579
11447 0.707225
11448 0.768327
11449 0.796019
11450 0.82484
11451 0.828988
11452 0.90313
11453 0.467467
11454 0.908879
11455 0.721269
11456 0.773946
11457 0.871876
11458 0.935619
11459 0.739792
11460 0.823754
11461 0.748225
11462 0.946385
11463 0.688144
11464 0.749639
11465 0.895115
11466 0.679552
11467 0.971855
11468 0.812049
11469 0.702839
11470 0.654029
11471 0.890639
11472 0.772535
11473 0.795114
11474 0.921837
11475 0.878829
11476 0.712695
11477 0.87231
11478 0.836009
11479 0.81155
11480 0.936776
11481 0.787358
11482 0.881017
11483 0.784799
11484 0.791682
11485 0.748684
11486 0.720245
11487 0.8912
11488 0.664558
11489 0.790032
11490 0.821707
11491 0.7857
11492 0.617446
11493 0.826983
11494 0.586743
11495 0.935616
11496 0.807582
11497 0.641106
11498 0.624591
11499 0.77127
11500 0.665723
11501 0.591446
11502 0.813957
11503 0.879648
11504 0.910049
11505 0.614835
11506 0.832808
11507 0.914272
11508 0.73059
11509 0.706034
11510 0.661502
11511 0.82024
11512 0.742426
11513 0.749
11514 0.617217
11515 0.795229
11516 0.802652
11517 0.74782
11518 0.637762
11519 0.843124
11520 0.852102
11521 0.823313
11522 0.913621
11523 0.666433
11524 0.867213
11525 0.806488
11526 0.706175
11527 0.7398
11528 0.812939
11529 0.774383
11530 0.851611
11531 0.663723
11532 0.606397
11533 0.631036
11534 0.731086
11535 0.382458
11536 0.936074
11537 0.753353
11538 0.844352
11539 0.722215
11540 0.804762
11541 0.765153
11542 0.76647
11543 0.790123
11544 0.515913
11545 0.538145
11546 0.820961
11547 0.633437
11548 0.847008
11549 0.700377
11550 0.697664
11551 0.675864
11552 0.574121
11553 0.532375
11554 0.946978
11555 0.73316
11556 0.724307
11557 0.913831
11558 0.850263
11559 0.598025
11560 0.621945
11561 0.551795
11562 0.8129
11563 0.869599
11564 0.809989
11565 0.781345
11566 0.57912
11567 0.634704
11568 0.704827
11569 0.83589
11570 0.70715
11571 0.86997
11572 0.813347
11573 0.916703
11574 0.900445
11575 0.946762
11576 0.847852
11577 0.673107
11578 0.698793
11579 0.910954
11580 0.838156
11581 0.738582
11582 0.797436
11583 0.918445
11584 0.752007
11585 0.965982
11586 0.948941
11587 0.744993
11588 0.742536
11589 0.700694
11590 0.962491
11591 0.764162
11592 0.938462
11593 0.795277
11594 0.873065
11595 0.723137
11596 0.611509
11597 0.895311
11598 0.781317
11599 0.880252
11600 0.971532
11601 0.924686
11602 0.847861
11603 0.895142
11604 0.878161
11605 0.657262
11606 0.813983
11607 0.767996
11608 0.723484
11609 0.767817
11610 0.905754
11611 0.94912
11612 0.842425
11613 0.783793
11614 0.781383
11615 0.902138
11616 0.918423
11617 0.813223
11618 0.922386
11619 0.855861
11620 0.70838
11621 0.615415
11622 0.823817
11623 0.775091
11624 0.686298
11625 0.695968
11626 0.805973
11627 0.777214
11628 0.926722
11629 0.494482
11630 0.888781
11631 0.776516
11632 0.614316
11633 0.865739
11634 0.692071
11635 0.710227
11636 0.781673
11637 0.672643
11638 0.854397
11639 0.839706
11640 0.933955
11641 0.944839
11642 0.653489
11643 0.881811
11644 0.874709
11645 0.669521
11646 0.400834
11647 0.646759
11648 0.681326
11649 0.932781
11650 0.803252
11651 0.915245
11652 0.757662
11653 0.929689
11654 0.812099
11655 0.913908
11656 0.948974
11657 0.824506
11658 0.775792
11659 0.888808
11660 0.767336
11661 0.889249
11662 0.718538
11663 0.813616
11664 0.814625
11665 0.822446
11666 0.674164
11667 0.788992
11668 0.719824
11669 0.834148
11670 0.882165
11671 0.903749
11672 0.75672
11673 0.731427
11674 0.88617
11675 0.942266
11676 0.811918
11677 0.886278
11678 0.810719
11679 0.66203
11680 0.781191
11681 0.896826
11682 0.967457
11683 0.671135
11684 0.684617
11685 0.867385
11686 0.498733
11687 0.629484
11688 0.841838
11689 0.938204
11690 0.890129
11691 0.681086
11692 0.612723
11693 0.744495
11694 0.640722
11695 0.815427
11696 0.698461
11697 0.799074
11698 0.952318
11699 0.628537
11700 0.769861
11701 0.858394
11702 0.734054
11703 0.854392
11704 0.869113
11705 0.893072
11706 0.725433
11707 0.769128
11708 0.688202
11709 0.828067
11710 0.798152
11711 0.64941
11712 0.814884
11713 0.798045
11714 0.8534
11715 0.935519
11716 0.897178
11717 0.888529
11718 0.942072
11719 0.871362
11720 0.820585
11721 0.9556
11722 0.917499
11723 0.697319
11724 0.679905
11725 0.926548
11726 0.572129
11727 0.864346
11728 0.775396
11729 0.937308
11730 0.913098
11731 0.914348
11732 0.86561
11733 0.870242
11734 0.875052
11735 0.785893
11736 0.735708
11737 0.624971
11738 0.622417
11739 0.96581
11740 0.982315
11741 0.883322
11742 0.857013
11743 0.717937
11744 0.888593
11745 0.328456
11746 0.901394
11747 0.915245
11748 0.821176
11749 0.798772
11750 0.671633
11751 0.959359
11752 0.927401
11753 0.758004
11754 0.82006
11755 0.855114
11756 0.827719
11757 0.70688
11758 0.913946
11759 0.641068
11760 0.576252
11761 0.689735
11762 0.86337
11763 0.856357
11764 0.89037
11765 0.787037
11766 0.881383
11767 0.668232
11768 0.76935
11769 0.630994
11770 0.789431
11771 0.710169
11772 0.948176
11773 0.727232
11774 0.901757
11775 0.84178
11776 0.81955
11777 0.67344
11778 0.918474
11779 0.621717
11780 0.750459
11781 0.853349
11782 0.677167
11783 0.825678
11784 0.894424
11785 0.385224
11786 0.72666
11787 0.853537
11788 0.913193
11789 0.840208
11790 0.948571
11791 0.833389
11792 0.681299
11793 0.680464
11794 0.907446
11795 0.681181
11796 0.809409
11797 0.784968
11798 0.884766
11799 0.857616
11800 0.834348
11801 0.838922
11802 0.658552
11803 0.875482
11804 0.886373
11805 0.82428
11806 0.934278
11807 0.81778
11808 0.840463
11809 0.804529
11810 0.936082
11811 0.721938
11812 0.771915
11813 0.815984
11814 0.625927
11815 0.452277
11816 0.882657
11817 0.390142
11818 0.913893
11819 0.738941
11820 0.781424
11821 0.758798
11822 0.85409
11823 0.704457
11824 0.45751
11825 0.69916
11826 0.719355
11827 0.641892
11828 0.54805
11829 0.811362
11830 0.570845
11831 0.86768
11832 0.939465
11833 0.637963
11834 0.608357
11835 0.538815
11836 0.396697
11837 0.351162
11838 0.737478
11839 0.621608
11840 0.837044
11841 0.666555
11842 0.951246
11843 0.639469
11844 0.84482
11845 0.930904
11846 0.737611
11847 0.830302
11848 0.848113
11849 0.923179
11850 0.60565
11851 0.937928
11852 0.866618
11853 0.772486
11854 0.818706
11855 0.652439
11856 0.852993
11857 0.760535
11858 0.772245
11859 0.685294
11860 0.713645
11861 0.963469
11862 0.796952
11863 0.866196
11864 0.667309
11865 0.776514
11866 0.708551
11867 0.60233
11868 0.89017
11869 0.697344
11870 0.732907
11871 0.869743
11872 0.885378
11873 0.781167
11874 0.827174
11875 0.850613
11876 0.778895
11877 0.938143
11878 0.823641
11879 0.692771
11880 0.893106
11881 0.925187
11882 0.701078
11883 0.455034
11884 0.536479
11885 0.682405
11886 0.83104
11887 0.762761
11888 0.932752
11889 0.739275
11890 0.747325
11891 0.743069
11892 0.673823
11893 0.677165
11894 0.789298
11895 0.882573
11896 0.935379
11897 0.927698
11898 0.909208
11899 0.756436
11900 0.861696
11901 0.77999
11902 0.829437
11903 0.81773
11904 0.854626
11905 0.91092
11906 0.758038
11907 0.808975
11908 0.962106
11909 0.708263
11910 0.870183
11911 0.56172
11912 0.822148
11913 0.762146
11914 0.936429
11915 0.901569
11916 0.825365
11917 0.936584
11918 0.653686
11919 0.767021
11920 0.822261
11921 0.817489
11922 0.725468
11923 0.588272
11924 0.790952
11925 0.677557
11926 0.903238
11927 0.770394
11928 0.657177
11929 0.511611
11930 0.955053
11931 0.702676
11932 0.953431
11933 0.813436
11934 0.902056
11935 0.625618
11936 0.84043
11937 0.696175
11938 0.882081
11939 0.83441
11940 0.87647
11941 0.673798
11942 0.844788
11943 0.903725
11944 0.868807
11945 0.885985
11946 0.843867
11947 0.73838
11948 0.634806
11949 0.683041
11950 0.510986
11951 0.601754
11952 0.93379
11953 0.605093
11954 0.875303
11955 0.795152
11956 0.712953
11957 0.534646
11958 0.781983
11959 0.748448
11960 0.655847
11961 0.657898
11962 0.980879
11963 0.945929
11964 0.816444
11965 0.602673
11966 0.757948
11967 0.730892
11968 0.837268
11969 0.807211
11970 0.681566
11971 0.956904
11972 0.78438
11973 0.757842
11974 0.790062
11975 0.895919
11976 0.847482
11977 0.585312
11978 0.812822
11979 0.764896
11980 0.804709
11981 0.928205
11982 0.780826
11983 0.803774
11984 0.869912
11985 0.470257
11986 0.735261
11987 0.393909
11988 0.811887
11989 0.912779
11990 0.961943
11991 0.919689
11992 0.877191
11993 0.858578
11994 0.820784
11995 0.691969
11996 0.80381
11997 0.597038
11998 0.63158
11999 0.695635
12000 0.89923
12001 0.641784
12002 0.854522
12003 0.918098
12004 0.944778
12005 0.8362
12006 0.741933
12007 0.917571
12008 0.817759
12009 0.874532
12010 0.654934
12011 0.879327
12012 0.929069
12013 0.640649
12014 0.954753
12015 0.911714
12016 0.84454
12017 0.878581
12018 0.661855
12019 0.761423
12020 0.890259
12021 0.618466
12022 0.797272
12023 0.963022
12024 0.626313
12025 0.626188
12026 0.955111
12027 0.87002
12028 0.835797
12029 0.698478
12030 0.711949
12031 0.558487
12032 0.714923
12033 0.717833
12034 0.802107
12035 0.66046
12036 0.877805
12037 0.938294
12038 0.933644
12039 0.572312
12040 0.786847
12041 0.74793
12042 0.844516
12043 0.77601
12044 0.360964
12045 0.3953
12046 0.852
12047 0.879427
12048 0.87331
12049 0.801813
12050 0.686357
12051 0.67655
12052 0.742952
12053 0.717387
12054 0.900132
12055 0.714366
12056 0.85746
12057 0.770782
12058 0.86588
12059 0.772148
12060 0.709446
12061 0.70559
12062 0.6466
12063 0.779497
12064 0.94096
12065 0.71142
12066 0.951172
12067 0.545142
12068 0.878919
12069 0.931481
12070 0.916157
12071 0.860491
12072 0.951038
12073 0.782484
12074 0.782345
12075 0.658443
12076 0.8798
12077 0.893066
12078 0.594541
12079 0.859924
12080 0.733863
12081 0.579434
12082 0.81365
12083 0.914679
12084 0.842335
12085 0.826859
12086 0.869362
12087 0.654047
12088 0.727824
12089 0.754251
12090 0.835769
12091 0.894082
12092 0.885017
12093 0.570983
12094 0.92826
12095 0.856717
12096 0.904102
12097 0.576669
12098 0.306876
12099 0.787274
12100 0.482157
12101 0.604663
12102 0.819691
12103 0.41843
12104 0.399465
12105 0.608525
12106 0.510307
12107 0.885518
12108 0.754935
12109 0.956838
12110 0.934065
12111 0.626388
12112 0.701582
12113 0.605857
12114 0.572702
12115 0.717569
12116 0.753208
12117 0.803178
12118 0.866563
12119 0.869748
12120 0.703874
12121 0.840352
12122 0.723391
12123 0.871217
12124 0.657661
12125 0.861584
12126 0.837009
12127 0.775609
12128 0.828269
12129 0.637934
12130 0.890175
12131 0.698993
12132 0.579496
12133 0.65
12134 0.597499
12135 0.442537
12136 0.713162
12137 0.885543
12138 0.622764
12139 0.744361
12140 0.601029
12141 0.663035
12142 0.807864
12143 0.703232
12144 0.713007
12145 0.660217
12146 0.537699
12147 0.875186
12148 0.814861
12149 0.865812
12150 0.756974
12151 0.92256
12152 0.751646
12153 0.790696
12154 0.914565
12155 0.842129
12156 0.920332
12157 0.866907
12158 0.871381
12159 0.79052
12160 0.67129
12161 0.836246
12162 0.878976
12163 0.693083
12164 0.723684
12165 0.786443
12166 0.817092
12167 0.696239
12168 0.815846
12169 0.929777
12170 0.565928
12171 0.869056
12172 0.689555
12173 0.643322
12174 0.992892
12175 0.696242
12176 0.827197
12177 0.736457
12178 0.774752
12179 0.885952
12180 0.780432
12181 0.841663
12182 0.602899
12183 0.892841
12184 0.594164
12185 0.824185
12186 0.867428
12187 0.943196
12188 0.903565
12189 0.809862
12190 0.921521
12191 0.700554
12192 0.890155
12193 0.698666
12194 0.733524
12195 0.866677
12196 0.902411
12197 0.824357
12198 0.720174
12199 0.652105
12200 0.882965
12201 0.825362
12202 0.780568
12203 0.82871
12204 0.846773
12205 0.902859
12206 0.855458
12207 0.723168
12208 0.648717
12209 0.655338
12210 0.892017
12211 0.935639
12212 0.74763
12213 0.866262
12214 0.654621
12215 0.815959
12216 0.720593
12217 0.846862
12218 0.599345
12219 0.661359
12220 0.856081
12221 0.887306
12222 0.891197
12223 0.652603
12224 0.782871
12225 0.763223
12226 0.882851
12227 0.731866
12228 0.942078
12229 0.656445
12230 0.881688
12231 0.674651
12232 0.89743
12233 0.962159
12234 0.955097
12235 0.699589
12236 0.672654
12237 0.91786
12238 0.46991
12239 0.878409
12240 0.774702
12241 0.829606
12242 0.535848
12243 0.853441
12244 0.870834
12245 0.683467
12246 0.935809
12247 0.652508
12248 0.950517
12249 0.816755
12250 0.855257
12251 0.811316
12252 0.722939
12253 0.592103
12254 0.899152
12255 0.958057
12256 0.802886
12257 0.865066
12258 0.970319
12259 0.682577
12260 0.649374
12261 0.874714
12262 0.877787
12263 0.359241
12264 0.775143
12265 0.682275
12266 0.612779
12267 0.865417
12268 0.878729
12269 0.529356
12270 0.802133
12271 0.683436
12272 0.790659
12273 0.894952
12274 0.911349
12275 0.797506
12276 0.710088
12277 0.539279
12278 0.309904
12279 0.539087
12280 0.544532
12281 0.940989
12282 0.887068
12283 0.887718
12284 0.687512
12285 0.855631
12286 0.905535
12287 0.786369
12288 0.799818
12289 0.931312
12290 0.731843
12291 0.682922
12292 0.96846
12293 0.938624
12294 0.742584
12295 0.843632
12296 0.90882
12297 0.876028
12298 0.777074
12299 0.781575
12300 0.711753
12301 0.671702
12302 0.832981
12303 0.689213
12304 0.849373
12305 0.907307
12306 0.67684
12307 0.741361
12308 0.766375
12309 0.729786
12310 0.614209
12311 0.838715
12312 0.932857
12313 0.931331
12314 0.883273
12315 0.96441
12316 0.440321
12317 0.711604
12318 0.547598
12319 0.742756
12320 0.83221
12321 0.696184
12322 0.727633
12323 0.861757
12324 0.969076
12325 0.982972
12326 0.634227
12327 0.641791
12328 0.874487
12329 0.758677
12330 0.638956
12331 0.777639
12332 0.76822
12333 0.895538
12334 0.828643
12335 0.915719
12336 0.893604
12337 0.425063
12338 0.652093
12339 0.827601
12340 0.795991
12341 0.873554
12342 0.891643
12343 0.960986
12344 0.709081
12345 0.468968
12346 0.600276
12347 0.791603
12348 0.768027
12349 0.574276
12350 0.749302
12351 0.579485
12352 0.618115
12353 0.629988
12354 0.83562
12355 0.660055
12356 0.648985
12357 0.908739
12358 0.500849
12359 0.633638
12360 0.847313
12361 0.887169
12362 0.839092
12363 0.741969
12364 0.680814
12365 0.834087
12366 0.463481
12367 0.819801
12368 0.622289
12369 0.801
12370 0.668071
12371 0.920029
12372 0.50056
12373 0.686184
12374 0.365726
12375 0.560047
12376 0.670524
12377 0.666099
12378 0.756233
12379 0.767556
12380 0.883821
12381 0.701963
12382 0.627512
12383 0.898018
12384 0.672067
12385 0.876642
12386 0.942739
12387 0.866463
12388 0.810762
12389 0.893277
12390 0.538887
12391 0.744099
12392 0.935114
12393 0.823734
12394 0.577329
12395 0.72179
12396 0.695035
12397 0.649588
12398 0.507188
12399 0.372138
12400 0.784868
12401 0.803484
12402 0.50319
12403 0.540334
12404 0.792701
12405 0.656845
12406 0.767579
12407 0.673685
12408 0.671617
12409 0.697289
12410 0.628097
12411 0.742783
12412 0.822769
12413 0.670018
12414 0.799836
12415 0.665447
12416 0.774817
12417 0.827184
12418 0.945446
12419 0.805568
12420 0.948123
12421 0.744149
12422 0.807518
12423 0.657867
12424 0.769396
12425 0.974676
12426 0.783993
12427 0.750513
12428 0.934328
12429 0.817722
12430 0.941324
12431 0.906395
12432 0.899193
12433 0.744311
12434 0.907781
12435 0.925914
12436 0.842648
12437 0.792541
12438 0.844449
12439 0.887827
12440 0.634128
12441 0.825752
12442 0.649291
12443 0.940436
12444 0.813991
12445 0.762416
12446 0.420317
12447 0.638927
12448 0.718
12449 0.628152
12450 0.720614
12451 0.911045
12452 0.851649
12453 0.659209
12454 0.692611
12455 0.410639
12456 0.79766
12457 0.851898
12458 0.65897
12459 0.681321
12460 0.571064
12461 0.353735
12462 0.653021
12463 0.869217
12464 0.800094
12465 0.771067
12466 0.651029
12467 0.659509
12468 0.825736
12469 0.740673
12470 0.92267
12471 0.94861
12472 0.611471
12473 0.77341
12474 0.795997
12475 0.793042
12476 0.627717
12477 0.865162
12478 0.813262
12479 0.741077
12480 0.794716
12481 0.855199
12482 0.754356
12483 0.909321
12484 0.874986
12485 0.821597
12486 0.617036
12487 0.928518
12488 0.782761
12489 0.727582
12490 0.834429
12491 0.518376
12492 0.744976
12493 0.918307
12494 0.842968
12495 0.920288
12496 0.478307
12497 0.596783
12498 0.766379
12499 0.825878
12500 0.790646
12501 0.895668
12502 0.902596
12503 0.182862
12504 0.46135
12505 0.743914
12506 0.657345
12507 0.486259
12508 0.875447
12509 0.689825
12510 0.839514
12511 0.67713
12512 0.458483
12513 0.734197
12514 0.646934
12515 0.697
12516 0.811722
12517 0.788652
12518 0.694036
12519 0.738358
12520 0.68384
12521 0.645947
12522 0.7917
12523 0.888308
12524 0.803162
12525 0.5113
12526 0.822465
12527 0.78777
12528 0.846906
12529 0.672855
12530 0.723171
12531 0.707765
12532 0.908337
12533 0.757354
12534 0.809852
12535 0.925826
12536 0.968075
12537 0.7531
12538 0.832344
12539 0.901749
12540 0.758692
12541 0.870924
12542 0.747046
12543 0.571555
12544 0.77405
12545 0.62687
12546 0.769985
12547 0.801959
12548 0.877561
12549 0.777823
12550 0.862985
12551 0.803899
12552 0.66214
12553 0.763107
12554 0.558226
12555 0.818077
12556 0.856833
12557 0.796372
12558 0.875897
12559 0.847699
12560 0.849114
12561 0.791823
12562 0.624247
12563 0.390712
12564 0.879707
12565 0.861362
12566 0.706154
12567 0.864443
12568 0.732222
12569 0.779715
12570 0.58962
12571 0.770221
12572 0.685951
12573 0.627762
12574 0.537027
12575 0.673768
12576 0.690332
12577 0.862626
12578 0.788696
12579 0.75107
12580 0.849524
12581 0.55531
12582 0.823035
12583 0.818256
12584 0.887872
12585 0.811907
12586 0.685135
12587 0.887953
12588 0.645653
12589 0.753783
12590 0.791364
12591 0.787213
12592 0.650644
12593 0.912303
12594 0.832759
12595 0.8236
12596 0.714301
12597 0.899312
12598 0.858811
12599 0.660562
12600 0.820452
12601 0.869547
12602 0.863168
12603 0.929125
12604 0.806847
12605 0.828205
12606 0.769538
12607 0.482127
12608 0.624143
12609 0.867156
12610 0.841535
12611 0.930354
12612 0.668642
12613 0.705241
12614 0.603139
12615 0.803055
12616 0.568822
12617 0.659018
12618 0.6918
12619 0.757609
12620 0.681863
12621 0.601589
12622 0.785639
12623 0.945301
12624 0.830977
12625 0.686054
12626 0.863735
12627 0.624241
12628 0.914097
12629 0.852214
12630 0.840178
12631 0.890204
12632 0.930258
12633 0.85223
12634 0.682652
12635 0.666007
12636 0.766615
12637 0.940286
12638 0.835398
12639 0.949335
12640 0.785854
12641 0.73156
12642 0.687609
12643 0.827084
12644 0.93088
12645 0.765631
12646 0.585817
12647 0.896691
12648 0.90913
12649 0.765155
12650 0.769284
12651 0.969019
12652 0.91908
12653 0.673146
12654 0.81488
12655 0.739649
12656 0.638601
12657 0.633397
12658 0.768926
12659 0.856141
12660 0.767181
12661 0.871823
12662 0.754405
12663 0.944435
12664 0.786908
12665 0.713491
12666 0.954784
12667 0.543283
12668 0.894552
12669 0.907094
12670 0.75164
12671 0.943494
12672 0.728243
12673 0.870808
12674 0.808635
12675 0.940267
12676 0.936154
12677 0.866947
12678 0.877262
12679 0.587256
12680 0.886712
12681 0.731694
12682 0.920627
12683 0.726187
12684 0.508617
12685 0.626145
12686 0.56256
12687 0.803376
12688 0.893587
12689 0.654603
12690 0.945016
12691 0.461733
12692 0.780983
12693 0.381908
12694 0.867135
12695 0.709702
12696 0.769731
12697 0.810283
12698 0.680227
12699 0.583887
12700 0.893446
12701 0.501896
12702 0.714608
12703 0.643619
12704 0.916133
12705 0.896146
12706 0.958381
12707 0.752896
12708 0.829437
12709 0.715513
12710 0.825284
12711 0.941295
12712 0.662341
12713 0.782782
12714 0.790421
12715 0.868684
12716 0.682866
12717 0.852644
12718 0.926687
12719 0.66975
12720 0.650562
12721 0.705076
12722 0.866198
12723 0.609361
12724 0.446549
12725 0.784814
12726 0.728223
12727 0.696252
12728 0.864487
12729 0.817896
12730 0.810119
12731 0.68027
12732 0.70851
12733 0.915364
12734 0.551553
12735 0.793687
12736 0.867095
12737 0.513107
12738 0.392581
12739 0.923092
12740 0.440133
12741 0.649585
12742 0.85862
12743 0.663981
12744 0.699152
12745 0.947848
12746 0.880721
12747 0.445597
12748 0.652866
12749 0.684779
12750 0.809212
12751 0.741793
12752 0.690825
12753 0.668003
12754 0.792947
12755 0.726453
12756 0.618049
12757 0.829197
12758 0.970445
12759 0.62301
12760 0.725648
12761 0.617652
12762 0.470511
12763 0.523631
12764 0.750159
12765 0.581586
12766 0.618689
12767 0.522985
12768 0.780317
12769 0.64596
12770 0.642805
12771 0.728215
12772 0.848251
12773 0.595468
12774 0.834017
12775 0.45304
12776 0.668093
12777 0.592216
12778 0.752133
12779 0.708796
12780 0.816618
12781 0.84142
12782 0.756898
12783 0.633838
12784 0.923705
12785 0.678859
12786 0.698984
12787 0.591228
12788 0.690108
12789 0.71001
12790 0.937443
12791 0.687165
12792 0.562228
12793 0.812698
12794 0.794665
12795 0.566148
12796 0.569891
12797 0.808947
12798 0.610365
12799 0.735804
12800 0.328071
12801 0.916385
12802 0.628504
12803 0.718343
12804 0.932461
12805 0.813585
12806 0.886884
12807 0.452191
12808 0.657603
12809 0.771426
12810 0.720848
12811 0.613473
12812 0.689566
12813 0.582913
12814 0.98738
12815 0.531498
12816 0.766762
12817 0.589145
12818 0.401906
12819 0.877044
12820 0.374451
12821 0.649558
12822 0.636636
12823 0.455707
12824 0.523511
12825 0.481737
12826 0.837134
12827 0.552009
12828 0.878558
12829 0.302729
12830 0.830219
12831 0.724871
12832 0.943296
12833 0.634003
12834 0.607303
12835 0.794675
12836 0.861254
12837 0.75399
12838 0.54003
12839 0.581006
12840 0.6343
12841 0.79128
12842 0.75388
12843 0.806505
12844 0.498199
12845 0.508134
12846 0.891266
12847 0.630745
12848 0.694272
12849 0.704232
12850 0.672199
12851 0.592902
12852 0.898361
12853 0.915367
12854 0.75263
12855 0.931545
12856 0.797685
12857 0.745717
12858 0.78678
12859 0.878395
12860 0.618823
12861 0.809759
12862 0.752505
12863 0.673627
12864 0.711484
12865 0.816001
12866 0.802713
12867 0.583892
12868 0.700453
12869 0.546583
12870 0.891686
12871 0.614218
12872 0.871214
12873 0.550559
12874 0.657451
12875 0.736073
12876 0.892081
12877 0.857365
12878 0.945774
12879 0.902149
12880 0.795441
12881 0.945929
12882 0.700971
12883 0.963814
12884 0.893186
12885 0.843846
12886 0.624127
12887 0.487229
12888 0.512143
12889 0.789632
12890 0.619478
12891 0.771878
12892 0.665347
12893 0.731681
12894 0.576935
12895 0.52643
12896 0.887812
12897 0.894641
12898 0.895639
12899 0.94088
12900 0.898176
12901 0.786715
12902 0.896422
12903 0.799867
12904 0.822441
12905 0.696657
12906 0.740964
12907 0.709418
12908 0.611008
12909 0.604538
12910 0.796632
12911 0.82431
12912 0.671562
12913 0.882548
12914 0.930731
12915 0.65505
12916 0.731562
12917 0.861978
12918 0.86008
12919 0.908481
12920 0.916234
12921 0.879851
12922 0.611772
12923 0.950885
12924 0.887493
12925 0.546717
12926 0.886655
12927 0.91897
12928 0.969977
12929 0.899262
12930 0.898506
12931 0.685799
12932 0.572935
12933 0.827827
12934 0.529894
12935 0.588193
12936 0.64937
12937 0.611988
12938 0.57648
12939 0.585509
12940 0.641325
12941 0.948136
12942 0.684618
12943 0.969191
12944 0.827785
12945 0.662629
12946 0.831897
12947 0.78573
12948 0.821388
12949 0.593765
12950 0.898932
12951 0.833344
12952 0.801227
12953 0.851648
12954 0.900532
12955 0.929755
12956 0.63576
12957 0.782823
12958 0.773836
12959 0.813057
12960 0.903088
12961 0.774595
12962 0.745757
12963 0.736516
12964 0.631339
12965 0.758228
12966 0.921882
12967 0.792715
12968 0.614639
12969 0.790118
12970 0.482472
12971 0.909594
12972 0.810064
12973 0.472359
12974 0.618352
12975 0.455447
12976 0.591035
12977 0.607427
12978 0.728097
12979 0.86826
12980 0.850998
12981 0.974459
12982 0.899345
12983 0.774325
12984 0.826604
12985 0.727614
12986 0.675935
12987 0.603499
12988 0.948808
12989 0.740474
12990 0.673916
12991 0.90257
12992 0.812529
12993 0.869989
12994 0.639956
12995 0.924286
12996 0.724631
12997 0.586765
12998 0.785928
12999 0.391997
13000 0.695244
13001 0.55669
13002 0.838569
13003 0.883129
13004 0.670911
13005 0.845279
13006 0.913567
13007 0.586488
13008 0.925163
13009 0.80306
13010 0.648007
13011 0.921995
13012 0.57534
13013 0.769426
13014 0.363322
13015 0.644673
13016 0.924292
13017 0.234614
13018 0.757188
13019 0.862598
13020 0.767946
13021 0.59189
13022 0.589025
13023 0.687948
13024 0.697012
13025 0.873138
13026 0.785926
13027 0.827637
13028 0.618479
13029 0.680407
13030 0.745801
13031 0.911236
13032 0.788033
13033 0.842063
13034 0.593362
13035 0.717708
13036 0.854519
13037 0.81276
13038 0.857103
13039 0.71741
13040 0.824006
13041 0.754266
13042 0.908334
13043 0.804794
13044 0.677246
13045 0.570274
13046 0.802122
13047 0.637258
13048 0.947137
13049 0.708268
13050 0.758596
13051 0.67694
13052 0.425312
13053 0.887783
13054 0.730069
13055 0.813816
13056 0.915106
13057 0.859501
13058 0.829661
13059 0.748137
13060 0.809338
13061 0.805409
13062 0.953439
13063 0.771874
13064 0.751183
13065 0.790336
13066 0.954383
13067 0.536165
13068 0.908363
13069 0.902375
13070 0.885906
13071 0.793031
13072 0.548483
13073 0.858021
13074 0.876332
13075 0.907135
13076 0.700604
13077 0.607054
13078 0.708488
13079 0.679358
13080 0.6853
13081 0.793948
13082 0.755564
13083 0.962297
13084 0.764625
13085 0.619792
13086 0.919598
13087 0.499758
13088 0.615372
13089 0.468669
13090 0.641868
13091 0.943282
13092 0.913784
13093 0.794713
13094 0.410626
13095 0.501515
13096 0.623858
13097 0.880396
13098 0.743665
13099 0.781068
13100 0.731488
13101 0.528471
13102 0.581906
13103 0.613085
13104 0.950196
13105 0.727077
13106 0.675208
13107 0.960234
13108 0.671566
13109 0.671731
13110 0.860558
13111 0.592164
13112 0.684308
13113 0.799009
13114 0.905171
13115 0.673449
13116 0.695226
13117 0.643946
13118 0.509615
13119 0.551809
13120 0.747908
13121 0.858518
13122 0.81898
13123 0.858442
13124 0.540062
13125 0.774552
13126 0.860285
13127 0.451693
13128 0.740352
13129 0.608045
13130 0.70651
13131 0.880319
13132 0.678192
13133 0.832396
13134 0.634023
13135 0.757743
13136 0.571681
13137 0.71985
13138 0.810885
13139 0.901029
13140 0.834458
13141 0.934663
13142 0.83653
13143 0.774043
13144 0.947512
13145 0.827451
13146 0.747765
13147 0.514651
13148 0.775943
13149 0.565154
13150 0.658564
13151 0.647305
13152 0.557452
13153 0.86378
13154 0.650299
13155 0.440798
13156 0.673535
13157 0.52005
13158 0.582774
13159 0.794804
13160 0.68589
13161 0.939723
13162 0.848259
13163 0.554886
13164 0.727068
13165 0.663944
13166 0.589525
13167 0.756545
13168 0.791522
13169 0.928576
13170 0.203497
13171 0.798395
13172 0.651213
13173 0.574958
13174 0.877798
13175 0.702695
13176 0.83065
13177 0.801287
13178 0.790724
13179 0.851553
13180 0.825256
13181 0.52247
13182 0.7457
13183 0.878861
13184 0.652723
13185 0.646176
13186 0.590343
13187 0.457026
13188 0.497723
13189 0.657652
13190 0.860744
13191 0.795617
13192 0.805676
13193 0.969425
13194 0.850667
13195 0.575775
13196 0.583048
13197 0.547491
13198 0.823664
13199 0.949444
13200 0.748925
13201 0.796223
13202 0.780094
13203 0.596515
13204 0.674736
13205 0.900361
13206 0.547021
13207 0.661822
13208 0.517261
13209 0.829021
13210 0.759647
13211 0.61255
13212 0.722923
13213 0.897924
13214 0.870554
13215 0.550903
13216 0.762251
13217 0.58654
13218 0.626534
13219 0.358485
13220 0.798785
13221 0.717613
13222 0.73554
13223 0.821732
13224 0.865581
13225 0.837218
13226 0.55393
13227 0.763293
13228 0.708206
13229 0.580488
13230 0.634034
13231 0.499726
13232 0.333086
13233 0.699653
13234 0.505724
13235 0.748046
13236 0.867041
13237 0.468896
13238 0.635163
13239 0.495361
13240 0.729009
13241 0.554638
13242 0.8175
13243 0.819907
13244 0.934532
13245 0.503449
13246 0.740966
13247 0.624384
13248 0.765989
13249 0.727198
13250 0.648033
13251 0.680556
13252 0.83767
13253 0.839347
13254 0.53133
13255 0.359034
13256 0.67438
13257 0.842923
13258 0.690457
13259 0.6533
13260 0.770102
13261 0.631882
13262 0.804273
13263 0.617625
13264 0.652686
13265 0.68536
13266 0.766212
13267 0.754692
13268 0.530999
13269 0.701776
13270 0.589288
13271 0.611261
13272 0.903679
13273 0.888141
13274 0.657199
13275 0.87071
13276 0.711617
13277 0.474752
13278 0.74602
13279 0.853423
13280 0.808099
13281 0.809615
13282 0.745382
13283 0.923064
13284 0.914676
13285 0.603704
13286 0.879271
13287 0.814879
13288 0.781751
13289 0.724643
13290 0.582617
13291 0.718974
13292 0.708858
13293 0.633753
13294 0.732282
13295 0.849501
13296 0.868265
13297 0.802205
13298 0.755772
13299 0.792071
13300 0.832368
13301 0.552469
13302 0.715532
13303 0.684339
13304 0.736112
13305 0.918115
13306 0.590994
13307 0.715452
13308 0.262863
13309 0.5882
13310 0.392485
13311 0.721592
13312 0.670911
13313 0.578028
13314 0.657601
13315 0.299815
13316 0.540147
13317 0.670868
13318 0.661832
13319 0.669893
13320 0.878694
13321 0.799471
13322 0.545379
13323 0.945198
13324 0.870417
13325 0.804084
13326 0.847477
13327 0.696259
13328 0.856038
13329 0.837561
13330 0.61953
13331 0.782645
13332 0.892691
13333 0.67989
13334 0.901993
13335 0.810422
13336 0.728074
13337 0.532697
13338 0.585772
13339 0.94888
13340 0.896865
13341 0.778503
13342 0.763346
13343 0.752998
13344 0.940007
13345 0.839568
13346 0.573743
13347 0.680961
13348 0.740238
13349 0.971694
13350 0.536467
13351 0.656471
13352 0.772049
13353 0.964712
13354 0.691607
13355 0.938831
13356 0.772018
13357 0.618261
13358 0.846682
13359 0.87531
13360 0.797011
13361 0.791943
13362 0.845236
13363 0.936528
13364 0.775794
13365 0.948797
13366 0.878381
13367 0.811533
13368 0.928327
13369 0.852382
13370 0.817804
13371 0.673019
13372 0.554522
13373 0.899277
13374 0.677226
13375 0.77822
13376 0.734295
13377 0.36065
13378 0.769113
13379 0.541231
13380 0.784439
13381 0.768219
13382 0.437503
13383 0.469961
13384 0.870619
13385 0.70598
13386 0.714633
13387 0.757889
13388 0.599516
13389 0.688198
13390 0.322691
13391 0.894254
13392 0.680161
13393 0.840494
13394 0.621909
13395 0.900367
13396 0.923576
13397 0.725072
13398 0.598756
13399 0.673856
13400 0.558824
13401 0.555236
13402 0.669409
13403 0.939555
13404 0.825307
13405 0.294358
13406 0.760292
13407 0.461926
13408 0.639586
13409 0.623942
13410 0.555795
13411 0.622729
13412 0.77736
13413 0.57697
13414 0.662456
13415 0.72293
13416 0.745863
13417 0.723993
13418 0.760058
13419 0.734007
13420 0.620574
13421 0.843873
13422 0.829794
13423 0.735504
13424 0.90431
13425 0.783388
13426 0.863759
13427 0.85329
13428 0.830389
13429 0.786788
13430 0.871951
13431 0.642339
13432 0.674446
13433 0.469143
13434 0.782952
13435 0.790855
13436 0.869363
13437 0.434714
13438 0.462233
13439 0.592605
13440 0.831196
13441 0.909221
13442 0.383218
13443 0.605956
13444 0.263772
13445 0.522529
13446 0.814652
13447 0.817869
13448 0.865424
13449 0.536114
13450 0.729754
13451 0.767478
13452 0.456177
13453 0.737715
13454 0.409396
13455 0.625559
13456 0.673942
13457 0.600384
13458 0.619891
13459 0.640023
13460 0.818282
13461 0.674097
13462 0.758728
13463 0.719133
13464 0.783218
13465 0.906259
13466 0.61933
13467 0.720886
13468 0.853432
13469 0.743078
13470 0.719654
13471 0.951362
13472 0.551818
13473 0.831163
13474 0.867453
13475 0.861682
13476 0.802699
13477 0.940877
13478 0.923152
13479 0.485108
13480 0.930887
13481 0.919924
13482 0.958673
13483 0.819246
13484 0.694258
13485 0.659011
13486 0.757954
13487 0.855368
13488 0.761129
13489 0.748531
13490 0.956439
13491 0.662388
13492 0.749835
13493 0.975599
13494 0.903141
13495 0.945239
13496 0.723802
13497 0.882224
13498 0.885841
13499 0.839551
13500 0.827567
13501 0.672764
13502 0.386001
13503 0.877628
13504 0.978677
13505 0.851284
13506 0.895673
13507 0.932428
13508 0.932971
13509 0.89649
13510 0.867468
13511 0.845897
13512 0.834447
13513 0.725236
13514 0.735346
13515 0.779586
13516 0.600224
13517 0.68245
13518 0.789646
13519 0.728452
13520 0.784455
13521 0.573048
13522 0.490439
13523 0.714146
13524 0.49902
13525 0.346379
13526 0.796342
13527 0.2477
13528 0.850621
13529 0.803563
13530 0.583936
13531 0.841194
13532 0.638347
13533 0.613239
13534 0.615762
13535 0.699987
13536 0.699425
13537 0.718272
13538 0.927517
13539 0.802456
13540 0.713582
13541 0.602469
13542 0.841749
13543 0.757084
13544 0.810465
13545 0.731345
13546 0.90802
13547 0.861683
13548 0.778904
13549 0.706837
13550 0.814214
13551 0.802053
13552 0.918992
13553 0.641164
13554 0.871495
13555 0.829792
13556 0.878103
13557 0.837609
13558 0.685209
13559 0.909965
13560 0.962183
13561 0.637078
13562 0.569415
13563 0.583918
13564 0.763781
13565 0.897743
13566 0.633718
13567 0.823132
13568 0.728011
13569 0.872421
13570 0.638325
13571 0.840079
13572 0.85365
13573 0.839197
13574 0.813442
13575 0.896112
13576 0.537262
13577 0.929467
13578 0.830112
13579 0.959327
13580 0.780148
13581 0.701143
13582 0.835885
13583 0.732185
13584 0.911563
13585 0.780352
13586 0.814033
13587 0.525919
13588 0.586167
13589 0.95414
13590 0.447104
13591 0.819956
13592 0.777364
13593 0.76098
13594 0.883943
13595 0.939468
13596 0.840854
13597 0.750091
13598 0.827801
13599 0.599266
13600 0.701023
13601 0.842517
13602 0.812586
13603 0.491233
13604 0.697277
13605 0.714005
13606 0.734334
13607 0.519217
13608 0.597383
13609 0.775095
13610 0.486841
13611 0.768694
13612 0.907742
13613 0.705516
13614 0.804801
13615 0.635634
13616 0.815284
13617 0.91113
13618 0.608026
13619 0.790495
13620 0.752135
13621 0.710797
13622 0.902935
13623 0.616564
13624 0.836632
13625 0.808705
13626 0.768711
13627 0.661245
13628 0.645633
13629 0.68343
13630 0.744942
13631 0.678779
13632 0.74441
13633 0.859261
13634 0.936286
13635 0.867201
13636 0.639958
13637 0.642597
13638 0.401506
13639 0.633469
13640 0.678334
13641 0.795524
13642 0.818544
13643 0.719508
13644 0.715298
13645 0.545166
13646 0.705477
13647 0.636143
13648 0.824576
13649 0.714264
13650 0.779294
13651 0.665355
13652 0.66341
13653 0.829649
13654 0.843524
13655 0.858158
13656 0.730229
13657 0.616005
13658 0.679624
13659 0.695384
13660 0.655659
13661 0.747813
13662 0.682779
13663 0.809854
13664 0.89232
13665 0.771324
13666 0.418342
13667 0.70727
13668 0.750345
13669 0.914002
13670 0.750133
13671 0.733185
13672 0.360175
13673 0.914203
13674 0.751782
13675 0.648865
13676 0.694936
13677 0.623062
13678 0.557776
13679 0.611367
13680 0.86916
13681 0.727923
13682 0.507776
13683 0.509734
13684 0.888275
13685 0.626019
13686 0.807216
13687 0.680566
13688 0.527424
13689 0.688633
13690 0.749991
13691 0.921191
13692 0.850307
13693 0.766266
13694 0.821945
13695 0.748222
13696 0.788354
13697 0.765287
13698 0.808158
13699 0.777124
13700 0.724072
13701 0.691069
13702 0.746287
13703 0.281162
13704 0.604496
13705 0.798974
13706 0.831487
13707 0.813551
13708 0.618393
13709 0.909496
13710 0.933539
13711 0.923256
13712 0.731917
13713 0.781169
13714 0.724078
13715 0.896802
13716 0.711462
13717 0.888112
13718 0.866709
13719 0.674731
13720 0.760448
13721 0.689081
13722 0.733956
13723 0.676297
13724 0.93643
13725 0.826376
13726 0.90786
13727 0.652238
13728 0.629923
13729 0.845447
13730 0.776219
13731 0.585172
13732 0.703115
13733 0.734908
13734 0.791957
13735 0.709539
13736 0.948673
13737 0.887049
13738 0.706113
13739 0.669417
13740 0.745367
13741 0.531032
13742 0.900096
13743 0.527058
13744 0.692995
13745 0.851376
13746 0.621213
13747 0.831373
13748 0.721768
13749 0.904204
13750 0.867476
13751 0.813734
13752 0.704234
13753 0.767623
13754 0.791628
13755 0.914853
13756 0.602188
13757 0.583582
13758 0.660097
13759 0.561928
13760 0.773154
13761 0.754267
13762 0.960127
13763 0.308385
13764 0.491271
13765 0.563364
13766 0.584081
13767 0.686445
13768 0.863007
13769 0.746793
13770 0.710805
13771 0.770256
13772 0.385826
13773 0.929381
13774 0.714118
13775 0.653036
13776 0.541557
13777 0.888438
13778 0.56168
13779 0.48787
13780 0.53015
13781 0.501074
13782 0.554102
13783 0.187841
13784 0.778923
13785 0.775676
13786 0.981421
13787 0.937456
13788 0.9042
13789 0.911673
13790 0.751046
13791 0.748671
13792 0.714669
13793 0.620843
13794 0.72731
13795 0.868863
13796 0.6992
13797 0.938837
13798 0.625479
13799 0.6973
13800 0.59665
13801 0.588815
13802 0.741607
13803 0.756501
13804 0.469947
13805 0.575398
13806 0.526195
13807 0.6188
13808 0.608996
13809 0.61479
13810 0.489237
13811 0.825301
13812 0.684684
13813 0.749943
13814 0.456527
13815 0.433708
13816 0.404895
13817 0.796367
13818 0.626188
13819 0.662259
13820 0.578245
13821 0.643892
13822 0.531446
13823 0.62922
13824 0.560891
13825 0.673704
13826 0.77997
13827 0.818419
13828 0.897022
13829 0.830098
13830 0.672691
13831 0.683956
13832 0.827636
13833 0.542876
13834 0.695967
13835 0.914762
13836 0.8114
13837 0.471898
13838 0.820641
13839 0.614774
13840 0.708384
13841 0.76326
13842 0.525562
13843 0.620281
13844 0.424901
13845 0.757651
13846 0.625952
13847 0.445356
13848 0.714178
13849 0.531707
13850 0.626062
13851 0.58508
13852 0.835891
13853 0.731011
13854 0.479478
13855 0.606268
13856 0.507872
13857 0.802097
13858 0.82354
13859 0.750257
13860 0.822416
13861 0.640574
13862 0.671414
13863 0.654451
13864 0.681153
13865 0.914151
13866 0.837893
13867 0.648853
13868 0.859858
13869 0.764536
13870 0.909549
13871 0.653824
13872 0.696639
13873 0.790855
13874 0.442486
13875 0.739456
13876 0.619943
13877 0.784951
13878 0.638875
13879 0.600598
13880 0.708674
13881 0.866063
13882 0.652517
13883 0.915569
13884 0.646558
13885 0.553976
13886 0.826597
13887 0.508491
13888 0.428289
13889 0.958983
13890 0.849632
13891 0.747
13892 0.486936
13893 0.622727
13894 0.756703
13895 0.54779
13896 0.763249
13897 0.767846
13898 0.669316
13899 0.818197
13900 0.745419
13901 0.688139
13902 0.965115
13903 0.706125
13904 0.898124
13905 0.81113
13906 0.656692
13907 0.864149
13908 0.547855
13909 0.723262
13910 0.437307
13911 0.956867
13912 0.462473
13913 0.756688
13914 0.860245
13915 0.964908
13916 0.824844
13917 0.602083
13918 0.737626
13919 0.655625
13920 0.424858
13921 0.549106
13922 0.562943
13923 0.473502
13924 0.414061
13925 0.714237
13926 0.62083
13927 0.683126
13928 0.817566
13929 0.796258
13930 0.717226
13931 0.25823
13932 0.785025
13933 0.360462
13934 0.530506
13935 0.640415
13936 0.78543
13937 0.78302
13938 0.491239
13939 0.80278
13940 0.740022
13941 0.554451
13942 0.751356
13943 0.78819
13944 0.664891
13945 0.710375
13946 0.700499
13947 0.737725
13948 0.844619
13949 0.642279
13950 0.436827
13951 0.682771
13952 0.791747
13953 0.927333
13954 0.77608
13955 0.714565
13956 0.470357
13957 0.672056
13958 0.980827
13959 0.907817
13960 0.716137
13961 0.824564
13962 0.888096
13963 0.659351
13964 0.845852
13965 0.557203
13966 0.919193
13967 0.452954
13968 0.637675
13969 0.593252
13970 0.574645
13971 0.631062
13972 0.472632
13973 0.61572
13974 0.588622
13975 0.699109
13976 0.776991
13977 0.815465
13978 0.517612
13979 0.770065
13980 0.670635
13981 0.683735
13982 0.65862
13983 0.737496
13984 0.788027
13985 0.887932
13986 0.892846
13987 0.40304
13988 0.73709
13989 0.582123
13990 0.701833
13991 0.513982
13992 0.945884
13993 0.543928
13994 0.777709
13995 0.783099
13996 0.840781
13997 0.657286
13998 0.643084
13999 0.481715
14000 0.70057
14001 0.804004
14002 0.916271
14003 0.824369
14004 0.854152
14005 0.928141
14006 0.678755
14007 0.731853
14008 0.720839
14009 0.755711
14010 0.792055
14011 0.758417
14012 0.58639
14013 0.788205
14014 0.601708
14015 0.690616
14016 0.57147
14017 0.847734
14018 0.730823
14019 0.679164
14020 0.800188
14021 0.730569
14022 0.669184
14023 0.699784
14024 0.739862
14025 0.703531
14026 0.723706
14027 0.873245
14028 0.783542
14029 0.831735
14030 0.719984
14031 0.616593
14032 0.656261
14033 0.841017
14034 0.819794
14035 0.948185
14036 0.74374
14037 0.770801
14038 0.658849
14039 0.455827
14040 0.441959
14041 0.505132
14042 0.609057
14043 0.65882
14044 0.777989
14045 0.785106
14046 0.688632
14047 0.619748
14048 0.649113
14049 0.800077
14050 0.707139
14051 0.706501
14052 0.789393
14053 0.92025
14054 0.814961
14055 0.895316
14056 0.843208
14057 0.813409
14058 0.658891
14059 0.918366
14060 0.675003
14061 0.974434
14062 0.791624
14063 0.822891
14064 0.826763
14065 0.804954
14066 0.639447
14067 0.657455
14068 0.533481
14069 0.645575
14070 0.555794
14071 0.644957
14072 0.960031
14073 0.732776
14074 0.841301
14075 0.609787
14076 0.932352
14077 0.822298
14078 0.906491
14079 0.963603
14080 0.740488
14081 0.789994
14082 0.646573
14083 0.976662
14084 0.592928
14085 0.936921
14086 0.596091
14087 0.725281
14088 0.58007
14089 0.634319
14090 0.347651
14091 0.802675
14092 0.664599
14093 0.765162
14094 0.733738
14095 0.264194
14096 0.539237
14097 0.808582
14098 0.795252
14099 0.677736
14100 0.803971
14101 0.677947
14102 0.645428
14103 0.724054
14104 0.497001
14105 0.760327
14106 0.932124
14107 0.598888
14108 0.835639
14109 0.793713
14110 0.940224
14111 0.858835
14112 0.6211
14113 0.619823
14114 0.511836
14115 0.475339
14116 0.689998
14117 0.676317
14118 0.437008
14119 0.635086
14120 0.715984
14121 0.772482
14122 0.537511
14123 0.659731
14124 0.787921
14125 0.643699
14126 0.77063
14127 0.705038
14128 0.695985
14129 0.924806
14130 0.67592
14131 0.827357
14132 0.651589
14133 0.61397
14134 0.597765
14135 0.752558
14136 0.701715
14137 0.767576
14138 0.838558
14139 0.782556
14140 0.73613
14141 0.611034
14142 0.504441
14143 0.780431
14144 0.749411
14145 0.308985
14146 0.601242
14147 0.851425
14148 0.650265
14149 0.734982
14150 0.584669
14151 0.660754
14152 0.34987
14153 0.767637
14154 0.691339
14155 0.635282
14156 0.593603
14157 0.737994
14158 0.887504
14159 0.862535
14160 0.820491
14161 0.824256
14162 0.6041
14163 0.796437
14164 0.844065
14165 0.890638
14166 0.72409
14167 0.811775
14168 0.788611
14169 0.747802
14170 0.964354
14171 0.914831
14172 0.975399
14173 0.376971
14174 0.826521
14175 0.722611
14176 0.631068
14177 0.895489
14178 0.763514
14179 0.723239
14180 0.900239
14181 0.52875
14182 0.866337
14183 0.831906
14184 0.672103
14185 0.647278
14186 0.677563
14187 0.595691
14188 0.635232
14189 0.847225
14190 0.501719
14191 0.777022
14192 0.741758
14193 0.743742
14194 0.783655
14195 0.56868
14196 0.581288
14197 0.935261
14198 0.71984
14199 0.956458
14200 0.702674
14201 0.743898
14202 0.610523
14203 0.777712
14204 0.893164
14205 0.898585
14206 0.70426
14207 0.779211
14208 0.826067
14209 0.758843
14210 0.936441
14211 0.803678
14212 0.736376
14213 0.937334
14214 0.643866
14215 0.628665
14216 0.529372
14217 0.848376
14218 0.942492
14219 0.655319
14220 0.950774
14221 0.99269
14222 0.784923
14223 0.586221
14224 0.675622
14225 0.614732
14226 0.57378
14227 0.879551
14228 0.315599
14229 0.839213
14230 0.758094
14231 0.839149
14232 0.615824
14233 0.853061
14234 0.643411
14235 0.567269
14236 0.666133
14237 0.670804
14238 0.820099
14239 0.798086
14240 0.870045
14241 0.73825
14242 0.751935
14243 0.870439
14244 0.558342
14245 0.716225
14246 0.861862
14247 0.546135
14248 0.811254
14249 0.817857
14250 0.811177
14251 0.878686
14252 0.567378
14253 0.919309
14254 0.900524
14255 0.801153
14256 0.949948
14257 0.748457
14258 0.966192
14259 0.874231
14260 0.938521
14261 0.67287
14262 0.800938
14263 0.849502
14264 0.793508
14265 0.597854
14266 0.97482
14267 0.601678
14268 0.847771
14269 0.94567
14270 0.690451
14271 0.886938
14272 0.923506
14273 0.648067
14274 0.88822
14275 0.747743
14276 0.765345
14277 0.730651
14278 0.793411
14279 0.850011
14280 0.795767
14281 0.837506
14282 0.608827
14283 0.851577
14284 0.842476
14285 0.660796
14286 0.679554
14287 0.523129
14288 0.899337
14289 0.729183
14290 0.880929
14291 0.80563
14292 0.808997
14293 0.663066
14294 0.779076
14295 0.68095
14296 0.587317
14297 0.811318
14298 0.839574
14299 0.783538
14300 0.900293
14301 0.938582
14302 0.802017
14303 0.944513
14304 0.859078
14305 0.774116
14306 0.701724
14307 0.945332
14308 0.784317
14309 0.801033
14310 0.501865
14311 0.890913
14312 0.939462
14313 0.731781
14314 0.666059
14315 0.42391
14316 0.295922
14317 0.910243
14318 0.664414
14319 0.876235
14320 0.664361
14321 0.634686
14322 0.652174
14323 0.467395
14324 0.889547
14325 0.521566
14326 0.698605
14327 0.784388
14328 0.630604
14329 0.625237
14330 0.691801
14331 0.516347
14332 0.788459
14333 0.514363
14334 0.861444
14335 0.67356
14336 0.967575
14337 0.816664
14338 0.527591
14339 0.635893
14340 0.881316
14341 0.603355
14342 0.781991
14343 0.753494
14344 0.870138
14345 0.840007
14346 0.867674
14347 0.764768
14348 0.767496
14349 0.376788
14350 0.735233
14351 0.761444
14352 0.792187
14353 0.622272
14354 0.953463
14355 0.945137
14356 0.556234
14357 0.897711
14358 0.789742
14359 0.631465
14360 0.669186
14361 0.420762
14362 0.749889
14363 0.751766
14364 0.75367
14365 0.885268
14366 0.566225
14367 0.656665
14368 0.776994
14369 0.662064
14370 0.83228
14371 0.926296
14372 0.770672
14373 0.893509
14374 0.805456
14375 0.906281
14376 0.843285
14377 0.823705
14378 0.656384
14379 0.500506
14380 0.835233
14381 0.458754
14382 0.478756
14383 0.893147
14384 0.848885
14385 0.768705
14386 0.841233
14387 0.662666
14388 0.750116
14389 0.839977
14390 0.733145
14391 0.897974
14392 0.661696
14393 0.619963
14394 0.721703
14395 0.871042
14396 0.600224
14397 0.922732
14398 0.604922
14399 0.759042
14400 0.696239
14401 0.781157
14402 0.461771
14403 0.54943
14404 0.599811
14405 0.474231
14406 0.640194
14407 0.757727
14408 0.620383
14409 0.853313
14410 0.560199
14411 0.756021
14412 0.626463
14413 0.62435
14414 0.784641
14415 0.875607
14416 0.706177
14417 0.704553
14418 0.747495
14419 0.81995
14420 0.815764
14421 0.362404
14422 0.58259
14423 0.618181
14424 0.849372
14425 0.589062
14426 0.51115
14427 0.792488
14428 0.700929
14429 0.664165
14430 0.946372
14431 0.942565
14432 0.760007
14433 0.610861
14434 0.510824
14435 0.656724
14436 0.871631
14437 0.739999
14438 0.728676
14439 0.71389
14440 0.851999
14441 0.56143
14442 0.774657
14443 0.795948
14444 0.602694
14445 0.417673
14446 0.703471
14447 0.944651
14448 0.909647
14449 0.792363
14450 0.644245
14451 0.952435
14452 0.872585
14453 0.809026
14454 0.945551
14455 0.750161
14456 0.686636
14457 0.909782
14458 0.803611
14459 0.804426
14460 0.654274
14461 0.621723
14462 0.883059
14463 0.728236
14464 0.878039
14465 0.651116
14466 0.751093
14467 0.766418
14468 0.877942
14469 0.804897
14470 0.683583
14471 0.888232
14472 0.864814
14473 0.878666
14474 0.894281
14475 0.652569
14476 0.816627
14477 0.9095
14478 0.74818
14479 0.83214
14480 0.842312
14481 0.753582
14482 0.86892
14483 0.813788
14484 0.693815
14485 0.607765
14486 0.782784
14487 0.523522
14488 0.755974
14489 0.876394
14490 0.693901
14491 0.78117
14492 0.801091
14493 0.578846
14494 0.773944
14495 0.552747
14496 0.633251
14497 0.842825
14498 0.738398
14499 0.52602
14500 0.649543
14501 0.441185
14502 0.621534
14503 0.781068
14504 0.728419
14505 0.754866
14506 0.85282
14507 0.534983
14508 0.651688
14509 0.894499
14510 0.670022
14511 0.80985
14512 0.845539
14513 0.946589
14514 0.82613
14515 0.868294
14516 0.937253
14517 0.955246
14518 0.911736
14519 0.645577
14520 0.350303
14521 0.86879
14522 0.847448
14523 0.946789
14524 0.952445
14525 0.753236
14526 0.71197
14527 0.819894
14528 0.895949
14529 0.684031
14530 0.746995
14531 0.680424
14532 0.332023
14533 0.635687
14534 0.710995
14535 0.775658
14536 0.83028
14537 0.846822
14538 0.796675
14539 0.728829
14540 0.812641
14541 0.757512
14542 0.51065
14543 0.85416
14544 0.688816
14545 0.700999
14546 0.682896
14547 0.770374
14548 0.540167
14549 0.843916
14550 0.612427
14551 0.789024
14552 0.912419
14553 0.921859
14554 0.743842
14555 0.81685
14556 0.902147
14557 0.771472
14558 0.669895
14559 0.741645
14560 0.852273
14561 0.859615
14562 0.76347
14563 0.87178
14564 0.730637
14565 0.790082
14566 0.652941
14567 0.644949
14568 0.950654
14569 0.798604
14570 0.651954
14571 0.847351
14572 0.812381
14573 0.681104
14574 0.828908
14575 0.621427
14576 0.789307
14577 0.672524
14578 0.838163
14579 0.736211
14580 0.774313
14581 0.862193
14582 0.873971
14583 0.944582
14584 0.859747
14585 0.747406
14586 0.682876
14587 0.751975
14588 0.537784
14589 0.893807
14590 0.645431
14591 0.905143
14592 0.759918
14593 0.852031
14594 0.870069
14595 0.944922
14596 0.774709
14597 0.89989
14598 0.742921
14599 0.719764
14600 0.7135
14601 0.844054
14602 0.703542
14603 0.732088
14604 0.900859
14605 0.784447
14606 0.686078
14607 0.945214
14608 0.934635
14609 0.858101
14610 0.849403
14611 0.803016
14612 0.839211
14613 0.825944
14614 0.94573
14615 0.860772
14616 0.890824
14617 0.829791
14618 0.777985
14619 0.787915
14620 0.837129
14621 0.942355
14622 0.83977
14623 0.935197
14624 0.598368
14625 0.833221
14626 0.564996
14627 0.685255
14628 0.738689
14629 0.813004
14630 0.758105
14631 0.639824
14632 0.814256
14633 0.524976
14634 0.544389
14635 0.944493
14636 0.591672
14637 0.585437
14638 0.758777
14639 0.840912
14640 0.838799
14641 0.8114
14642 0.940412
14643 0.666747
14644 0.859949
14645 0.935074
14646 0.695095
14647 0.80377
14648 0.880549
14649 0.601755
14650 0.514683
14651 0.489231
14652 0.624634
14653 0.830599
14654 0.822359
14655 0.755053
14656 0.860835
14657 0.888868
14658 0.780386
14659 0.770064
14660 0.816347
14661 0.728652
14662 0.877092
14663 0.628804
14664 0.778435
14665 0.705228
14666 0.849796
14667 0.743253
14668 0.769365
14669 0.741827
14670 0.652486
14671 0.648862
14672 0.820136
14673 0.797522
14674 0.728158
14675 0.882143
14676 0.846533
14677 0.609485
14678 0.765531
14679 0.851574
14680 0.782527
14681 0.582826
14682 0.812307
14683 0.790765
14684 0.763319
14685 0.74568
14686 0.942049
14687 0.843953
14688 0.732961
14689 0.71744
14690 0.833993
14691 0.671347
14692 0.883223
14693 0.690939
14694 0.833467
14695 0.741424
14696 0.763582
14697 0.763482
14698 0.345171
14699 0.754709
14700 0.949869
14701 0.629553
14702 0.373173
14703 0.653141
14704 0.516679
14705 0.627983
14706 0.568925
14707 0.624558
14708 0.70356
14709 0.681816
14710 0.772561
14711 0.905924
14712 0.855076
14713 0.804169
14714 0.736529
14715 0.820096
14716 0.885077
14717 0.709781
14718 0.843955
14719 0.736826
14720 0.827315
14721 0.8745
14722 0.795046
14723 0.585407
14724 0.778896
14725 0.691272
14726 0.572702
14727 0.523881
14728 0.287847
14729 0.483874
14730 0.706948
14731 0.704318
14732 0.634139
14733 0.875737
14734 0.888691
14735 0.677785
14736 0.733737
14737 0.848055
14738 0.924466
14739 0.400934
14740 0.490129
14741 0.776049
14742 0.613367
14743 0.88238
14744 0.773504
14745 0.696075
14746 0.953083
14747 0.820149
14748 0.857744
14749 0.787028
14750 0.770067
14751 0.831861
14752 0.88011
14753 0.591781
14754 0.554614
14755 0.857902
14756 0.701672
14757 0.819561
14758 0.639867
14759 0.67752
14760 0.743885
14761 0.819561
14762 0.642589
14763 0.787808
14764 0.760217
14765 0.963656
14766 0.789658
14767 0.754298
14768 0.954244
14769 0.766701
14770 0.773401
14771 0.67689
14772 0.811774
14773 0.751363
14774 0.765748
14775 0.847382
14776 0.85932
14777 0.811619
14778 0.61257
14779 0.688189
14780 0.702619
14781 0.332988
14782 0.549971
14783 0.648829
14784 0.779909
14785 0.781824
14786 0.866303
14787 0.70088
14788 0.767288
14789 0.937611
14790 0.390998
14791 0.866468
14792 0.576492
14793 0.951825
14794 0.927236
14795 0.835023
14796 0.764811
14797 0.782913
14798 0.802331
14799 0.4399
14800 0.502002
14801 0.897332
14802 0.830999
14803 0.593335
14804 0.825836
14805 0.735602
14806 0.498273
14807 0.679139
14808 0.639147
14809 0.798988
14810 0.743595
14811 0.538476
14812 0.774673
14813 0.763349
14814 0.481444
14815 0.784764
14816 0.8379
14817 0.867586
14818 0.887182
14819 0.891695
14820 0.880469
14821 0.800665
14822 0.883892
14823 0.579012
14824 0.626079
14825 0.922081
14826 0.738777
14827 0.822872
14828 0.820484
14829 0.824878
14830 0.661644
14831 0.70255
14832 0.781325
14833 0.713796
14834 0.843847
14835 0.525352
14836 0.887883
14837 0.804268
14838 0.571587
14839 0.935028
14840 0.852369
14841 0.641807
14842 0.839348
14843 0.847242
14844 0.826838
14845 0.625474
14846 0.825677
14847 0.975379
14848 0.591511
14849 0.856294
14850 0.827206
14851 0.897462
14852 0.843275
14853 0.667417
14854 0.49873
14855 0.953562
14856 0.88683
14857 0.913133
14858 0.811831
14859 0.809053
14860 0.774417
14861 0.854833
14862 0.859422
14863 0.663242
14864 0.920804
14865 0.666343
14866 0.725912
14867 0.940074
14868 0.572736
14869 0.664229
14870 0.224276
14871 0.819293
14872 0.72807
14873 0.823034
14874 0.815223
14875 0.814669
14876 0.742722
14877 0.667118
14878 0.888995
14879 0.73295
14880 0.983945
14881 0.713171
14882 0.866482
14883 0.943929
14884 0.654415
14885 0.93728
14886 0.708063
14887 0.888081
14888 0.90021
14889 0.71489
14890 0.853221
14891 0.785361
14892 0.899977
14893 0.542505
14894 0.809626
14895 0.908214
14896 0.936453
14897 0.781366
14898 0.594956
14899 0.877106
14900 0.827564
14901 0.502456
14902 0.651768
14903 0.854098
14904 0.782977
14905 0.725467
14906 0.899349
14907 0.801424
14908 0.862628
14909 0.61139
14910 0.651976
14911 0.839761
14912 0.646973
14913 0.644551
14914 0.637217
14915 0.901363
14916 0.538426
14917 0.5017
14918 0.899273
14919 0.851488
14920 0.671338
14921 0.56346
14922 0.751346
14923 0.709887
14924 0.605148
14925 0.729613
14926 0.758032
14927 0.782251
14928 0.927436
14929 0.573111
14930 0.541814
14931 0.713288
14932 0.929456
14933 0.805401
14934 0.933612
14935 0.725514
14936 0.785316
14937 0.539806
14938 0.933618
14939 0.86786
14940 0.90127
14941 0.935112
14942 0.762652
14943 0.747213
14944 0.8275
14945 0.751765
14946 0.824886
14947 0.899055
14948 0.897357
14949 0.696174
14950 0.778351
14951 0.689507
14952 0.776916
14953 0.809318
14954 0.804895
14955 0.696715
14956 0.902193
14957 0.608432
14958 0.886756
14959 0.701918
14960 0.931988
14961 0.509333
14962 0.88893
14963 0.814537
14964 0.834168
14965 0.67563
14966 0.886209
14967 0.789853
14968 0.59005
14969 0.762243
14970 0.779354
14971 0.559376
14972 0.58743
14973 0.625588
14974 0.47989
14975 0.712986
14976 0.958894
14977 0.615557
14978 0.855095
14979 0.769981
14980 0.702247
14981 0.673766
14982 0.91182
14983 0.925663
14984 0.719335
14985 0.771839
14986 0.917617
14987 0.767054
14988 0.924484
14989 0.984429
14990 0.558046
14991 0.22529
14992 0.853439
14993 0.787619
14994 0.833759
14995 0.88381
14996 0.796566
14997 0.81615
14998 0.898398
14999 0.801887
15000 0.82246
15001 0.842764
15002 0.535847
15003 0.930837
15004 0.794724
15005 0.832716
15006 0.732048
15007 0.778433
15008 0.924634
15009 0.893606
15010 0.813261
15011 0.841168
15012 0.579654
15013 0.798179
15014 0.82017
15015 0.843074
15016 0.622942
15017 0.917417
15018 0.854007
15019 0.785965
15020 0.667926
15021 0.735202
15022 0.694347
15023 0.871359
15024 0.826022
15025 0.808592
15026 0.760894
15027 0.717795
15028 0.944569
15029 0.810725
15030 0.765775
15031 0.800611
15032 0.855481
15033 0.883246
15034 0.767024
15035 0.65173
15036 0.926142
15037 0.385002
15038 0.688815
15039 0.879368
15040 0.893803
15041 0.685079
15042 0.782447
15043 0.622543
15044 0.776194
15045 0.549085
15046 0.950554
15047 0.728827
15048 0.809115
15049 0.823503
15050 0.703877
15051 0.756924
15052 0.813193
15053 0.627836
15054 0.953387
15055 0.82578
15056 0.847871
15057 0.678378
15058 0.74158
15059 0.90821
15060 0.819739
15061 0.891676
15062 0.764589
15063 0.782979
15064 0.790091
15065 0.742002
15066 0.673405
15067 0.921625
15068 0.733029
15069 0.868961
15070 0.60546
15071 0.877215
15072 0.928757
15073 0.802775
15074 0.929708
15075 0.844723
15076 0.827795
15077 0.673797
15078 0.833361
15079 0.773116
15080 0.782704
15081 0.803705
15082 0.763465
15083 0.692703
15084 0.683786
15085 0.647758
15086 0.913916
15087 0.836068
15088 0.704987
15089 0.747457
15090 0.880416
15091 0.681684
15092 0.756198
15093 0.905099
15094 0.907516
15095 0.92514
15096 0.848255
15097 0.743309
15098 0.926125
15099 0.840673
15100 0.81687
15101 0.887418
15102 0.888051
15103 0.907751
15104 0.788968
15105 0.856844
15106 0.758543
15107 0.498544
15108 0.708754
15109 0.666809
15110 0.662071
15111 0.679381
15112 0.601009
15113 0.669997
15114 0.890848
15115 0.923027
15116 0.960112
15117 0.563097
15118 0.882538
15119 0.734791
15120 0.65101
15121 0.85486
15122 0.881641
15123 0.918711
15124 0.725996
15125 0.736231
15126 0.824081
15127 0.523266
15128 0.780894
15129 0.873606
15130 0.85469
15131 0.629561
15132 0.777324
15133 0.680299
15134 0.953296
15135 0.757245
15136 0.834261
15137 0.919149
15138 0.518028
15139 0.752307
15140 0.591019
15141 0.662203
15142 0.714623
15143 0.50881
15144 0.481513
15145 0.635726
15146 0.734084
15147 0.607617
15148 0.530491
15149 0.935751
15150 0.627632
15151 0.883927
15152 0.691408
15153 0.961139
15154 0.417279
15155 0.813885
15156 0.861922
15157 0.763979
15158 0.595309
15159 0.411006
15160 0.903989
15161 0.539066
15162 0.885286
15163 0.785814
15164 0.52911
15165 0.482384
15166 0.688163
15167 0.588381
15168 0.750622
15169 0.610145
15170 0.685711
15171 0.451922
15172 0.561284
15173 0.791348
15174 0.863078
15175 0.632851
15176 0.734394
15177 0.947159
15178 0.698836
15179 0.690738
15180 0.709409
15181 0.64119
15182 0.504016
15183 0.911213
15184 0.551084
15185 0.438598
15186 0.871617
15187 0.872827
15188 0.63482
15189 0.395038
15190 0.495174
15191 0.423896
15192 0.5274
15193 0.632714
15194 0.846995
15195 0.866135
15196 0.801099
15197 0.781885
15198 0.700269
15199 0.753017
15200 0.713061
15201 0.646724
15202 0.767758
15203 0.782195
15204 0.835578
15205 0.658439
15206 0.570142
15207 0.782371
15208 0.86771
15209 0.607961
15210 0.440372
15211 0.594231
15212 0.644656
15213 0.850377
15214 0.823033
15215 0.775775
15216 0.832607
15217 0.618537
15218 0.978457
15219 0.824429
15220 0.681955
15221 0.691579
15222 0.493193
15223 0.639173
15224 0.711403
15225 0.60242
15226 0.52797
15227 0.767081
15228 0.4952
15229 0.520513
15230 0.70546
15231 0.684311
15232 0.807063
15233 0.77296
15234 0.597663
15235 0.574509
15236 0.689871
15237 0.761587
15238 0.528666
15239 0.504008
15240 0.806141
15241 0.717523
15242 0.351782
15243 0.318246
15244 0.677414
15245 0.89124
15246 0.663026
15247 0.824284
15248 0.534286
15249 0.743719
15250 0.531938
15251 0.636781
15252 0.502111
15253 0.654869
15254 0.489245
15255 0.61059
15256 0.729011
15257 0.559278
15258 0.614048
15259 0.517668
15260 0.706891
15261 0.525233
15262 0.600301
15263 0.558703
15264 0.610389
15265 0.590566
15266 0.670472
15267 0.559588
15268 0.763418
15269 0.707615
15270 0.894083
15271 0.740121
15272 0.779277
15273 0.791919
15274 0.521088
15275 0.665965
15276 0.282391
15277 0.616191
15278 0.45126
15279 0.588313
15280 0.909424
15281 0.760611
15282 0.888851
15283 0.587122
15284 0.867078
15285 0.663439
15286 0.8739
15287 0.552311
15288 0.818811
15289 0.706475
15290 0.601106
15291 0.977355
15292 0.731227
15293 0.935118
15294 0.709979
15295 0.743935
15296 0.942007
15297 0.715975
15298 0.719917
15299 0.838861
15300 0.875446
15301 0.953234
15302 0.550308
15303 0.911433
15304 0.75082
15305 0.495321
15306 0.658865
15307 0.670806
15308 0.927888
15309 0.787365
15310 0.736597
15311 0.897911
15312 0.696268
15313 0.947975
15314 0.824758
15315 0.98223
15316 0.936374
15317 0.932077
15318 0.826947
15319 0.947241
15320 0.869757
15321 0.881934
15322 0.956816
15323 0.606519
15324 0.605969
15325 0.849973
15326 0.668414
15327 0.753939
15328 0.766039
15329 0.609478
15330 0.907996
15331 0.736923
15332 0.727057
15333 0.694102
15334 0.975209
15335 0.820113
15336 0.518264
15337 0.631494
15338 0.871727
15339 0.838377
15340 0.672429
15341 0.650941
15342 0.681664
15343 0.871442
15344 0.787789
15345 0.689292
15346 0.690555
15347 0.698853
15348 0.885964
15349 0.959968
15350 0.620338
15351 0.669515
15352 0.778379
15353 0.825119
15354 0.768763
15355 0.806149
15356 0.885367
15357 0.897862
15358 0.98378
15359 0.897678
15360 0.656441
15361 0.914893
15362 0.926275
15363 0.587183
15364 0.900331
15365 0.795064
15366 0.935135
15367 0.957518
15368 0.943448
15369 0.910419
15370 0.934161
15371 0.981556
15372 0.912281
15373 0.758018
15374 0.8873
15375 0.535764
15376 0.72125
15377 0.676037
15378 0.653491
15379 0.673088
15380 0.70032
15381 0.779725
15382 0.897207
15383 0.775843
15384 0.964463
15385 0.751084
15386 0.839122
15387 0.656573
15388 0.920372
15389 0.700202
15390 0.785287
15391 0.722022
15392 0.508217
15393 0.845454
15394 0.471184
15395 0.61119
15396 0.7831
15397 0.73306
15398 0.745195
15399 0.804307
15400 0.875688
15401 0.944737
15402 0.697103
15403 0.654185
15404 0.72429
15405 0.480842
15406 0.594495
15407 0.800765
15408 0.711749
15409 0.566279
15410 0.889474
15411 0.9467
15412 0.82362
15413 0.924838
15414 0.742853
15415 0.752558
15416 0.818538
15417 0.833474
15418 0.808016
15419 0.598473
15420 0.628107
15421 0.922352
15422 0.828453
15423 0.66283
15424 0.837071
15425 0.802342
15426 0.887598
15427 0.76694
15428 0.866751
15429 0.776664
15430 0.954958
15431 0.683581
15432 0.867436
15433 0.869313
15434 0.680692
15435 0.693527
15436 0.565976
15437 0.543357
15438 0.835856
15439 0.660328
15440 0.892192
15441 0.514039
15442 0.855304
15443 0.606168
15444 0.702981
15445 0.615153
15446 0.695969
15447 0.63391
15448 0.836663
15449 0.709206
15450 0.489147
15451 0.84361
15452 0.813155
15453 0.482299
15454 0.573097
15455 0.698223
15456 0.77276
15457 0.616143
15458 0.768183
15459 0.844072
15460 0.717076
15461 0.353012
15462 0.559561
15463 0.623134
15464 0.609702
15465 0.669264
15466 0.514387
15467 0.450257
15468 0.600858
15469 0.707352
15470 0.537766
15471 0.584747
15472 0.532071
15473 0.713155
15474 0.579166
15475 0.528878
15476 0.973894
15477 0.571647
15478 0.930176
15479 0.90325
15480 0.907295
15481 0.638777
15482 0.742703
15483 0.557357
15484 0.555932
15485 0.883216
15486 0.633494
15487 0.537636
15488 0.834528
15489 0.684868
15490 0.787586
15491 0.444284
15492 0.823116
15493 0.905691
15494 0.332688
15495 0.49646
15496 0.767196
15497 0.757395
15498 0.708914
15499 0.667356
15500 0.621677
15501 0.766539
15502 0.851906
15503 0.688045
15504 0.614887
15505 0.842613
15506 0.933746
15507 0.780092
15508 0.666985
15509 0.923219
15510 0.454557
15511 0.547812
15512 0.545082
15513 0.736466
15514 0.630898
15515 0.597543
15516 0.842676
15517 0.536744
15518 0.524192
15519 0.78156
15520 0.557517
15521 0.885651
15522 0.888677
15523 0.629039
15524 0.736024
15525 0.834604
15526 0.841505
15527 0.542407
15528 0.78229
15529 0.838628
15530 0.605582
15531 0.551487
15532 0.8938
15533 0.811638
15534 0.597965
15535 0.788154
15536 0.644797
15537 0.762587
15538 0.703709
15539 0.806254
15540 0.669523
15541 0.662199
15542 0.708836
15543 0.573492
15544 0.887778
15545 0.879029
15546 0.773048
15547 0.955453
15548 0.936026
15549 0.689701
15550 0.719049
15551 0.502842
15552 0.897508
15553 0.408685
15554 0.830647
15555 0.558223
15556 0.74998
15557 0.713603
15558 0.666799
15559 0.558576
15560 0.903709
15561 0.929332
15562 0.693557
15563 0.724226
15564 0.50259
15565 0.595943
15566 0.950396
15567 0.970003
15568 0.776218
15569 0.820596
15570 0.594224
15571 0.919725
15572 0.688263
15573 0.804542
15574 0.828987
15575 0.724663
15576 0.774893
15577 0.517628
15578 0.807157
15579 0.88461
15580 0.668658
15581 0.868426
15582 0.660945
15583 0.417227
15584 0.814416
15585 0.400003
15586 0.728412
15587 0.765319
15588 0.93347
15589 0.529033
15590 0.787782
15591 0.615064
15592 0.604686
15593 0.308117
15594 0.796856
15595 0.785925
15596 0.852186
15597 0.727085
15598 0.560427
15599 0.860226
15600 0.812357
15601 0.80141
15602 0.78768
15603 0.630624
15604 0.379116
15605 0.623476
15606 0.532725
15607 0.816126
15608 0.850513
15609 0.828215
15610 0.712847
15611 0.423643
15612 0.651515
15613 0.720312
15614 0.889553
15615 0.627273
15616 0.565705
15617 0.348632
15618 0.701569
15619 0.496867
15620 0.677804
15621 0.401338
15622 0.559042
15623 0.550915
15624 0.526937
15625 0.664233
15626 0.495871
15627 0.552775
15628 0.888013
15629 0.857879
15630 0.499326
15631 0.952383
15632 0.744788
15633 0.763605
15634 0.642323
15635 0.567247
15636 0.955723
15637 0.668665
15638 0.5427
15639 0.761292
15640 0.616925
15641 0.507964
15642 0.724201
15643 0.527216
15644 0.649237
15645 0.710658
15646 0.937037
15647 0.8743
15648 0.681178
15649 0.966732
15650 0.737507
15651 0.93966
15652 0.731252
15653 0.52806
15654 0.765761
15655 0.688607
15656 0.780399
15657 0.562647
15658 0.711829
15659 0.957059
15660 0.55419
15661 0.680014
15662 0.700987
15663 0.723539
15664 0.77909
15665 0.305005
15666 0.512791
15667 0.759319
15668 0.302636
15669 0.38087
15670 0.40112
15671 0.716958
15672 0.744883
15673 0.489379
15674 0.66787
15675 0.944092
15676 0.770849
15677 0.642493
15678 0.761827
15679 0.674661
15680 0.955229
15681 0.585977
15682 0.872628
15683 0.791323
15684 0.877617
15685 0.480713
15686 0.722627
15687 0.671031
15688 0.663453
15689 0.761705
15690 0.764232
15691 0.75884
15692 0.454671
15693 0.716235
15694 0.484634
15695 0.486038
15696 0.49899
15697 0.67133
15698 0.634178
15699 0.6416
15700 0.904115
15701 0.776223
15702 0.619257
15703 0.547679
15704 0.615025
15705 0.403198
15706 0.332977
15707 0.722442
15708 0.733024
15709 0.87445
15710 0.580873
15711 0.563834
15712 0.784853
15713 0.713254
15714 0.610481
15715 0.482294
15716 0.50268
15717 0.606572
15718 0.753347
15719 0.649369
15720 0.679207
15721 0.888985
15722 0.605331
15723 0.697196
15724 0.920629
15725 0.699854
15726 0.837562
15727 0.787427
15728 0.75441
15729 0.829596
15730 0.790702
15731 0.672307
15732 0.648564
15733 0.763208
15734 0.808734
15735 0.75949
15736 0.687902
15737 0.827425
15738 0.789688
15739 0.560565
15740 0.497959
15741 0.795151
15742 0.734339
15743 0.8436
15744 0.796679
15745 0.690957
15746 0.605124
15747 0.727528
15748 0.577766
15749 0.820128
15750 0.53628
15751 0.710819
15752 0.586854
15753 0.550688
15754 0.949676
15755 0.7248
15756 0.721708
15757 0.753271
15758 0.838458
15759 0.692524
15760 0.771175
15761 0.757407
15762 0.794394
15763 0.731423
15764 0.909183
15765 0.844605
15766 0.776075
15767 0.65124
15768 0.714629
15769 0.620689
15770 0.873489
15771 0.829756
15772 0.648714
15773 0.889342
15774 0.846492
15775 0.63851
15776 0.76845
15777 0.815105
15778 0.816907
15779 0.856941
15780 0.705149
15781 0.897729
15782 0.846112
15783 0.826373
15784 0.922828
15785 0.8592
15786 0.749626
15787 0.790356
15788 0.783744
15789 0.823988
15790 0.725944
15791 0.507561
15792 0.486164
15793 0.239006
15794 0.54533
15795 0.518127
15796 0.799518
15797 0.634446
15798 0.732949
15799 0.702552
15800 0.776954
15801 0.846579
15802 0.76868
15803 0.756155
15804 0.615627
15805 0.722613
15806 0.856477
15807 0.716863
15808 0.735597
15809 0.837944
15810 0.893189
15811 0.783114
15812 0.585216
15813 0.726544
15814 0.629985
15815 0.833273
15816 0.807985
15817 0.801299
15818 0.611236
15819 0.633879
15820 0.566193
15821 0.916513
15822 0.710414
15823 0.963372
15824 0.637304
15825 0.819704
15826 0.70323
15827 0.695712
15828 0.853812
15829 0.53544
15830 0.774061
15831 0.899564
15832 0.91476
15833 0.891441
15834 0.81187
15835 0.691772
15836 0.800618
15837 0.72364
15838 0.817097
15839 0.790453
15840 0.768205
15841 0.612852
15842 0.650772
15843 0.820193
15844 0.953375
15845 0.857479
15846 0.75539
15847 0.730691
15848 0.798611
15849 0.767739
15850 0.701485
15851 0.934939
15852 0.697498
15853 0.509619
15854 0.365991
15855 0.54633
15856 0.536092
15857 0.805025
15858 0.732658
15859 0.729538
15860 0.850494
15861 0.845705
15862 0.772426
15863 0.947072
15864 0.838963
15865 0.806782
15866 0.724107
15867 0.528863
15868 0.666941
15869 0.838519
15870 0.775444
15871 0.835901
15872 0.689875
15873 0.656786
15874 0.8161
15875 0.638073
15876 0.865494
15877 0.771017
15878 0.428532
15879 0.649848
15880 0.86106
15881 0.681374
15882 0.806643
15883 0.753037
15884 0.795967
15885 0.769973
15886 0.596465
15887 0.818485
15888 0.614909
15889 0.792236
15890 0.696068
15891 0.684686
15892 0.707559
15893 0.627154
15894 0.746677
15895 0.730659
15896 0.693238
15897 0.935675
15898 0.837227
15899 0.794683
15900 0.940313
15901 0.212477
15902 0.660172
15903 0.815106
15904 0.854817
15905 0.760908
15906 0.690386
15907 0.700834
15908 0.612117
15909 0.691286
15910 0.660593
15911 0.743996
15912 0.546649
15913 0.306813
15914 0.691791
15915 0.512647
15916 0.621037
15917 0.529162
15918 0.763132
15919 0.762712
15920 0.501809
15921 0.732364
15922 0.742638
15923 0.553991
15924 0.41805
15925 0.561447
15926 0.656863
15927 0.896274
15928 0.755277
15929 0.910616
15930 0.607255
15931 0.717872
15932 0.811583
15933 0.939954
15934 0.6222
15935 0.732903
15936 0.873645
15937 0.684128
15938 0.6906
15939 0.593282
15940 0.765427
15941 0.955149
15942 0.849362
15943 0.779312
15944 0.711319
15945 0.836123
15946 0.534507
15947 0.945632
15948 0.819007
15949 0.528312
15950 0.916701
15951 0.686905
15952 0.425556
15953 0.614297
15954 0.475313
15955 0.801129
15956 0.732764
15957 0.615828
15958 0.731082
15959 0.508692
15960 0.602751
15961 0.776609
15962 0.671313
15963 0.870017
15964 0.5974
15965 0.595391
15966 0.774458
15967 0.828983
15968 0.628796
15969 0.695599
15970 0.372445
15971 0.443064
15972 0.701273
15973 0.829862
15974 0.730095
15975 0.860146
15976 0.737771
15977 0.60947
15978 0.902329
15979 0.416311
15980 0.734303
15981 0.707572
15982 0.968068
15983 0.626839
15984 0.570635
15985 0.663169
15986 0.777352
15987 0.766488
15988 0.703725
15989 0.802818
15990 0.611515
15991 0.730638
15992 0.972104
15993 0.719484
15994 0.811344
15995 0.786152
15996 0.855349
15997 0.884804
15998 0.889896
15999 0.412928
16000 0.860343
16001 0.803815
16002 0.512076
16003 0.828449
16004 0.614639
16005 0.458113
16006 0.381688
16007 0.712773
16008 0.95332
16009 0.565983
16010 0.715375
16011 0.59851
16012 0.629484
16013 0.784611
16014 0.852796
16015 0.877169
16016 0.700685
16017 0.926357
16018 0.930193
16019 0.86466
16020 0.830142
16021 0.737704
16022 0.979199
16023 0.651566
16024 0.797796
16025 0.676918
16026 0.849537
16027 0.889607
16028 0.783425
16029 0.573868
16030 0.758703
16031 0.782645
16032 0.738941
16033 0.666857
16034 0.868401
16035 0.676064
16036 0.640632
16037 0.923662
16038 0.774045
16039 0.862086
16040 0.907931
16041 0.741968
16042 0.810307
16043 0.606309
16044 0.643587
16045 0.720182
16046 0.463536
16047 0.925163
16048 0.691487
16049 0.646415
16050 0.729525
16051 0.657263
16052 0.670551
16053 0.73689
16054 0.727538
16055 0.822842
16056 0.946253
16057 0.930248
16058 0.857303
16059 0.811868
16060 0.866944
16061 0.798253
16062 0.590457
16063 0.86864
16064 0.845448
16065 0.748711
16066 0.821574
16067 0.929501
16068 0.781375
16069 0.745949
16070 0.756574
16071 0.871134
16072 0.446549
16073 0.642542
16074 0.748872
16075 0.598685
16076 0.695699
16077 0.776575
16078 0.958628
16079 0.865988
16080 0.918988
16081 0.522042
16082 0.494227
16083 0.767108
16084 0.762682
16085 0.667251
16086 0.412632
16087 0.793939
16088 0.615173
16089 0.853283
16090 0.798885
16091 0.609438
16092 0.842301
16093 0.779741
16094 0.924762
16095 0.870323
16096 0.771653
16097 0.703518
16098 0.786216
16099 0.643679
16100 0.790545
16101 0.678754
16102 0.684843
16103 0.805419
16104 0.588643
16105 0.82876
16106 0.68171
16107 0.560041
16108 0.292934
16109 0.645554
16110 0.453162
16111 0.799618
16112 0.8901
16113 0.731034
16114 0.654621
16115 0.771229
16116 0.980053
16117 0.764069
16118 0.962455
16119 0.724281
16120 0.756897
16121 0.48217
16122 0.871418
16123 0.795444
16124 0.866317
16125 0.833858
16126 0.852992
16127 0.283764
16128 0.733636
16129 0.602015
16130 0.843666
16131 0.95718
16132 0.9586
16133 0.545691
16134 0.777743
16135 0.656142
16136 0.821877
16137 0.623087
16138 0.834257
16139 0.798568
16140 0.910643
16141 0.795564
16142 0.93775
16143 0.938884
16144 0.906278
16145 0.795855
16146 0.788757
16147 0.947227
16148 0.757469
16149 0.871759
16150 0.892626
16151 0.855956
16152 0.62934
16153 0.65985
16154 0.795348
16155 0.655996
16156 0.850903
16157 0.692835
16158 0.856124
16159 0.450079
16160 0.484743
16161 0.743267
16162 0.931324
16163 0.787819
16164 0.628695
16165 0.661384
16166 0.784457
16167 0.768051
16168 0.597623
16169 0.918649
16170 0.886743
16171 0.776811
16172 0.843166
16173 0.85235
16174 0.472488
16175 0.79023
16176 0.939535
16177 0.452333
16178 0.776478
16179 0.404844
16180 0.863303
16181 0.634225
16182 0.917896
16183 0.970815
16184 0.71593
16185 0.872628
16186 0.673119
16187 0.66165
16188 0.744701
16189 0.812356
16190 0.369166
16191 0.769747
16192 0.813067
16193 0.861534
16194 0.761986
16195 0.879469
16196 0.482287
16197 0.656908
16198 0.874279
16199 0.54884
16200 0.814649
16201 0.55555
16202 0.644276
16203 0.792295
16204 0.818362
16205 0.705369
16206 0.915208
16207 0.85943
16208 0.785544
16209 0.914272
16210 0.621523
16211 0.875991
16212 0.775512
16213 0.740322
16214 0.513435
16215 0.85083
16216 0.778025
16217 0.872599
16218 0.85466
16219 0.840639
16220 0.773318
16221 0.587084
16222 0.719574
16223 0.688443
16224 0.725261
16225 0.663503
16226 0.617764
16227 0.735893
16228 0.765552
16229 0.85067
16230 0.860652
16231 0.852824
16232 0.770312
16233 0.559235
16234 0.86411
16235 0.656259
16236 0.86549
16237 0.796454
16238 0.625899
16239 0.875859
16240 0.743617
16241 0.824174
16242 0.353779
16243 0.821888
16244 0.864127
16245 0.804384
16246 0.927188
16247 0.945356
16248 0.943465
16249 0.698912
16250 0.396447
16251 0.663944
16252 0.58774
16253 0.949254
16254 0.658199
16255 0.851327
16256 0.354991
16257 0.948378
16258 0.942032
16259 0.959795
16260 0.924891
16261 0.702998
16262 0.861734
16263 0.728473
16264 0.850654
16265 0.794297
16266 0.71573
16267 0.889078
16268 0.576221
16269 0.832914
16270 0.630565
16271 0.462857
16272 0.797085
16273 0.888975
16274 0.754972
16275 0.837754
16276 0.927458
16277 0.777191
16278 0.759017
16279 0.832971
16280 0.938792
16281 0.755882
16282 0.916502
16283 0.919042
16284 0.71346
16285 0.82006
16286 0.803793
16287 0.736979
16288 0.722622
16289 0.947175
16290 0.775032
16291 0.528468
16292 0.333257
16293 0.497649
16294 0.608065
16295 0.872224
16296 0.800795
16297 0.57526
16298 0.601875
16299 0.618802
16300 0.716295
16301 0.63574
16302 0.844451
16303 0.846392
16304 0.608638
16305 0.691452
16306 0.691854
16307 0.891087
16308 0.698119
16309 0.317819
16310 0.384986
16311 0.718738
16312 0.817026
16313 0.736033
16314 0.699809
16315 0.72618
16316 0.585104
16317 0.814446
16318 0.940242
16319 0.83872
16320 0.875587
16321 0.87568
16322 0.868805
16323 0.808649
16324 0.752716
16325 0.917204
16326 0.81824
16327 0.739006
16328 0.83375
16329 0.491126
16330 0.860801
16331 0.916654
16332 0.69784
16333 0.618064
16334 0.710407
16335 0.679098
16336 0.824606
16337 0.608798
16338 0.730436
16339 0.938283
16340 0.890638
16341 0.622972
16342 0.684986
16343 0.729884
16344 0.882004
16345 0.725812
16346 0.931634
16347 0.809142
16348 0.77788
16349 0.697363
16350 0.579705
16351 0.43513
16352 0.572524
16353 0.47955
16354 0.862517
16355 0.954058
16356 0.927173
16357 0.714047
16358 0.628322
16359 0.8976
16360 0.862643
16361 0.747968
16362 0.595394
16363 0.915223
16364 0.620317
16365 0.631119
16366 0.606247
16367 0.910769
16368 0.602324
16369 0.6959
16370 0.649885
16371 0.867815
16372 0.796476
16373 0.880625
16374 0.761028
16375 0.953384
16376 0.70361
16377 0.953904
16378 0.839559
16379 0.61943
16380 0.5745
16381 0.508426
16382 0.868151
16383 0.721198
16384 0.691058
16385 0.644071
16386 0.630642
16387 0.809471
16388 0.691217
16389 0.530143
16390 0.72527
16391 0.790157
16392 0.325395
16393 0.534511
16394 0.77731
16395 0.749184
16396 0.784012
16397 0.586366
16398 0.707085
16399 0.526057
16400 0.839167
16401 0.858674
16402 0.714951
16403 0.79977
16404 0.872177
16405 0.368076
16406 0.710395
16407 0.769902
16408 0.566961
16409 0.566637
16410 0.584395
16411 0.655066
16412 0.786878
16413 0.838906
16414 0.69811
16415 0.850491
16416 0.471946
16417 0.797798
16418 0.818461
16419 0.345079
16420 0.642159
16421 0.865963
16422 0.823206
16423 0.767048
16424 0.735529
16425 0.66711
16426 0.823529
16427 0.887027
16428 0.723202
16429 0.592099
16430 0.891279
16431 0.616604
16432 0.911415
16433 0.77132
16434 0.756131
16435 0.64681
16436 0.933224
16437 0.915078
16438 0.886053
16439 0.760692
16440 0.798173
16441 0.900567
16442 0.647678
16443 0.862378
16444 0.840651
16445 0.501046
16446 0.888015
16447 0.451561
16448 0.656885
16449 0.709066
16450 0.800995
16451 0.363733
16452 0.748454
16453 0.896019
16454 0.8267
16455 0.62716
16456 0.60269
16457 0.60814
16458 0.823346
16459 0.697236
16460 0.781443
16461 0.33979
16462 0.957761
16463 0.950308
16464 0.663722
16465 0.773222
16466 0.809449
16467 0.683736
16468 0.587264
16469 0.42325
16470 0.834367
16471 0.753975
16472 0.957907
16473 0.661291
16474 0.611341
16475 0.735901
16476 0.541894
16477 0.541364
16478 0.892335
16479 0.941025
16480 0.838006
16481 0.67231
16482 0.5747
16483 0.777192
16484 0.775876
16485 0.648318
16486 0.589747
16487 0.801963
16488 0.91402
16489 0.380084
16490 0.754605
16491 0.672497
16492 0.719621
16493 0.555275
16494 0.488146
16495 0.933216
16496 0.41615
16497 0.524609
16498 0.886668
16499 0.632467
16500 0.503436
16501 0.759692
16502 0.634086
16503 0.860677
16504 0.751952
16505 0.667999
16506 0.497051
16507 0.535572
16508 0.880807
16509 0.669501
16510 0.589998
16511 0.690252
16512 0.745823
16513 0.782122
16514 0.756349
16515 0.525863
16516 0.880544
16517 0.701883
16518 0.7319
16519 0.828381
16520 0.869472
16521 0.867161
16522 0.65421
16523 0.653066
16524 0.587709
16525 0.550272
16526 0.476261
16527 0.381627
16528 0.770189
16529 0.873993
16530 0.618491
16531 0.664184
16532 0.670996
16533 0.984711
16534 0.733828
16535 0.64538
16536 0.709938
16537 0.440922
16538 0.857686
16539 0.469271
16540 0.807382
16541 0.533573
16542 0.520079
16543 0.656899
16544 0.977558
16545 0.747793
16546 0.432028
16547 0.659563
16548 0.764336
16549 0.700403
16550 0.835737
16551 0.692437
16552 0.867368
16553 0.914042
16554 0.539061
16555 0.672534
16556 0.956268
16557 0.659143
16558 0.873025
16559 0.383864
16560 0.720932
16561 0.74683
16562 0.583561
16563 0.566196
16564 0.634016
16565 0.428307
16566 0.865319
16567 0.896521
16568 0.813329
16569 0.667489
16570 0.718554
16571 0.878607
16572 0.679397
16573 0.799262
16574 0.852808
16575 0.805763
16576 0.608059
16577 0.774709
16578 0.69137
16579 0.635699
16580 0.891498
16581 0.650449
16582 0.806776
16583 0.866739
16584 0.831314
16585 0.919795
16586 0.72975
16587 0.897433
16588 0.715336
16589 0.583286
16590 0.949442
16591 0.876229
16592 0.781784
16593 0.941597
16594 0.891035
16595 0.740328
16596 0.65539
16597 0.915732
16598 0.916113
16599 0.728732
16600 0.766563
16601 0.72542
16602 0.69617
16603 0.956631
16604 0.781813
16605 0.653628
16606 0.940354
16607 0.713899
16608 0.586259
16609 0.556173
16610 0.836685
16611 0.835077
16612 0.715676
16613 0.742925
16614 0.652446
16615 0.818005
16616 0.81131
16617 0.932093
16618 0.749655
16619 0.934205
16620 0.776797
16621 0.586607
16622 0.84274
16623 0.523502
16624 0.82551
16625 0.289934
16626 0.697941
16627 0.699085
16628 0.854185
16629 0.57339
16630 0.705535
16631 0.74167
16632 0.762789
16633 0.637365
16634 0.445831
16635 0.644667
16636 0.690035
16637 0.866908
16638 0.7152
16639 0.673853
16640 0.624904
16641 0.58423
16642 0.708256
16643 0.533889
16644 0.549467
16645 0.744067
16646 0.648731
16647 0.688878
16648 0.780523
16649 0.409739
16650 0.921575
16651 0.686864
16652 0.950671
16653 0.800378
16654 0.82201
16655 0.92443
16656 0.472303
16657 0.698865
16658 0.796009
16659 0.535921
16660 0.483501
16661 0.861645
16662 0.551397
16663 0.536386
16664 0.910879
16665 0.613055
16666 0.80812
16667 0.58413
16668 0.651754
16669 0.803823
16670 0.719846
16671 0.578188
16672 0.955435
16673 0.70614
16674 0.215194
16675 0.290465
16676 0.846591
16677 0.484044
16678 0.847981
16679 0.513334
16680 0.645096
16681 0.909497
16682 0.37529
16683 0.968486
16684 0.625558
16685 0.847007
16686 0.58046
16687 0.459853
16688 0.671699
16689 0.811664
16690 0.840087
16691 0.960608
16692 0.892334
16693 0.614383
16694 0.578118
16695 0.935446
16696 0.929178
16697 0.825571
16698 0.627209
16699 0.942444
16700 0.748673
16701 0.861918
16702 0.816657
16703 0.649754
16704 0.919207
16705 0.68727
16706 0.558676
16707 0.908816
16708 0.649976
16709 0.702629
16710 0.814454
16711 0.561326
16712 0.863626
16713 0.814851
16714 0.891424
16715 0.706982
16716 0.73847
16717 0.872675
16718 0.628433
16719 0.913076
16720 0.964837
16721 0.845178
16722 0.677641
16723 0.86876
16724 0.422466
16725 0.527406
16726 0.647993
16727 0.874818
16728 0.832294
16729 0.757763
16730 0.624607
16731 0.569496
16732 0.866993
16733 0.907013
16734 0.708347
16735 0.597327
16736 0.637945
16737 0.759331
16738 0.857525
16739 0.776217
16740 0.772048
16741 0.740161
16742 0.771163
16743 0.847839
16744 0.768035
16745 0.697007
16746 0.712802
16747 0.342488
16748 0.665747
16749 0.715566
16750 0.531898
16751 0.750511
16752 0.667166
16753 0.572347
16754 0.689473
16755 0.867787
16756 0.656651
16757 0.720584
16758 0.783235
16759 0.717211
16760 0.473067
16761 0.66745
16762 0.825012
16763 0.915389
16764 0.803353
16765 0.718095
16766 0.548018
16767 0.582666
16768 0.910222
16769 0.8473
16770 0.881151
16771 0.500931
16772 0.745079
16773 0.671627
16774 0.54439
16775 0.628259
16776 0.687599
16777 0.702935
16778 0.487553
16779 0.534664
16780 0.712248
16781 0.963424
16782 0.862736
16783 0.610971
16784 0.902991
16785 0.808966
16786 0.586968
16787 0.545544
16788 0.697981
16789 0.399483
16790 0.648544
16791 0.573406
16792 0.801545
16793 0.64282
16794 0.502869
16795 0.895695
16796 0.727366
16797 0.602217
16798 0.833857
16799 0.681189
16800 0.950497
16801 0.86529
16802 0.806168
16803 0.908201
16804 0.625663
16805 0.50703
16806 0.872417
16807 0.730145
16808 0.842457
16809 0.603256
16810 0.709203
16811 0.777665
16812 0.778525
16813 0.646698
16814 0.946694
16815 0.868226
16816 0.940727
16817 0.82225
16818 0.770833
16819 0.920454
16820 0.961334
16821 0.859561
16822 0.902361
16823 0.742674
16824 0.88972
16825 0.898697
16826 0.666242
16827 0.505981
16828 0.763738
16829 0.602228
16830 0.820075
16831 0.174454
16832 0.831325
16833 0.712704
16834 0.339399
16835 0.76326
16836 0.671482
16837 0.731872
16838 0.87192
16839 0.678751
16840 0.786716
16841 0.69639
16842 0.79845
16843 0.814949
16844 0.628745
16845 0.746364
16846 0.478144
16847 0.492251
16848 0.372809
16849 0.880696
16850 0.856777
16851 0.936886
16852 0.626363
16853 0.515756
16854 0.676427
16855 0.694494
16856 0.730652
16857 0.779793
16858 0.570355
16859 0.639352
16860 0.584399
16861 0.714603
16862 0.661281
16863 0.724152
16864 0.642274
16865 0.851326
16866 0.69103
16867 0.459307
16868 0.680563
16869 0.569128
16870 0.656143
16871 0.611117
16872 0.735934
16873 0.927202
16874 0.818064
16875 0.688081
16876 0.609167
16877 0.550894
16878 0.735258
16879 0.797791
16880 0.825532
16881 0.735885
16882 0.835515
16883 0.852688
16884 0.92284
16885 0.651596
16886 0.922118
16887 0.643115
16888 0.879838
16889 0.43227
16890 0.622857
16891 0.61453
16892 0.564392
16893 0.625741
16894 0.490688
16895 0.789602
16896 0.806857
16897 0.893148
16898 0.722488
16899 0.601781
16900 0.882374
16901 0.65884
16902 0.765413
16903 0.615706
16904 0.951479
16905 0.464175
16906 0.562387
16907 0.738777
16908 0.652118
16909 0.583483
16910 0.572775
16911 0.332539
16912 0.703698
16913 0.849228
16914 0.33401
16915 0.921512
16916 0.73822
16917 0.711548
16918 0.58605
16919 0.741423
16920 0.469794
16921 0.498076
16922 0.279843
16923 0.59388
16924 0.835526
16925 0.861792
16926 0.624355
16927 0.769567
16928 0.779039
16929 0.93988
16930 0.770107
16931 0.932136
16932 0.761636
16933 0.835051
16934 0.684058
16935 0.776186
16936 0.824335
16937 0.957072
16938 0.976369
16939 0.855093
16940 0.797366
16941 0.942766
16942 0.714749
16943 0.881584
16944 0.556688
16945 0.550388
16946 0.564136
16947 0.951868
16948 0.847493
16949 0.871722
16950 0.701076
16951 0.874341
16952 0.826458
16953 0.852985
16954 0.762854
16955 0.68912
16956 0.455292
16957 0.718005
16958 0.559184
16959 0.553223
16960 0.717158
16961 0.626112
16962 0.288905
16963 0.767621
16964 0.926178
16965 0.55423
16966 0.858378
16967 0.685929
16968 0.628221
16969 0.641025
16970 0.602249
16971 0.613116
16972 0.95463
16973 0.739236
16974 0.452155
16975 0.606103
16976 0.618277
16977 0.830915
16978 0.504172
16979 0.783664
16980 0.556396
16981 0.640661
16982 0.538318
16983 0.852908
16984 0.668847
16985 0.466228
16986 0.636175
16987 0.601002
16988 0.721367
16989 0.73821
16990 0.839938
16991 0.959909
16992 0.733382
16993 0.69166
16994 0.667142
16995 0.856266
16996 0.445744
16997 0.586148
16998 0.571224
16999 0.849804
17000 0.585769
17001 0.707052
17002 0.788046
17003 0.44069
17004 0.547311
17005 0.879506
17006 0.694284
17007 0.647903
17008 0.77274
17009 0.779108
17010 0.352156
17011 0.842737
17012 0.597765
17013 0.811875
17014 0.88021
17015 0.779006
17016 0.916839
17017 0.500036
17018 0.539201
17019 0.709704
17020 0.738561
17021 0.597345
17022 0.505813
17023 0.863388
17024 0.840527
17025 0.667421
17026 0.568754
17027 0.762227
17028 0.391386
17029 0.800372
17030 0.559713
17031 0.823481
17032 0.670251
17033 0.609031
17034 0.673138
17035 0.765474
17036 0.93996
17037 0.363976
17038 0.82574
17039 0.839817
17040 0.743841
17041 0.90387
17042 0.892325
17043 0.526694
17044 0.811459
17045 0.818547
17046 0.666753
17047 0.627137
17048 0.613064
17049 0.657284
17050 0.564811
17051 0.863737
17052 0.724885
17053 0.523567
17054 0.609231
17055 0.761364
17056 0.399617
17057 0.88537
17058 0.749598
17059 0.682851
17060 0.87954
17061 0.611012
17062 0.711007
17063 0.711262
17064 0.912491
17065 0.459206
17066 0.940451
17067 0.532847
17068 0.679088
17069 0.780055
17070 0.690963
17071 0.647655
17072 0.924013
17073 0.72391
17074 0.819722
17075 0.738422
17076 0.721176
17077 0.814798
17078 0.808352
17079 0.450981
17080 0.785424
17081 0.660861
17082 0.406081
17083 0.609189
17084 0.548669
17085 0.864437
17086 0.82415
17087 0.897992
17088 0.752411
17089 0.835723
17090 0.784424
17091 0.858303
17092 0.834724
17093 0.639234
17094 0.866807
17095 0.735174
17096 0.789979
17097 0.898681
17098 0.831688
17099 0.626068
17100 0.966517
17101 0.72316
17102 0.864573
17103 0.717605
17104 0.700153
17105 0.700551
17106 0.76999
17107 0.493372
17108 0.84026
17109 0.805985
17110 0.874616
17111 0.770482
17112 0.696686
17113 0.871621
17114 0.694328
17115 0.934836
17116 0.826356
17117 0.912244
17118 0.787621
17119 0.781144
17120 0.841101
17121 0.956495
17122 0.700761
17123 0.812535
17124 0.685134
17125 0.591919
17126 0.732028
17127 0.905059
17128 0.78379
17129 0.754341
17130 0.406935
17131 0.661315
17132 0.544371
17133 0.701521
17134 0.6434
17135 0.721083
17136 0.595587
17137 0.625122
17138 0.305957
17139 0.944307
17140 0.810268
17141 0.8062
17142 0.780181
17143 0.80619
17144 0.652781
17145 0.838437
17146 0.816532
17147 0.749478
17148 0.84276
17149 0.797501
17150 0.584069
17151 0.798045
17152 0.974581
17153 0.847124
17154 0.83355
17155 0.614038
17156 0.647345
17157 0.501102
17158 0.681829
17159 0.595342
17160 0.671338
17161 0.499463
17162 0.882985
17163 0.654588
17164 0.41033
17165 0.517609
17166 0.527256
17167 0.900998
17168 0.67901
17169 0.666553
17170 0.635371
17171 0.62593
17172 0.658123
17173 0.741841
17174 0.678642
17175 0.69817
17176 0.562958
17177 0.705264
17178 0.559501
17179 0.777081
17180 0.678171
17181 0.779731
17182 0.54253
17183 0.809799
17184 0.69387
17185 0.840986
17186 0.687759
17187 0.598263
17188 0.525725
17189 0.851632
17190 0.899559
17191 0.560178
17192 0.60048
17193 0.671695
17194 0.764899
17195 0.901932
17196 0.863973
17197 0.803487
17198 0.666584
17199 0.51249
17200 0.668886
17201 0.900268
17202 0.632637
17203 0.62655
17204 0.81457
17205 0.906292
17206 0.805388
17207 0.608624
17208 0.926844
17209 0.733046
17210 0.902153
17211 0.611844
17212 0.465673
17213 0.773628
17214 0.691597
17215 0.912003
17216 0.707418
17217 0.804229
17218 0.946391
17219 0.927794
17220 0.630701
17221 0.857624
17222 0.721363
17223 0.670079
17224 0.66269
17225 0.667132
17226 0.521852
17227 0.694757
17228 0.565308
17229 0.597091
17230 0.517563
17231 0.538914
17232 0.817487
17233 0.713045
17234 0.57569
17235 0.839062
17236 0.480019
17237 0.435069
17238 0.898026
17239 0.697885
17240 0.927465
17241 0.679679
17242 0.637336
17243 0.595135
17244 0.771413
17245 0.800839
17246 0.497722
17247 0.904757
17248 0.6788
17249 0.865789
17250 0.781033
17251 0.803607
17252 0.602079
17253 0.600801
17254 0.823595
17255 0.728457
17256 0.67614
17257 0.601818
17258 0.751131
17259 0.713443
17260 0.537657
17261 0.401895
17262 0.63897
17263 0.533446
17264 0.816617
17265 0.688209
17266 0.820362
17267 0.48208
17268 0.765106
17269 0.956472
17270 0.451695
17271 0.490731
17272 0.547353
17273 0.442872
17274 0.776727
17275 0.682889
17276 0.690558
17277 0.640419
17278 0.740573
17279 0.479929
17280 0.562376
17281 0.606021
17282 0.665007
17283 0.713916
17284 0.648662
17285 0.395687
17286 0.745889
17287 0.716663
17288 0.548051
17289 0.705527
17290 0.821833
17291 0.646464
17292 0.66443
17293 0.806631
17294 0.549978
17295 0.520751
17296 0.51577
17297 0.663393
17298 0.734724
17299 0.886142
17300 0.661016
17301 0.831405
17302 0.666464
17303 0.596101
17304 0.849013
17305 0.642603
17306 0.692886
17307 0.868202
17308 0.221384
17309 0.379179
17310 0.722271
17311 0.745818
17312 0.578172
17313 0.353628
17314 0.786155
17315 0.76979
17316 0.750903
17317 0.348692
17318 0.58418
17319 0.485231
17320 0.859101
17321 0.87651
17322 0.85553
17323 0.181523
17324 0.894939
17325 0.539618
17326 0.584139
17327 0.903752
17328 0.521064
17329 0.615445
17330 0.651253
17331 0.810416
17332 0.561788
17333 0.65241
17334 0.454072
17335 0.551259
17336 0.697687
17337 0.28485
17338 0.798462
17339 0.54506
17340 0.83201
17341 0.915127
17342 0.715746
17343 0.602384
17344 0.611517
17345 0.938499
17346 0.576434
17347 0.637125
17348 0.414762
17349 0.573211
17350 0.66282
17351 0.561074
17352 0.646037
17353 0.651481
17354 0.606
17355 0.21584
17356 0.7575
17357 0.666747
17358 0.329548
17359 0.167978
17360 0.84045
17361 0.824802
17362 0.779726
17363 0.685816
17364 0.908055
17365 0.513333
17366 0.732869
17367 0.570546
17368 0.805921
17369 0.929145
17370 0.740071
17371 0.696839
17372 0.650409
17373 0.86261
17374 0.854035
17375 0.711254
17376 0.654521
17377 0.686481
17378 0.815198
17379 0.808104
17380 0.459757
17381 0.935536
17382 0.423062
17383 0.417566
17384 0.367947
17385 0.971304
17386 0.806661
17387 0.97319
17388 0.788893
17389 0.404259
17390 0.955853
17391 0.613452
17392 0.36923
17393 0.475458
17394 0.912194
17395 0.447904
17396 0.789826
17397 0.520595
17398 0.935928
17399 0.814948
17400 0.395306
17401 0.941162
17402 0.340331
17403 0.44124
17404 0.756515
17405 0.893381
17406 0.498739
17407 0.965919
17408 0.910379
17409 0.824288
17410 0.70834
17411 0.709067
17412 0.868483
17413 0.741796
17414 0.730418
17415 0.531716
17416 0.728869
17417 0.743222
17418 0.795762
17419 0.637098
17420 0.788433
17421 0.484701
17422 0.823436
17423 0.732958
17424 0.450129
17425 0.525223
17426 0.932224
17427 0.749119
17428 0.646331
17429 0.350201
17430 0.24443
17431 0.69201
17432 0.680551
17433 0.681519
17434 0.825749
17435 0.628954
17436 0.780339
17437 0.795228
17438 0.833805
17439 0.841979
17440 0.897048
17441 0.55272
17442 0.657585
17443 0.868964
17444 0.418655
17445 0.74431
17446 0.78592
17447 0.668363
17448 0.423295
17449 0.711269
17450 0.77603
17451 0.763236
17452 0.910486
17453 0.830334
17454 0.620763
17455 0.814644
17456 0.760833
17457 0.615193
17458 0.686036
17459 0.725976
17460 0.662722
17461 0.793998
17462 0.818499
17463 0.589169
17464 0.656958
17465 0.489499
17466 0.612939
17467 0.507685
17468 0.625098
17469 0.738374
17470 0.936738
17471 0.759539
17472 0.38133
17473 0.767222
17474 0.875728
17475 0.451977
17476 0.466313
17477 0.416344
17478 0.8797
17479 0.801055
17480 0.42345
17481 0.253659
17482 0.278423
17483 0.824845
17484 0.672647
17485 0.792003
17486 0.916905
17487 0.797752
17488 0.730128
17489 0.801707
17490 0.848465
17491 0.272209
17492 0.852659
17493 0.491595
17494 0.951097
17495 0.356802
17496 0.414744
17497 0.291907
17498 0.327231
17499 0.501231
17500 0.343902
17501 0.421106
17502 0.591029
17503 0.3485
17504 0.481376
17505 0.615162
17506 0.207963
17507 0.505331
17508 0.397177
17509 0.352839
17510 0.451161
17511 0.429901
17512 0.379468
17513 0.867258
17514 0.40605
17515 0.571422
17516 0.873599
17517 0.513119
17518 0.335262
17519 0.491719
17520 0.847714
17521 0.534744
17522 0.908997
17523 0.37445
17524 0.347596
17525 0.401159
17526 0.53218
17527 0.381921
17528 0.829861
17529 0.422083
17530 0.699238
17531 0.363744
17532 0.386525
17533 0.744585
17534 0.789372
17535 0.591963
17536 0.734055
17537 0.55304
17538 0.710892
17539 0.919188
17540 0.816467
17541 0.873893
17542 0.594136
17543 0.476561
17544 0.592288
17545 0.618775
17546 0.614218
17547 0.725431
17548 0.414231
17549 0.706338
17550 0.574369
17551 0.670852
17552 0.827761
17553 0.392084
17554 0.447408
17555 0.647005
17556 0.381976
17557 0.676054
17558 0.372394
17559 0.941337
17560 0.937569
17561 0.815052
17562 0.712285
17563 0.214247
17564 0.760071
17565 0.621905
17566 0.818101
17567 0.241108
17568 0.367343
17569 0.375725
17570 0.712961
17571 0.661347
17572 0.770249
17573 0.618527
17574 0.364843
17575 0.800027
17576 0.371721
17577 0.934795
17578 0.788849
17579 0.720148
17580 0.772448
17581 0.846596
17582 0.461121
17583 0.550635
17584 0.525613
17585 0.587191
17586 0.59454
17587 0.87984
17588 0.732075
17589 0.94703
17590 0.771945
17591 0.826949
17592 0.487063
17593 0.600765
17594 0.367294
17595 0.271148
17596 0.668468
17597 0.475095
17598 0.409437
17599 0.790341
17600 0.827948
17601 0.623775
17602 0.650786
17603 0.580258
17604 0.60149
17605 0.790329
17606 0.62681
17607 0.750314
17608 0.807902
17609 0.596798
17610 0.758
17611 0.695862
17612 0.720464
17613 0.870138
17614 0.698882
17615 0.626982
17616 0.93209
17617 0.60268
17618 0.609503
17619 0.734478
17620 0.904549
17621 0.378119
17622 0.801718
17623 0.739215
17624 0.91071
17625 0.724319
17626 0.416624
17627 0.462473
17628 0.619379
17629 0.350489
17630 0.383033
17631 0.279583
17632 0.755489
17633 0.674108
17634 0.519504
17635 0.415607
17636 0.90415
17637 0.35928
17638 0.516401
17639 0.281477
17640 0.333541
17641 0.371734
17642 0.413235
17643 0.253337
17644 0.409285
17645 0.482501
17646 0.339883
17647 0.80901
17648 0.693239
17649 0.409781
17650 0.424036
17651 0.726022
17652 0.601094
17653 0.745173
17654 0.512432
17655 0.709941
17656 0.843688
17657 0.584023
17658 0.698213
17659 0.829848
17660 0.851042
17661 0.613189
17662 0.637071
17663 0.362655
17664 0.389233
17665 0.676439
17666 0.705661
17667 0.66775
17668 0.826904
17669 0.497682
17670 0.288403
17671 0.885559
17672 0.576993
17673 0.620598
17674 0.490582
17675 0.369777
17676 0.510898
17677 0.835527
17678 0.559307
17679 0.542843
17680 0.725113
17681 0.448321
17682 0.544184
17683 0.599097
17684 0.600175
17685 0.579506
17686 0.707528
17687 0.777654
17688 0.765749
17689 0.739681
17690 0.746958
17691 0.790875
17692 0.921907
17693 0.313539
17694 0.836172
17695 0.840139
17696 0.957259
17697 0.460633
17698 0.397567
17699 0.719658
17700 0.819768
17701 0.448967
17702 0.738086
17703 0.764665
17704 0.388975
17705 0.850035
17706 0.472712
17707 0.597325
17708 0.662556
17709 0.581121
17710 0.481411
17711 0.61993
17712 0.382257
17713 0.35151
17714 0.444698
17715 0.812917
17716 0.775481
17717 0.22472
17718 0.470675
17719 0.851857
17720 0.798599
17721 0.486525
17722 0.588182
17723 0.549474
17724 0.881551
17725 0.752454
17726 0.817449
17727 0.694918
17728 0.808058
17729 0.798547
17730 0.751794
17731 0.753595
17732 0.568701
17733 0.552184
17734 0.319825
17735 0.42702
17736 0.493546
17737 0.506404
17738 0.420028
17739 0.428321
17740 0.501173
17741 0.688905
17742 0.624647
17743 0.810582
17744 0.706451
17745 0.336358
17746 0.358867
17747 0.483399
17748 0.803466
17749 0.541813
17750 0.86094
17751 0.84467
17752 0.911377
17753 0.595139
17754 0.980466
17755 0.466519
17756 0.602481
17757 0.843663
17758 0.364858
17759 0.523466
17760 0.745868
17761 0.638478
17762 0.899172
17763 0.883093
17764 0.43261
17765 0.961401
17766 0.767486
17767 0.914899
17768 0.3377
17769 0.372982
17770 0.703339
17771 0.716311
17772 0.843257
17773 0.925481
17774 0.280911
17775 0.328437
17776 0.878853
17777 0.684955
17778 0.815599
17779 0.740516
17780 0.674219
17781 0.443096
17782 0.467227
17783 0.691037
17784 0.77849
17785 0.605999
17786 0.579083
17787 0.3104
17788 0.422075
17789 0.155695
17790 0.553865
17791 0.429798
17792 0.40337
17793 0.628073
17794 0.535226
17795 0.182953
17796 0.649314
17797 0.431069
17798 0.88733
17799 0.506662
17800 0.590637
17801 0.285824
17802 0.645712
17803 0.366734
17804 0.491673
17805 0.828024
17806 0.78323
17807 0.214673
17808 0.482188
17809 0.613637
17810 0.527309
17811 0.369141
17812 0.708111
17813 0.455707
17814 0.568683
17815 0.223658
17816 0.619257
17817 0.534491
17818 0.77182
17819 0.761256
17820 0.484081
17821 0.547797
17822 0.657418
17823 0.69277
17824 0.481145
17825 0.603904
17826 0.618496
17827 0.614963
17828 0.758355
17829 0.429308
17830 0.436462
17831 0.663644
17832 0.485081
17833 0.538442
17834 0.395497
17835 0.690909
17836 0.524793
17837 0.491619
17838 0.717865
17839 0.686255
17840 0.488735
17841 0.407158
17842 0.709619
17843 0.505643
17844 0.663596
17845 0.481925
17846 0.67793
17847 0.659564
17848 0.264642
17849 0.653489
17850 0.74463
17851 0.678095
17852 0.501528
17853 0.708171
17854 0.827129
17855 0.59597
17856 0.600698
17857 0.657047
17858 0.473457
17859 0.643309
17860 0.527335
17861 0.616473
17862 0.466628
17863 0.661005
17864 0.662236
17865 0.79366
17866 0.579634
17867 0.474548
17868 0.615706
17869 0.667791
17870 0.446709
17871 0.591815
17872 0.326938
17873 0.612485
17874 0.506305
17875 0.493614
17876 0.296697
17877 0.335077
17878 0.530923
17879 0.879872
17880 0.785814
17881 0.740667
17882 0.533525
17883 0.695474
17884 0.715805
17885 0.926332
17886 0.74216
17887 0.553231
17888 0.684745
17889 0.650119
17890 0.700023
17891 0.796281
17892 0.809831
17893 0.898444
17894 0.749194
17895 0.787952
17896 0.423446
17897 0.606309
17898 0.583321
17899 0.244745
17900 0.491321
17901 0.364672
17902 0.721823
17903 0.549353
17904 0.806281
17905 0.482784
17906 0.57817
17907 0.555634
17908 0.568364
17909 0.730487
17910 0.681804
17911 0.422709
17912 0.936342
17913 0.584413
17914 0.547807
17915 0.633879
17916 0.847429
17917 0.575172
17918 0.48134
17919 0.443411
17920 0.597072
17921 0.910307
17922 0.653474
17923 0.841169
17924 0.740645
17925 0.557118
17926 0.60355
17927 0.608754
17928 0.575949
17929 0.653761
17930 0.560627
17931 0.525448
17932 0.657821
17933 0.731059
17934 0.555819
17935 0.498748
17936 0.57792
17937 0.390781
17938 0.721176
17939 0.630015
17940 0.410952
17941 0.700196
17942 0.597695
17943 0.690511
17944 0.512161
17945 0.481792
17946 0.647612
17947 0.729716
17948 0.438228
17949 0.643783
17950 0.779482
17951 0.719768
17952 0.668454
17953 0.642235
17954 0.557199
17955 0.470651
17956 0.775895
17957 0.547435
17958 0.710111
17959 0.845285
17960 0.5071
17961 0.746272
17962 0.409445
17963 0.549488
17964 0.867161
17965 0.439957
17966 0.940087
17967 0.399896
17968 0.275575
17969 0.403619
17970 0.634336
17971 0.79748
17972 0.427
17973 0.478191
17974 0.622863
17975 0.546942
17976 0.813428
17977 0.824859
17978 0.814072
17979 0.682296
17980 0.607817
17981 0.56342
17982 0.926002
17983 0.661809
17984 0.539417
17985 0.794171
17986 0.615062
17987 0.119263
17988 0.439084
17989 0.945138
17990 0.441527
17991 0.583193
17992 0.474143
17993 0.543583
17994 0.630462
17995 0.485761
17996 0.813882
17997 0.908116
17998 0.267171
17999 0.608006
18000 0.416537
18001 0.563388
18002 0.192547
18003 0.703733
18004 0.625447
18005 0.792918
18006 0.5588
18007 0.541871
18008 0.586534
18009 0.718599
18010 0.380597
18011 0.804446
18012 0.667136
18013 0.558408
18014 0.67833
18015 0.478609
18016 0.366461
18017 0.536355
18018 0.803859
18019 0.600772
18020 0.915494
18021 0.601583
18022 0.668338
18023 0.544041
18024 0.536814
18025 0.554976
18026 0.493682
18027 0.889169
18028 0.445966
18029 0.733241
18030 0.302533
18031 0.441159
18032 0.676175
18033 0.856302
18034 0.561423
18035 0.835894
18036 0.430465
18037 0.760413
18038 0.790542
18039 0.369592
18040 0.897682
18041 0.488544
18042 0.596501
18043 0.680633
18044 0.463439
18045 0.382404
18046 0.692974
18047 0.94474
18048 0.784119
18049 0.43438
18050 0.773789
18051 0.62921
18052 0.596677
18053 0.705619
18054 0.97629
18055 0.638918
18056 0.594534
18057 0.728941
18058 0.640975
18059 0.532838
18060 0.77185
18061 0.379016
18062 0.646485
18063 0.399285
18064 0.470984
18065 0.400792
18066 0.696891
18067 0.514782
18068 0.501908
18069 0.650457
18070 0.373273
18071 0.285622
18072 0.779586
18073 0.507223
18074 0.809225
18075 0.494973
18076 0.586733
18077 0.63382
18078 0.301719
18079 0.530678
18080 0.447802
18081 0.354193
18082 0.34033
18083 0.657244
18084 0.562086
18085 0.675136
18086 0.406866
18087 0.498917
18088 0.574234
18089 0.546621
18090 0.637495
18091 0.6923
18092 0.875714
18093 0.620769
18094 0.633197
18095 0.587801
18096 0.52013
18097 0.476952
18098 0.259868
18099 0.710377
18100 0.588751
18101 0.610875
18102 0.664567
18103 0.679719
18104 0.713006
18105 0.813248
18106 0.548034
18107 0.544652
18108 0.505226
18109 0.813175
18110 0.550633
18111 0.646691
18112 0.426748
18113 0.477684
18114 0.769477
18115 0.621571
18116 0.80972
18117 0.396608
18118 0.764818
18119 0.86198
18120 0.577159
18121 0.617448
18122 0.951879
18123 0.355018
18124 0.639896
18125 0.877554
18126 0.40628
18127 0.515538
18128 0.616842
18129 0.642872
18130 0.770547
18131 0.539723
18132 0.55513
18133 0.50143
18134 0.636286
18135 0.414657
18136 0.636181
18137 0.56369
18138 0.27151
18139 0.497627
18140 0.569907
18141 0.585173
18142 0.696502
18143 0.633641
18144 0.745181
18145 0.543991
18146 0.706891
18147 0.745703
18148 0.676004
18149 0.715565
18150 0.482769
18151 0.633844
18152 0.842316
18153 0.571319
18154 0.701515
18155 0.410924
18156 0.737955
18157 0.476307
18158 0.585895
18159 0.490037
18160 0.611881
18161 0.508296
18162 0.90325
18163 0.481778
18164 0.911716
18165 0.54396
18166 0.919253
18167 0.611452
18168 0.513785
18169 0.821277
18170 0.747841
18171 0.774286
18172 0.624367
18173 0.747951
18174 0.813446
18175 0.765126
18176 0.546984
18177 0.840978
18178 0.583051
18179 0.746993
18180 0.605013
18181 0.568789
18182 0.615398
18183 0.73603
18184 0.469624
18185 0.542703
18186 0.475625
18187 0.54399
18188 0.817695
18189 0.958479
18190 0.401195
18191 0.533025
18192 0.920531
18193 0.44353
18194 0.341517
18195 0.972182
18196 0.736456
18197 0.691487
18198 0.499166
18199 0.393885
18200 0.50525
18201 0.464193
18202 0.536069
18203 0.531195
18204 0.346641
18205 0.673072
18206 0.828729
18207 0.502122
18208 0.708809
18209 0.259435
18210 0.949233
18211 0.931747
18212 0.685178
18213 0.246687
18214 0.467898
18215 0.518646
18216 0.815147
18217 0.807534
18218 0.398131
18219 0.705306
18220 0.615492
18221 0.510386
18222 0.667213
18223 0.778513
18224 0.648872
18225 0.495455
18226 0.827542
18227 0.424139
18228 0.201681
18229 0.755468
18230 0.755723
18231 0.562971
18232 0.627537
18233 0.716468
18234 0.661367
18235 0.716482
18236 0.670431
18237 0.720714
18238 0.657429
18239 0.603699
18240 0.905877
18241 0.605948
18242 0.429502
18243 0.716253
18244 0.872232
18245 0.923761
18246 0.677232
18247 0.605075
18248 0.521053
18249 0.816883
18250 0.707213
18251 0.905223
18252 0.646821
18253 0.680466
18254 0.360521
18255 0.483817
18256 0.566946
18257 0.810857
18258 0.571093
18259 0.717673
18260 0.722503
18261 0.472085
18262 0.405282
18263 0.717566
18264 0.772656
18265 0.822197
18266 0.545068
18267 0.524653
18268 0.505363
18269 0.559209
18270 0.660168
18271 0.497741
18272 0.73867
18273 0.624737
18274 0.534788
18275 0.574744
18276 0.832711
18277 0.946766
18278 0.501561
18279 0.587436
18280 0.660316
18281 0.864626
18282 0.444905
18283 0.646577
18284 0.62468
18285 0.891015
18286 0.676316
18287 0.540296
18288 0.70951
18289 0.379074
18290 0.451194
18291 0.461272
18292 0.720515
18293 0.612396
18294 0.710073
18295 0.75031
18296 0.621096
18297 0.640816
18298 0.895019
18299 0.782952
18300 0.95071
18301 0.465689
18302 0.607203
18303 0.900096
18304 0.836365
18305 0.746059
18306 0.514433
18307 0.689892
18308 0.57562
18309 0.598314
18310 0.328264
18311 0.44866
18312 0.688938
18313 0.719393
18314 0.820827
18315 0.63824
18316 0.36312
18317 0.607303
18318 0.626668
18319 0.868949
18320 0.55097
18321 0.628537
18322 0.812976
18323 0.69173
18324 0.673365
18325 0.744929
18326 0.387917
18327 0.909162
18328 0.688881
18329 0.857478
18330 0.544468
18331 0.445855
18332 0.773157
18333 0.575644
18334 0.702077
18335 0.554233
18336 0.471605
18337 0.419471
18338 0.558438
18339 0.634237
18340 0.70609
18341 0.766195
18342 0.728663
18343 0.53775
18344 0.6079
18345 0.758162
18346 0.922826
18347 0.707485
18348 0.627673
18349 0.755428
18350 0.621354
18351 0.733732
18352 0.335339
18353 0.553122
18354 0.535888
18355 0.672762
18356 0.662296
18357 0.608644
18358 0.517996
18359 0.413237
18360 0.570209
18361 0.796303
18362 0.546334
18363 0.625215
18364 0.7091
18365 0.412127
18366 0.456404
18367 0.741089
18368 0.256279
18369 0.286667
18370 0.63662
18371 0.843385
18372 0.343958
18373 0.582659
18374 0.739113
18375 0.466985
18376 0.871093
18377 0.844488
18378 0.546246
18379 0.646383
18380 0.450428
18381 0.531875
18382 0.823121
18383 0.61812
18384 0.613877
18385 0.711093
18386 0.680217
18387 0.606665
18388 0.790874
18389 0.888447
18390 0.550858
18391 0.742043
18392 0.6734
18393 0.469744
18394 0.550348
18395 0.533676
18396 0.770715
18397 0.500104
18398 0.172772
18399 0.728496
18400 0.880158
18401 0.664508
18402 0.808824
18403 0.649693
18404 0.547945
18405 0.564493
18406 0.700102
18407 0.746899
18408 0.635325
18409 0.75891
18410 0.476113
18411 0.538014
18412 0.507427
18413 0.661311
18414 0.67404
18415 0.536482
18416 0.800647
18417 0.577335
18418 0.456183
18419 0.322614
18420 0.771038
18421 0.676278
18422 0.653554
18423 0.517784
18424 0.70537
18425 0.683645
18426 0.580127
18427 0.64738
18428 0.419655
18429 0.562812
18430 0.64926
18431 0.561851
18432 0.608862
18433 0.820793
18434 0.506225
18435 0.685918
18436 0.951213
18437 0.730581
18438 0.607486
18439 0.568909
18440 0.567733
18441 0.630365
18442 0.496259
18443 0.608564
18444 0.581808
18445 0.445407
18446 0.757667
18447 0.825683
18448 0.726907
18449 0.756162
18450 0.583793
18451 0.603396
18452 0.586268
18453 0.914629
18454 0.635481
18455 0.701189
18456 0.57306
18457 0.842477
18458 0.289023
18459 0.403542
18460 0.569544
18461 0.546083
18462 0.624521
18463 0.513939
18464 0.575112
18465 0.74404
18466 0.708683
18467 0.882851
18468 0.716199
18469 0.628967
18470 0.870604
18471 0.586863
18472 0.665151
18473 0.778783
18474 0.573582
18475 0.565442
18476 0.743108
18477 0.612587
18478 0.458905
18479 0.712119
18480 0.393386
18481 0.559923
18482 0.884272
18483 0.392673
18484 0.71537
18485 0.725329
18486 0.48553
18487 0.724104
18488 0.394278
18489 0.591283
18490 0.499166
18491 0.485756
18492 0.576379
18493 0.93452
18494 0.965494
18495 0.868336
18496 0.688787
18497 0.736397
18498 0.438581
18499 0.591236
18500 0.873085
18501 0.730029
18502 0.567953
18503 0.75654
18504 0.579706
18505 0.485584
18506 0.530879
18507 0.602231
18508 0.631785
18509 0.708821
18510 0.882156
18511 0.738157
18512 0.71111
18513 0.774902
18514 0.806471
18515 0.743852
18516 0.877754
18517 0.677445
18518 0.720497
18519 0.530975
18520 0.587138
18521 0.648934
18522 0.630053
18523 0.4159
18524 0.874424
18525 0.60896
18526 0.541278
18527 0.729508
18528 0.283129
18529 0.84587
18530 0.64623
18531 0.595124
18532 0.662944
18533 0.740712
18534 0.911309
18535 0.702432
18536 0.638545
18537 0.776392
18538 0.719359
18539 0.522237
18540 0.511891
18541 0.599745
18542 0.509735
18543 0.481114
18544 0.551868
18545 0.642063
18546 0.609622
18547 0.640133
18548 0.524007
18549 0.306242
18550 0.554431
18551 0.288618
18552 0.380594
18553 0.503364
18554 0.499101
18555 0.56468
18556 0.834394
18557 0.608731
18558 0.468123
18559 0.754637
18560 0.645956
18561 0.572777
18562 0.89593
18563 0.699468
18564 0.700723
18565 0.822747
18566 0.64432
18567 0.949955
18568 0.529245
18569 0.550876
18570 0.417699
18571 0.65034
18572 0.528292
18573 0.848975
18574 0.627232
18575 0.656811
18576 0.534489
18577 0.715326
18578 0.739029
18579 0.816851
18580 0.296562
18581 0.580424
18582 0.565078
18583 0.475792
18584 0.571123
18585 0.705719
18586 0.871834
18587 0.728793
18588 0.449532
18589 0.661406
18590 0.717233
18591 0.615505
18592 0.643963
18593 0.667283
18594 0.807496
18595 0.780282
18596 0.487272
18597 0.366889
18598 0.638822
18599 0.699262
18600 0.595522
18601 0.59031
18602 0.693783
18603 0.839303
18604 0.619492
18605 0.592427
18606 0.59832
18607 0.877515
18608 0.745876
18609 0.739667
18610 0.566674
18611 0.488758
18612 0.889589
18613 0.474731
18614 0.795439
18615 0.763474
18616 0.949935
18617 0.411549
18618 0.529771
18619 0.672687
18620 0.693403
18621 0.843286
18622 0.739847
18623 0.638095
18624 0.738319
18625 0.543264
18626 0.526795
18627 0.443465
18628 0.595217
18629 0.81739
18630 0.733103
18631 0.575865
18632 0.627334
18633 0.541748
18634 0.87513
18635 0.581316
18636 0.794425
18637 0.351229
18638 0.534282
18639 0.592613
18640 0.561403
18641 0.901856
18642 0.560448
18643 0.654212
18644 0.546039
18645 0.570106
18646 0.691313
18647 0.87278
18648 0.759506
18649 0.68726
18650 0.757257
18651 0.425307
18652 0.519336
18653 0.710285
18654 0.714775
18655 0.541989
18656 0.643897
18657 0.865581
18658 0.592642
18659 0.451863
18660 0.401428
18661 0.679847
18662 0.544994
18663 0.459607
18664 0.389621
18665 0.635086
18666 0.937411
18667 0.554949
18668 0.705319
18669 0.777299
18670 0.593898
18671 0.707306
18672 0.725698
18673 0.678499
18674 0.576996
18675 0.471651
18676 0.492227
18677 0.571595
18678 0.505188
18679 0.691334
18680 0.670485
18681 0.80109
18682 0.795301
18683 0.617163
18684 0.762362
18685 0.564631
18686 0.686018
18687 0.746151
18688 0.754331
18689 0.546217
18690 0.616078
18691 0.513971
18692 0.697803
18693 0.798564
18694 0.568173
18695 0.966154
18696 0.848841
18697 0.834963
18698 0.590666
18699 0.552607
18700 0.715636
18701 0.571861
18702 0.778205
18703 0.722842
18704 0.598659
18705 0.609521
18706 0.597126
18707 0.756984
18708 0.652143
18709 0.781695
18710 0.694686
18711 0.929749
18712 0.598482
18713 0.539847
18714 0.691963
18715 0.55098
18716 0.674679
18717 0.548166
18718 0.602732
18719 0.586003
18720 0.707384
18721 0.690683
18722 0.712289
18723 0.478357
18724 0.478824
18725 0.636075
18726 0.52588
18727 0.390127
18728 0.634468
18729 0.583459
18730 0.814511
18731 0.497407
18732 0.256048
18733 0.59433
18734 0.533742
18735 0.778343
18736 0.731537
18737 0.591474
18738 0.325197
18739 0.505777
18740 0.514623
18741 0.580425
18742 0.632991
18743 0.61511
18744 0.655295
18745 0.671992
18746 0.826967
18747 0.722505
18748 0.730504
18749 0.72673
18750 0.806598
18751 0.644359
18752 0.44861
18753 0.490153
18754 0.562326
18755 0.556867
18756 0.746341
18757 0.508441
18758 0.374107
18759 0.568406
18760 0.372478
18761 0.587806
18762 0.462138
18763 0.637335
18764 0.566988
18765 0.565197
18766 0.534405
18767 0.380981
18768 0.659016
18769 0.359565
18770 0.867783
18771 0.566786
18772 0.688408
18773 0.470754
18774 0.425454
18775 0.586496
18776 0.525675
18777 0.723809
18778 0.759854
18779 0.540719
18780 0.788866
18781 0.604764
18782 0.783684
18783 0.530807
18784 0.594245
18785 0.741473
18786 0.685853
18787 0.545602
18788 0.684676
18789 0.607323
18790 0.622636
18791 0.617653
18792 0.619877
18793 0.826889
18794 0.46395
18795 0.655878
18796 0.275517
18797 0.584986
18798 0.498082
18799 0.563117
18800 0.555407
18801 0.79032
18802 0.816725
18803 0.539696
18804 0.753306
18805 0.86829
18806 0.602703
18807 0.588248
18808 0.837603
18809 0.527495
18810 0.582035
18811 0.707236
18812 0.679343
18813 0.620963
18814 0.730846
18815 0.76979
18816 0.673892
18817 0.58929
18818 0.698213
18819 0.672567
18820 0.823637
18821 0.719014
18822 0.581663
18823 0.729843
18824 0.491641
18825 0.547913
18826 0.510817
18827 0.844075
18828 0.604039
18829 0.60771
18830 0.689846
18831 0.782076
18832 0.633762
18833 0.545134
18834 0.72731
18835 0.45965
18836 0.737113
18837 0.719894
18838 0.731812
18839 0.613116
18840 0.69109
18841 0.975023
18842 0.540184
18843 0.667872
18844 0.88422
18845 0.674124
18846 0.838435
18847 0.560295
18848 0.385284
18849 0.616718
18850 0.573629
18851 0.648246
18852 0.641631
18853 0.508335
18854 0.5873
18855 0.625923
18856 0.563735
18857 0.815625
18858 0.568254
18859 0.66453
18860 0.644386
18861 0.762734
18862 0.720626
18863 0.679073
18864 0.702733
18865 0.662105
18866 0.677135
18867 0.504168
18868 0.861772
18869 0.617249
18870 0.591194
18871 0.582928
18872 0.458808
18873 0.603235
18874 0.690635
18875 0.866025
18876 0.540585
18877 0.605893
18878 0.63576
18879 0.837379
18880 0.882442
18881 0.505385
18882 0.387036
18883 0.710427
18884 0.775366
18885 0.422274
18886 0.33787
18887 0.373253
18888 0.597679
18889 0.700667
18890 0.819606
18891 0.854183
18892 0.656668
18893 0.540298
18894 0.442063
18895 0.51716
18896 0.456005
18897 0.94444
18898 0.596756
18899 0.386148
18900 0.87278
18901 0.327583
18902 0.346158
18903 0.409156
18904 0.302498
18905 0.853483
18906 0.597578
18907 0.548353
18908 0.697039
18909 0.875042
18910 0.572929
18911 0.592299
18912 0.783533
18913 0.808196
18914 0.4915
18915 0.915484
18916 0.734489
18917 0.443512
18918 0.64152
18919 0.740452
18920 0.538714
18921 0.554722
18922 0.800448
18923 0.908862
18924 0.866809
18925 0.945495
18926 0.459045
18927 0.504328
18928 0.695345
18929 0.690831
18930 0.690672
18931 0.509696
18932 0.644929
18933 0.673123
18934 0.606283
18935 0.518149
18936 0.642817
18937 0.556459
18938 0.655354
18939 0.421034
18940 0.637379
18941 0.495374
18942 0.609775
18943 0.615059
18944 0.838594
18945 0.420849
18946 0.598121
18947 0.700747
18948 0.655861
18949 0.305536
18950 0.721856
18951 0.614912
18952 0.580076
18953 0.754758
18954 0.484922
18955 0.612385
18956 0.682958
18957 0.46411
18958 0.647663
18959 0.477356
18960 0.541795
18961 0.814999
18962 0.56573
18963 0.702031
18964 0.88777
18965 0.746553
18966 0.479171
18967 0.600455
18968 0.518794
18969 0.692045
18970 0.563873
18971 0.304871
18972 0.593943
18973 0.558201
18974 0.689351
18975 0.607799
18976 0.863483
18977 0.681928
18978 0.486275
18979 0.65853
18980 0.703365
18981 0.748238
18982 0.614557
18983 0.898543
18984 0.617648
18985 0.512833
18986 0.523114
18987 0.640258
18988 0.698748
18989 0.570785
18990 0.865381
18991 0.368218
18992 0.818456
18993 0.428652
18994 0.308061
18995 0.756908
18996 0.683294
18997 0.713565
18998 0.634963
18999 0.709249
19000 0.408079
19001 0.604643
19002 0.716157
19003 0.520362
19004 0.859712
19005 0.575237
19006 0.771616
19007 0.554161
19008 0.875964
19009 0.643634
19010 0.649635
19011 0.691768
19012 0.834944
19013 0.731365
19014 0.515711
19015 0.700437
19016 0.714832
19017 0.734634
19018 0.612566
19019 0.686432
19020 0.380615
19021 0.790919
19022 0.573987
19023 0.551608
19024 0.715412
19025 0.677609
19026 0.569094
19027 0.638346
19028 0.483194
19029 0.379392
19030 0.770387
19031 0.498318
19032 0.741444
19033 0.767088
19034 0.538547
19035 0.868018
19036 0.627691
19037 0.451265
19038 0.569608
19039 0.665577
19040 0.424757
19041 0.564024
19042 0.42829
19043 0.67377
19044 0.64574
19045 0.762226
19046 0.703081
19047 0.524759
19048 0.431907
19049 0.586073
19050 0.685829
19051 0.643286
19052 0.623357
19053 0.62489
19054 0.745292
19055 0.636879
19056 0.727442
19057 0.766104
19058 0.64889
19059 0.62243
19060 0.674231
19061 0.730851
19062 0.466827
19063 0.418358
19064 0.372417
19065 0.790709
19066 0.478423
19067 0.391446
19068 0.853362
19069 0.548267
19070 0.633771
19071 0.531929
19072 0.430768
19073 0.687906
19074 0.646347
19075 0.916052
19076 0.562637
19077 0.562927
19078 0.771671
19079 0.676935
19080 0.596505
19081 0.721277
19082 0.613328
19083 0.571431
19084 0.463965
19085 0.733628
19086 0.73597
19087 0.499358
19088 0.924686
19089 0.549172
19090 0.775132
19091 0.571078
19092 0.662212
19093 0.712407
19094 0.61791
19095 0.944516
19096 0.554396
19097 0.695707
19098 0.623921
19099 0.721835
19100 0.693043
19101 0.591039
19102 0.323744
19103 0.592315
19104 0.694886
19105 0.678861
19106 0.821335
19107 0.720995
19108 0.595884
19109 0.378402
19110 0.820835
19111 0.423382
19112 0.6007
19113 0.720075
19114 0.683281
19115 0.630603
19116 0.585812
19117 0.773847
19118 0.686498
19119 0.47794
19120 0.64397
19121 0.633109
19122 0.72554
19123 0.60155
19124 0.948095
19125 0.56822
19126 0.715054
19127 0.57587
19128 0.642116
19129 0.702567
19130 0.878934
19131 0.78821
19132 0.691174
19133 0.649234
19134 0.631056
19135 0.571624
19136 0.671029
19137 0.584112
19138 0.535799
19139 0.767742
19140 0.773628
19141 0.559261
19142 0.78595
19143 0.725756
19144 0.543448
19145 0.496351
19146 0.611339
19147 0.591455
19148 0.835484
19149 0.591136
19150 0.676676
19151 0.736092
19152 0.687596
19153 0.656463
19154 0.73208
19155 0.623641
19156 0.516942
19157 0.671254
19158 0.471272
19159 0.543069
19160 0.481128
19161 0.669868
19162 0.759688
19163 0.884272
19164 0.676086
19165 0.410273
19166 0.57132
19167 0.36306
19168 0.649021
19169 0.597501
19170 0.854329
19171 0.628107
19172 0.531681
19173 0.502066
19174 0.698329
19175 0.71256
19176 0.763877
19177 0.573767
19178 0.694217
19179 0.543937
19180 0.603897
19181 0.493463
19182 0.953616
19183 0.610964
19184 0.542165
19185 0.773787
19186 0.64894
19187 0.618614
19188 0.617916
19189 0.55039
19190 0.68459
19191 0.841446
19192 0.505548
19193 0.859596
19194 0.783486
19195 0.797201
19196 0.413401
19197 0.631622
19198 0.612683
19199 0.587308
19200 0.854407
19201 0.599089
19202 0.355177
19203 0.551667
19204 0.404739
19205 0.447791
19206 0.484172
19207 0.588313
19208 0.484073
19209 0.482145
19210 0.603049
19211 0.609257
19212 0.542824
19213 0.614349
19214 0.649905
19215 0.502856
19216 0.620817
19217 0.80846
19218 0.519907
19219 0.459842
19220 0.579532
19221 0.614424
19222 0.715725
19223 0.934941
19224 0.606965
19225 0.627565
19226 0.680008
19227 0.639156
19228 0.701963
19229 0.634107
19230 0.585572
19231 0.436984
19232 0.521486
19233 0.923524
19234 0.716089
19235 0.738358
19236 0.63233
19237 0.460513
19238 0.721682
19239 0.778754
19240 0.711838
19241 0.660222
19242 0.628198
19243 0.416663
19244 0.826279
19245 0.556327
19246 0.928147
19247 0.825266
19248 0.721691
19249 0.74074
19250 0.5661
19251 0.525785
19252 0.517356
19253 0.867491
19254 0.396197
19255 0.531836
19256 0.508835
19257 0.668132
19258 0.700247
19259 0.55683
19260 0.592342
19261 0.490058
19262 0.756945
19263 0.652217
19264 0.702487
19265 0.686547
19266 0.509221
19267 0.480504
19268 0.687525
19269 0.519751
19270 0.653718
19271 0.419998
19272 0.920439
19273 0.751733
19274 0.561906
19275 0.568446
19276 0.352972
19277 0.39226
19278 0.512929
19279 0.528105
19280 0.654676
19281 0.632814
19282 0.58805
19283 0.580233
19284 0.727392
19285 0.459299
19286 0.4083
19287 0.355639
19288 0.780323
19289 0.668704
19290 0.389682
19291 0.667236
19292 0.738907
19293 0.590637
19294 0.46806
19295 0.808417
19296 0.7858
19297 0.385531
19298 0.617634
19299 0.573671
19300 0.649015
19301 0.589674
19302 0.725501
19303 0.867501
19304 0.757801
19305 0.543415
19306 0.712529
19307 0.649816
19308 0.813314
19309 0.942914
19310 0.586045
19311 0.68242
19312 0.529044
19313 0.525265
19314 0.556557
19315 0.676121
19316 0.619768
19317 0.600414
19318 0.635994
19319 0.64107
19320 0.34277
19321 0.773232
19322 0.812848
19323 0.729899
19324 0.64807
19325 0.558448
19326 0.603321
19327 0.703681
19328 0.813519
19329 0.723271
19330 0.891454
19331 0.551645
19332 0.341083
19333 0.598236
19334 0.587333
19335 0.709231
19336 0.627257
19337 0.546317
19338 0.752143
19339 0.731389
19340 0.540359
19341 0.340699
19342 0.625583
19343 0.739753
19344 0.622294
19345 0.788078
19346 0.777193
19347 0.581346
19348 0.601595
19349 0.563586
19350 0.914228
19351 0.545264
19352 0.674001
19353 0.694195
19354 0.452227
19355 0.596318
19356 0.636497
19357 0.770663
19358 0.54205
19359 0.387572
19360 0.647112
19361 0.525147
19362 0.716235
19363 0.733491
19364 0.719461
19365 0.583468
19366 0.582641
19367 0.38519
19368 0.904074
19369 0.836859
19370 0.523844
19371 0.691337
19372 0.637528
19373 0.618886
19374 0.78266
19375 0.612174
19376 0.445195
19377 0.708063
19378 0.592958
19379 0.712065
19380 0.584587
19381 0.571705
19382 0.556432
19383 0.715118
19384 0.646501
19385 0.731234
19386 0.508109
19387 0.538358
19388 0.886054
19389 0.587556
19390 0.625002
19391 0.375687
19392 0.812848
19393 0.562482
19394 0.599742
19395 0.701597
19396 0.638747
19397 0.790642
19398 0.637133
19399 0.746411
19400 0.93215
19401 0.703351
19402 0.602411
19403 0.664403
19404 0.918485
19405 0.615163
19406 0.700761
19407 0.699174
19408 0.754054
19409 0.677672
19410 0.718325
19411 0.575801
19412 0.530144
19413 0.776619
19414 0.780479
19415 0.584215
19416 0.581467
19417 0.765749
19418 0.606527
19419 0.842339
19420 0.713073
19421 0.514217
19422 0.584085
19423 0.858972
19424 0.643193
19425 0.894019
19426 0.619957
19427 0.593819
19428 0.404909
19429 0.850784
19430 0.701303
19431 0.5984
19432 0.741329
19433 0.48525
19434 0.610664
19435 0.630956
19436 0.808536
19437 0.505904
19438 0.489445
19439 0.44923
19440 0.656657
19441 0.77035
19442 0.385634
19443 0.58478
19444 0.603609
19445 0.440054
19446 0.7639
19447 0.348728
19448 0.866024
19449 0.764845
19450 0.546349
19451 0.616811
19452 0.513449
19453 0.640664
19454 0.65144
19455 0.577283
19456 0.923392
19457 0.644478
19458 0.729713
19459 0.810447
19460 0.834348
19461 0.76122
19462 0.912809
19463 0.830106
19464 0.657634
19465 0.590372
19466 0.571962
19467 0.604079
19468 0.722522
19469 0.529611
19470 0.345569
19471 0.628235
19472 0.521233
19473 0.500423
19474 0.585768
19475 0.820105
19476 0.902547
19477 0.643589
19478 0.805887
19479 0.692889
19480 0.920258
19481 0.715519
19482 0.794036
19483 0.562584
19484 0.518337
19485 0.558013
19486 0.466443
19487 0.775954
19488 0.527278
19489 0.631803
19490 0.725787
19491 0.77614
19492 0.608951
19493 0.714166
19494 0.552216
19495 0.736328
19496 0.55067
19497 0.57723
19498 0.472484
19499 0.545443
19500 0.536305
19501 0.645512
19502 0.75441
19503 0.686275
19504 0.8341
19505 0.577925
19506 0.543424
19507 0.599469
19508 0.941319
19509 0.59613
19510 0.740052
19511 0.668371
19512 0.909499
19513 0.547528
19514 0.547285
19515 0.659573
19516 0.620443
19517 0.692716
19518 0.377058
19519 0.475183
19520 0.886632
19521 0.860058
19522 0.869161
19523 0.697863
19524 0.453492
19525 0.822533
19526 0.536136
19527 0.624724
19528 0.620883
19529 0.575189
19530 0.469329
19531 0.534832
19532 0.529346
19533 0.619666
19534 0.501629
19535 0.404611
19536 0.802713
19537 0.719168
19538 0.489866
19539 0.547719
19540 0.780193
19541 0.655931
19542 0.890464
19543 0.743288
19544 0.509069
19545 0.589027
19546 0.353252
19547 0.609987
19548 0.511101
19549 0.573767
19550 0.793525
19551 0.641035
19552 0.657642
19553 0.590922
19554 0.761709
19555 0.687883
19556 0.672294
19557 0.544255
19558 0.861578
19559 0.787294
19560 0.644748
19561 0.557552
19562 0.763476
19563 0.220762
19564 0.45775
19565 0.754654
19566 0.787316
19567 0.45439
19568 0.490358
19569 0.594794
19570 0.671877
19571 0.722028
19572 0.919493
19573 0.684202
19574 0.753177
19575 0.816546
19576 0.863613
19577 0.633757
19578 0.577804
19579 0.715059
19580 0.33271
19581 0.577001
19582 0.836666
19583 0.424057
19584 0.517627
19585 0.706526
19586 0.614828
19587 0.569224
19588 0.752271
19589 0.698643
19590 0.605007
19591 0.365727
19592 0.602667
19593 0.903863
19594 0.760833
19595 0.389517
19596 0.716702
19597 0.920602
19598 0.717209
19599 0.681517
19600 0.765398
19601 0.524942
19602 0.727339
19603 0.839023
19604 0.497468
19605 0.581943
19606 0.705692
19607 0.606657
19608 0.854265
19609 0.554133
19610 0.717503
19611 0.517402
19612 0.662188
19613 0.684699
19614 0.59313
19615 0.614921
19616 0.571854
19617 0.734162
19618 0.561008
19619 0.534561
19620 0.567998
19621 0.710767
19622 0.581101
19623 0.518642
19624 0.79032
19625 0.589652
19626 0.716881
19627 0.838543
19628 0.71335
19629 0.524186
19630 0.279759
19631 0.509471
19632 0.49647
19633 0.770729
19634 0.778139
19635 0.638883
19636 0.505235
19637 0.645456
19638 0.824564
19639 0.519391
19640 0.81595
19641 0.584773
19642 0.839472
19643 0.601506
19644 0.692548
19645 0.77673
19646 0.821279
19647 0.961834
19648 0.567912
19649 0.761904
19650 0.703676
19651 0.79192
19652 0.505425
19653 0.594578
19654 0.492262
19655 0.679938
19656 0.480401
19657 0.543417
19658 0.222887
19659 0.772543
19660 0.650261
19661 0.921467
19662 0.619751
19663 0.722873
19664 0.426202
19665 0.416601
19666 0.343406
19667 0.887916
19668 0.476986
19669 0.776177
19670 0.596565
19671 0.775263
19672 0.693256
19673 0.902348
19674 0.563416
19675 0.929355
19676 0.925705
19677 0.592897
19678 0.694842
19679 0.307771
19680 0.676836
19681 0.418461
19682 0.666247
19683 0.50934
19684 0.626992
19685 0.606456
19686 0.537803
19687 0.657604
19688 0.53639
19689 0.579913
19690 0.595872
19691 0.560972
19692 0.962108
19693 0.835137
19694 0.824283
19695 0.666508
19696 0.488131
19697 0.52911
19698 0.763654
19699 0.783174
19700 0.677635
19701 0.818096
19702 0.804895
19703 0.495623
19704 0.689108
19705 0.659079
19706 0.414866
19707 0.55564
19708 0.604689
19709 0.762663
19710 0.440392
19711 0.32145
19712 0.938472
19713 0.942247
19714 0.923525
19715 0.847648
19716 0.765061
19717 0.819093
19718 0.569892
19719 0.805622
19720 0.722499
19721 0.624187
19722 0.593844
19723 0.417462
19724 0.457269
19725 0.720831
19726 0.686542
19727 0.647561
19728 0.73385
19729 0.538769
19730 0.531773
19731 0.734498
19732 0.605035
19733 0.770663
19734 0.623104
19735 0.414008
19736 0.799109
19737 0.643473
19738 0.586428
19739 0.82034
19740 0.644491
19741 0.599028
19742 0.857314
19743 0.529508
19744 0.720999
19745 0.542101
19746 0.761346
19747 0.357897
19748 0.565587
19749 0.742918
19750 0.48044
19751 0.554716
19752 0.484224
19753 0.781227
19754 0.686626
19755 0.501153
19756 0.588677
19757 0.737733
19758 0.488945
19759 0.611265
19760 0.796187
19761 0.527914
19762 0.628153
19763 0.798433
19764 0.601198
19765 0.389451
19766 0.551881
19767 0.516406
19768 0.879231
19769 0.489459
19770 0.521
19771 0.673535
19772 0.539391
19773 0.644452
19774 0.509008
19775 0.615962
19776 0.650671
19777 0.43241
19778 0.41878
19779 0.388686
19780 0.666397
19781 0.644766
19782 0.683912
19783 0.491601
19784 0.76929
19785 0.530843
19786 0.660927
19787 0.507944
19788 0.4244
19789 0.595542
19790 0.521456
19791 0.839302
19792 0.776321
19793 0.625263
19794 0.671464
19795 0.888237
19796 0.495269
19797 0.971298
19798 0.806222
19799 0.53974
19800 0.691812
19801 0.49238
19802 0.434848
19803 0.742415
19804 0.731433
19805 0.572248
19806 0.773905
19807 0.58858
19808 0.684319
19809 0.471431
19810 0.504151
19811 0.453126
19812 0.612507
19813 0.573534
19814 0.521028
19815 0.763927
19816 0.78856
19817 0.433325
19818 0.755763
19819 0.785891
19820 0.337876
19821 0.564326
19822 0.581004
19823 0.590641
19824 0.656339
19825 0.792522
19826 0.697991
19827 0.807495
19828 0.61455
19829 0.514475
19830 0.594904
19831 0.911004
19832 0.750589
19833 0.718963
19834 0.626025
19835 0.717016
19836 0.586546
19837 0.665398
19838 0.587966
19839 0.380608
19840 0.600698
19841 0.68535
19842 0.739424
19843 0.703966
19844 0.698681
19845 0.746299
19846 0.756732
19847 0.757497
19848 0.457757
19849 0.760858
19850 0.775483
19851 0.518853
19852 0.553265
19853 0.417737
19854 0.534502
19855 0.65963
19856 0.698603
19857 0.545416
19858 0.364106
19859 0.870619
19860 0.536697
19861 0.656794
19862 0.781302
19863 0.806225
19864 0.577606
19865 0.583527
19866 0.420864
19867 0.605148
19868 0.388058
19869 0.819245
19870 0.537756
19871 0.82149
19872 0.513582
19873 0.7301
19874 0.52512
19875 0.803309
19876 0.548718
19877 0.767871
19878 0.682756
19879 0.707936
19880 0.659745
19881 0.727369
19882 0.712859
19883 0.749811
19884 0.740519
19885 0.702247
19886 0.625733
19887 0.714683
19888 0.726272
19889 0.714456
19890 0.469713
19891 0.666195
19892 0.772771
19893 0.560838
19894 0.644639
19895 0.650793
19896 0.555577
19897 0.548957
19898 0.550262
19899 0.684246
19900 0.548156
19901 0.474425
19902 0.848885
19903 0.626534
19904 0.552269
19905 0.52812
19906 0.750562
19907 0.547023
19908 0.656825
19909 0.714592
19910 0.61327
19911 0.688372
19912 0.633125
19913 0.782133
19914 0.724643
19915 0.752556
19916 0.888825
19917 0.875606
19918 0.598855
19919 0.662405
19920 0.537254
19921 0.871075
19922 0.705801
19923 0.576017
19924 0.459214
19925 0.809256
19926 0.675571
19927 0.405135
19928 0.628961
19929 0.723164
19930 0.813283
19931 0.78195
19932 0.614429
19933 0.560132
19934 0.576804
19935 0.859006
19936 0.855793
19937 0.492837
19938 0.59036
19939 0.777416
19940 0.658902
19941 0.770928
19942 0.472287
19943 0.593046
19944 0.743138
19945 0.539731
19946 0.665999
19947 0.54106
19948 0.563968
19949 0.576608
19950 0.671231
19951 0.633396
19952 0.755513
19953 0.485107
19954 0.557488
19955 0.702813
19956 0.764015
19957 0.753169
19958 0.799226
19959 0.864051
19960 0.609651
19961 0.459702
19962 0.843964
19963 0.561591
19964 0.728964
19965 0.624383
19966 0.46516
19967 0.583316
19968 0.859566
19969 0.483134
19970 0.672022
19971 0.57704
19972 0.816584
19973 0.486291
19974 0.721403
19975 0.481643
19976 0.803336
19977 0.599097
19978 0.730323
19979 0.551338
19980 0.500214
19981 0.254293
19982 0.798708
19983 0.362528
19984 0.643517
19985 0.574247
19986 0.416127
19987 0.592549
19988 0.508689
19989 0.596108
19990 0.7576
19991 0.62293
19992 0.69082
19993 0.570003
19994 0.54222
19995 0.781345
19996 0.542993
19997 0.764967
19998 0.732716
19999 0.688656
20000 0.64316
20001 0.708027
20002 0.39165
20003 0.897693
20004 0.578237
20005 0.507071
20006 0.797295
20007 0.514058
20008 0.589611
20009 0.672714
20010 0.989382
20011 0.896214
20012 0.720264
20013 0.899632
20014 0.501564
20015 0.644833
20016 0.875762
20017 0.798457
20018 0.4775
20019 0.810673
20020 0.665116
20021 0.648487
20022 0.749787
20023 0.660577
20024 0.555393
20025 0.615052
20026 0.639878
20027 0.46366
20028 0.485961
20029 0.3664
20030 0.563517
20031 0.872221
20032 0.774803
20033 0.855949
20034 0.759707
20035 0.892227
20036 0.493597
20037 0.867888
20038 0.794621
20039 0.6151
20040 0.521707
20041 0.734055
20042 0.78739
20043 0.460492
20044 0.395022
20045 0.647548
20046 0.757438
20047 0.677609
20048 0.584679
20049 0.657055
20050 0.682741
20051 0.647171
20052 0.586686
20053 0.629605
20054 0.50089
20055 0.491748
20056 0.576934
20057 0.704582
20058 0.56011
20059 0.471343
20060 0.561437
20061 0.511149
20062 0.73224
20063 0.942317
20064 0.429544
20065 0.888722
20066 0.712402
20067 0.759651
20068 0.59136
20069 0.677708
20070 0.501607
20071 0.546401
20072 0.50582
20073 0.616562
20074 0.623289
20075 0.736623
20076 0.585896
20077 0.45163
20078 0.406795
20079 0.430665
20080 0.598454
20081 0.923662
20082 0.637022
20083 0.607169
20084 0.623407
20085 0.507296
20086 0.439305
20087 0.820865
20088 0.498132
20089 0.932034
20090 0.661368
20091 0.385878
20092 0.63761
20093 0.896686
20094 0.603231
20095 0.82736
20096 0.903062
20097 0.899658
20098 0.923608
20099 0.740019
20100 0.576182
20101 0.788588
20102 0.650912
20103 0.671202
20104 0.567985
20105 0.70039
20106 0.796514
20107 0.784057
20108 0.603265
20109 0.978881
20110 0.893233
20111 0.906781
20112 0.803798
20113 0.513469
20114 0.755192
20115 0.555907
20116 0.818428
20117 0.573813
20118 0.537608
20119 0.771949
20120 0.793295
20121 0.410834
20122 0.661665
20123 0.484507
20124 0.842045
20125 0.666645
20126 0.726864
20127 0.645803
20128 0.450944
20129 0.491386
20130 0.570771
20131 0.505086
20132 0.830321
20133 0.724645
20134 0.725658
20135 0.691025
20136 0.607318
20137 0.41538
20138 0.603002
20139 0.473655
20140 0.929235
20141 0.649018
20142 0.654689
20143 0.738385
20144 0.513214
20145 0.632113
20146 0.856291
20147 0.521878
20148 0.735656
20149 0.771061
20150 0.620818
20151 0.270166
20152 0.725241
20153 0.435241
20154 0.680148
20155 0.59754
20156 0.404762
20157 0.782659
20158 0.616753
20159 0.729696
20160 0.595582
20161 0.517448
20162 0.437921
20163 0.612078
20164 0.564956
20165 0.415798
20166 0.644512
20167 0.733326
20168 0.293466
20169 0.429717
20170 0.661922
20171 0.482065
20172 0.713914
20173 0.911409
20174 0.913268
20175 0.66325
20176 0.540639
20177 0.994301
20178 0.88109
20179 0.592957
20180 0.581007
20181 0.901151
20182 0.462103
20183 0.55398
20184 0.866131
20185 0.471156
20186 0.657998
20187 0.668249
20188 0.544979
20189 0.833981
20190 0.500824
20191 0.531333
20192 0.909695
20193 0.674479
20194 0.747637
20195 0.577565
20196 0.637597
20197 0.562123
20198 0.377819
20199 0.602322
20200 0.598535
20201 0.854032
20202 0.583716
20203 0.766814
20204 0.682063
20205 0.491124
20206 0.620575
20207 0.825166
20208 0.575208
20209 0.675782
20210 0.945097
20211 0.714371
20212 0.62473
20213 0.532161
20214 0.499508
20215 0.733542
20216 0.535122
20217 0.528717
20218 0.729095
20219 0.866782
20220 0.577087
20221 0.911722
20222 0.699782
20223 0.643848
20224 0.526888
20225 0.655469
20226 0.464871
20227 0.483713
20228 0.536835
20229 0.625795
20230 0.894819
20231 0.505971
20232 0.645555
20233 0.522025
20234 0.565096
20235 0.789874
20236 0.75595
20237 0.526273
20238 0.390023
20239 0.431323
20240 0.459343
20241 0.422025
20242 0.500335
20243 0.633975
20244 0.520741
20245 0.701532
20246 0.691235
20247 0.625188
20248 0.540894
20249 0.713391
20250 0.645199
20251 0.572337
20252 0.612979
20253 0.746007
20254 0.774298
20255 0.73686
20256 0.512038
20257 0.717349
20258 0.661027
20259 0.548234
20260 0.778122
20261 0.543899
20262 0.619463
20263 0.842723
20264 0.508842
20265 0.647481
20266 0.755345
20267 0.82385
20268 0.78891
20269 0.786258
20270 0.770717
20271 0.823494
20272 0.641128
20273 0.514435
20274 0.670122
20275 0.324601
20276 0.819117
20277 0.546718
20278 0.366732
20279 0.45559
20280 0.743526
20281 0.722622
20282 0.629644
20283 0.874822
20284 0.532659
20285 0.541302
20286 0.776587
20287 0.850246
20288 0.493233
20289 0.744787
20290 0.577648
20291 0.647209
20292 0.516751
20293 0.834664
20294 0.699235
20295 0.831004
20296 0.235176
20297 0.739128
20298 0.282982
20299 0.588682
20300 0.474151
20301 0.744117
20302 0.658209
20303 0.829697
20304 0.720314
20305 0.731682
20306 0.601269
20307 0.67685
20308 0.589036
20309 0.934178
20310 0.472874
20311 0.507811
20312 0.507535
20313 0.640643
20314 0.649031
20315 0.413265
20316 0.690346
20317 0.783946
20318 0.550346
20319 0.422365
20320 0.579204
20321 0.673679
20322 0.573119
20323 0.832317
20324 0.777364
20325 0.522476
20326 0.619103
20327 0.691808
20328 0.934405
20329 0.553232
20330 0.544379
20331 0.721334
20332 0.544939
20333 0.52873
20334 0.591028
20335 0.765801
20336 0.786407
20337 0.752338
20338 0.488566
20339 0.845653
20340 0.770447
20341 0.512769
20342 0.726214
20343 0.909468
20344 0.695831
20345 0.760149
20346 0.550855
20347 0.239882
20348 0.455052
20349 0.48045
20350 0.750742
20351 0.444734
20352 0.389493
20353 0.404014
20354 0.620767
20355 0.47822
20356 0.750485
20357 0.9526
20358 0.70616
20359 0.470857
20360 0.996533
20361 0.638326
20362 0.703319
20363 0.654
20364 0.665869
20365 0.504344
20366 0.659856
20367 0.564572
20368 0.518566
20369 0.737754
20370 0.476372
20371 0.974008
20372 0.706983
20373 0.539127
20374 0.391218
20375 0.554083
20376 0.385856
20377 0.592837
20378 0.460589
20379 0.604775
20380 0.644976
20381 0.693982
20382 0.863497
20383 0.471515
20384 0.590057
20385 0.44389
20386 0.534152
20387 0.368364
20388 0.704454
20389 0.772447
20390 0.597233
20391 0.818915
20392 0.738138
20393 0.555699
20394 0.734144
20395 0.61392
20396 0.501993
20397 0.671621
20398 0.804275
20399 0.731696
20400 0.624981
20401 0.656233
20402 0.904762
20403 0.695283
20404 0.719659
20405 0.482505
20406 0.805956
20407 0.586742
20408 0.820901
20409 0.736719
20410 0.836327
20411 0.749497
20412 0.542202
20413 0.90846
20414 0.787964
20415 0.556567
20416 0.613372
20417 0.861438
20418 0.702162
20419 0.682425
20420 0.591613
20421 0.647036
20422 0.640201
20423 0.633682
20424 0.569387
20425 0.587553
20426 0.417018
20427 0.625842
20428 0.670135
20429 0.596384
20430 0.638451
20431 0.688488
20432 0.518814
20433 0.563955
20434 0.656864
20435 0.522213
20436 0.697653
20437 0.769723
20438 0.671945
20439 0.510814
20440 0.335249
20441 0.688342
20442 0.656275
20443 0.690481
20444 0.505958
20445 0.642007
20446 0.658612
20447 0.486117
20448 0.442161
20449 0.540888
20450 0.766167
20451 0.910067
20452 0.567175
20453 0.537704
20454 0.419165
20455 0.596585
20456 0.506772
20457 0.757888
20458 0.48615
20459 0.533024
20460 0.685577
20461 0.663074
20462 0.755061
20463 0.777016
20464 0.613861
20465 0.935786
20466 0.527618
20467 0.873576
20468 0.449433
20469 0.490851
20470 0.53976
20471 0.481906
20472 0.630603
20473 0.908102
20474 0.540795
20475 0.711776
20476 0.575182
20477 0.808839
20478 0.760033
20479 0.635518
20480 0.737702
20481 0.511265
20482 0.832677
20483 0.647699
20484 0.435055
20485 0.631911
20486 0.80761
20487 0.601152
20488 0.718456
20489 0.675493
20490 0.553857
20491 0.580045
20492 0.851505
20493 0.676357
20494 0.624982
20495 0.66612
20496 0.723562
20497 0.714371
20498 0.599486
20499 0.690844
20500 0.524964
20501 0.704309
20502 0.507902
20503 0.519614
20504 0.724241
20505 0.515226
20506 0.626545
20507 0.636241
20508 0.924869
20509 0.703471
20510 0.709925
20511 0.465463
20512 0.554392
20513 0.677806
20514 0.514226
20515 0.69058
20516 0.561634
20517 0.893976
20518 0.616584
20519 0.610224
20520 0.463095
20521 0.597475
20522 0.594873
20523 0.610402
20524 0.567881
20525 0.587757
20526 0.585095
20527 0.605051
20528 0.675514
20529 0.567764
20530 0.632471
20531 0.834115
20532 0.601851
20533 0.549334
20534 0.55439
20535 0.598813
20536 0.563375
20537 0.638648
20538 0.609256
20539 0.803493
20540 0.919858
20541 0.688953
20542 0.385733
20543 0.347774
20544 0.549949
20545 0.561613
20546 0.628599
20547 0.829054
20548 0.704599
20549 0.644625
20550 0.607307
20551 0.579572
20552 0.625068
20553 0.701407
20554 0.964037
20555 0.856452
20556 0.394546
20557 0.568543
20558 0.597589
20559 0.710226
20560 0.907423
20561 0.550198
20562 0.77285
20563 0.609051
20564 0.530784
20565 0.60322
20566 0.691792
20567 0.616965
20568 0.690567
20569 0.488394
20570 0.691516
20571 0.778894
20572 0.566971
20573 0.759518
20574 0.859733
20575 0.769063
20576 0.680024
20577 0.571731
20578 0.569893
20579 0.658751
20580 0.482796
20581 0.650109
20582 0.89382
20583 0.553552
20584 0.607717
20585 0.653135
20586 0.759807
20587 0.5847
20588 0.572431
20589 0.368952
20590 0.503236
20591 0.684722
20592 0.463363
20593 0.473141
20594 0.460577
20595 0.828911
20596 0.560569
20597 0.577678
20598 0.541302
20599 0.720135
20600 0.490927
20601 0.647856
20602 0.627375
20603 0.49255
20604 0.503055
20605 0.408117
20606 0.386965
20607 0.35283
20608 0.566791
20609 0.659661
20610 0.707591
20611 0.512471
20612 0.564062
20613 0.858851
20614 0.522455
20615 0.873283
20616 0.513998
20617 0.54228
20618 0.752873
20619 0.441398
20620 0.509159
20621 0.433974
20622 0.608176
20623 0.480951
20624 0.517844
20625 0.901125
20626 0.624013
20627 0.574951
20628 0.400232
20629 0.636192
20630 0.674422
20631 0.605107
20632 0.701838
20633 0.60554
20634 0.562955
20635 0.600783
20636 0.694691
20637 0.76902
20638 0.566539
20639 0.731545
20640 0.57356
20641 0.577188
20642 0.488479
20643 0.880391
20644 0.688846
20645 0.467191
20646 0.749344
20647 0.722188
20648 0.954974
20649 0.948586
20650 0.615407
20651 0.585391
20652 0.824475
20653 0.583805
20654 0.529562
20655 0.552433
20656 0.661107
20657 0.586075
20658 0.557577
20659 0.596032
20660 0.386896
20661 0.72455
20662 0.76683
20663 0.776176
20664 0.84446
20665 0.612815
20666 0.838709
20667 0.622181
20668 0.499269
20669 0.675529
20670 0.560032
20671 0.611149
20672 0.650834
20673 0.715552
20674 0.782736
20675 0.623126
20676 0.789529
20677 0.568755
20678 0.584262
20679 0.67667
20680 0.336643
20681 0.758464
20682 0.346924
20683 0.548642
20684 0.627939
20685 0.634722
20686 0.531807
20687 0.904295
20688 0.582137
20689 0.494254
20690 0.576254
20691 0.923147
20692 0.592608
20693 0.760393
20694 0.584933
20695 0.701025
20696 0.743089
20697 0.606286
20698 0.849405
20699 0.710646
20700 0.856514
20701 0.564218
20702 0.767548
20703 0.513727
20704 0.743211
20705 0.646023
20706 0.603385
20707 0.596846
20708 0.77368
20709 0.609609
20710 0.576809
20711 0.899417
20712 0.470843
20713 0.654121
20714 0.58746
20715 0.696585
20716 0.859828
20717 0.62938
20718 0.637252
20719 0.670726
20720 0.597703
20721 0.824632
20722 0.699044
20723 0.669214
20724 0.516813
20725 0.65775
20726 0.537523
20727 0.907084
20728 0.771185
20729 0.526452
20730 0.762558
20731 0.482376
20732 0.600369
20733 0.614183
20734 0.813827
20735 0.831758
20736 0.582465
20737 0.827958
20738 0.688183
20739 0.658247
20740 0.625896
20741 0.706067
20742 0.976326
20743 0.550789
20744 0.530913
20745 0.533807
20746 0.667498
20747 0.494284
20748 0.923641
20749 0.779169
20750 0.621005
20751 0.841689
20752 0.935062
20753 0.64827
20754 0.665777
20755 0.64316
20756 0.60466
20757 0.85171
20758 0.731437
20759 0.679168
20760 0.761374
20761 0.642505
20762 0.59359
20763 0.719146
20764 0.723483
20765 0.53311
20766 0.481887
20767 0.654138
20768 0.596791
20769 0.788366
20770 0.727595
20771 0.844459
20772 0.952125
20773 0.732491
20774 0.589655
20775 0.600277
20776 0.589495
20777 0.492665
20778 0.475547
20779 0.595693
20780 0.625576
20781 0.357354
20782 0.744846
20783 0.64992
20784 0.4111
20785 0.453997
20786 0.868916
20787 0.811503
20788 0.405043
20789 0.729143
20790 0.753685
20791 0.477304
20792 0.750677
20793 0.66708
20794 0.850252
20795 0.866782
20796 0.749077
20797 0.848699
20798 0.552041
20799 0.740227
20800 0.597146
20801 0.286476
20802 0.620299
20803 0.764691
20804 0.69493
20805 0.511012
20806 0.69024
20807 0.588288
20808 0.675702
20809 0.689452
20810 0.541731
20811 0.847866
20812 0.708518
20813 0.722234
20814 0.633437
20815 0.644844
20816 0.790093
20817 0.681342
20818 0.885806
20819 0.911722
20820 0.665567
20821 0.491344
20822 0.538832
20823 0.748298
20824 0.617547
20825 0.502295
20826 0.74892
20827 0.596985
20828 0.508919
20829 0.679676
20830 0.664883
20831 0.378153
20832 0.773715
20833 0.250733
20834 0.59661
20835 0.651445
20836 0.90176
20837 0.970657
20838 0.709481
20839 0.53174
20840 0.790919
20841 0.896257
20842 0.825012
20843 0.569774
20844 0.684336
20845 0.876023
20846 0.640179
20847 0.804334
20848 0.869172
20849 0.570416
20850 0.543092
20851 0.46432
20852 0.547282
20853 0.609649
20854 0.815229
20855 0.777146
20856 0.574806
20857 0.692019
20858 0.747169
20859 0.861227
20860 0.579935
20861 0.526967
20862 0.593835
20863 0.584126
20864 0.756173
20865 0.384146
20866 0.738666
20867 0.83433
20868 0.681077
20869 0.72299
20870 0.525225
20871 0.456103
20872 0.600056
20873 0.603695
20874 0.609487
20875 0.587148
20876 0.59794
20877 0.656315
20878 0.642396
20879 0.69704
20880 0.730424
20881 0.609959
20882 0.663944
20883 0.728419
20884 0.6106
20885 0.651005
20886 0.693373
20887 0.695737
20888 0.573495
20889 0.695367
20890 0.715922
20891 0.579063
20892 0.729135
20893 0.644618
20894 0.797193
20895 0.639645
20896 0.918845
20897 0.847777
20898 0.513753
20899 0.885349
20900 0.8097
20901 0.637529
20902 0.806551
20903 0.609726
20904 0.732735
20905 0.658288
20906 0.752715
20907 0.491572
20908 0.9652
20909 0.582078
20910 0.707126
20911 0.886695
20912 0.578066
20913 0.502812
20914 0.660253
20915 0.656001
20916 0.717828
20917 0.703961
20918 0.548283
20919 0.388493
20920 0.579656
20921 0.559482
20922 0.654315
20923 0.76742
20924 0.335037
20925 0.660475
20926 0.373951
20927 0.614014
20928 0.807344
20929 0.426386
20930 0.774984
20931 0.582948
20932 0.820219
20933 0.606936
20934 0.746209
20935 0.363157
20936 0.454685
20937 0.678539
20938 0.627867
20939 0.661255
20940 0.697612
20941 0.719177
20942 0.567546
20943 0.592339
20944 0.760121
20945 0.620876
20946 0.710642
20947 0.757098
20948 0.782836
20949 0.802988
20950 0.613365
20951 0.760006
20952 0.548673
20953 0.766346
20954 0.7413
20955 0.70392
20956 0.700313
20957 0.649305
20958 0.602209
20959 0.501234
20960 0.610259
20961 0.724501
20962 0.890601
20963 0.654369
20964 0.494009
20965 0.74267
20966 0.720104
20967 0.468427
20968 0.6289
20969 0.686771
20970 0.701843
20971 0.577043
20972 0.854851
20973 0.809525
20974 0.558029
20975 0.804719
20976 0.610915
20977 0.836455
20978 0.871113
20979 0.557639
20980 0.598044
20981 0.92422
20982 0.577884
20983 0.707518
20984 0.381707
20985 0.724406
20986 0.602687
20987 0.563548
20988 0.612573
20989 0.637489
20990 0.644333
20991 0.515336
20992 0.665828
20993 0.571468
20994 0.810707
20995 0.55947
20996 0.564366
20997 0.590118
20998 0.814986
20999 0.709213
21000 0.571234
21001 0.654686
21002 0.725886
21003 0.53859
21004 0.678381
21005 0.643248
21006 0.715576
21007 0.599148
21008 0.619902
21009 0.566505
21010 0.708604
21011 0.624935
21012 0.779654
21013 0.685974
21014 0.801528
21015 0.551501
21016 0.653582
21017 0.880391
21018 0.637949
21019 0.61
21020 0.784651
21021 0.571468
21022 0.731939
21023 0.765927
21024 0.8678
21025 0.988249
21026 0.61413
21027 0.631969
21028 0.611879
21029 0.782803
21030 0.504497
21031 0.703835
21032 0.542317
21033 0.760445
21034 0.601943
21035 0.682903
21036 0.604229
21037 0.526162
21038 0.80646
21039 0.552068
21040 0.630209
21041 0.799632
21042 0.963444
21043 0.57955
21044 0.686802
21045 0.619488
21046 0.565274
21047 0.692033
21048 0.599878
21049 0.315345
21050 0.503912
21051 0.627016
21052 0.610324
21053 0.710852
21054 0.42805
21055 0.28965
21056 0.581893
21057 0.465767
21058 0.586988
21059 0.581386
21060 0.876424
21061 0.677336
21062 0.621762
21063 0.627219
21064 0.511821
21065 0.553879
21066 0.68336
21067 0.656601
21068 0.550072
21069 0.611136
21070 0.548914
21071 0.714193
21072 0.468061
21073 0.52281
21074 0.537588
21075 0.813198
21076 0.429069
21077 0.651715
21078 0.640358
21079 0.818124
21080 0.501074
21081 0.60291
21082 0.449361
21083 0.542719
21084 0.688116
21085 0.522594
21086 0.675124
21087 0.706892
21088 0.63179
21089 0.646006
21090 0.80343
21091 0.585615
21092 0.726333
21093 0.878206
21094 0.788714
21095 0.622673
21096 0.601391
21097 0.773905
21098 0.610237
21099 0.745592
21100 0.596902
21101 0.660759
21102 0.542303
21103 0.658857
21104 0.623393
21105 0.608254
21106 0.603916
21107 0.503608
21108 0.611908
21109 0.567077
21110 0.834207
21111 0.544795
21112 0.705503
21113 0.489628
21114 0.619112
21115 0.59737
21116 0.814779
21117 0.511003
21118 0.454355
21119 0.503136
21120 0.584481
21121 0.805638
21122 0.797952
21123 0.941794
21124 0.606797
21125 0.7678
21126 0.756545
21127 0.387598
21128 0.494051
21129 0.785474
21130 0.341174
21131 0.618005
21132 0.44733
21133 0.739862
21134 0.614423
21135 0.439681
21136 0.632046
21137 0.57544
21138 0.794439
21139 0.769884
21140 0.527695
21141 0.56162
21142 0.675988
21143 0.571212
21144 0.802065
21145 0.568183
21146 0.618076
21147 0.656103
21148 0.605344
21149 0.93519
21150 0.742927
21151 0.750923
21152 0.643266
21153 0.58037
21154 0.444739
21155 0.528306
21156 0.565514
21157 0.545241
21158 0.744126
21159 0.624562
21160 0.828034
21161 0.756472
21162 0.672619
21163 0.66434
21164 0.876185
21165 0.736122
21166 0.726753
21167 0.751369
21168 0.652813
21169 0.7917
21170 0.816709
21171 0.441132
21172 0.778628
21173 0.472534
21174 0.889135
21175 0.673928
21176 0.560973
21177 0.66549
21178 0.665557
21179 0.509502
21180 0.595945
21181 0.822
21182 0.608751
21183 0.614008
21184 0.571166
21185 0.689809
21186 0.550596
21187 0.492032
21188 0.822841
21189 0.615938
21190 0.78396
21191 0.500077
21192 0.672153
21193 0.979052
21194 0.46728
21195 0.660059
21196 0.613976
21197 0.462283
21198 0.691668
21199 0.636595
21200 0.512685
21201 0.661782
21202 0.725351
21203 0.513937
21204 0.780039
21205 0.630072
21206 0.900247
21207 0.792152
21208 0.71315
21209 0.491104
21210 0.503274
21211 0.524534
21212 0.529933
21213 0.704332
21214 0.731356
21215 0.83311
21216 0.54778
21217 0.578005
21218 0.637
21219 0.735258
21220 0.915083
21221 0.317425
21222 0.888744
21223 0.614708
21224 0.582179
21225 0.746376
21226 0.582526
21227 0.66431
21228 0.603174
21229 0.658293
21230 0.595031
21231 0.467672
21232 0.751508
21233 0.71326
21234 0.789788
21235 0.553663
21236 0.699129
21237 0.887829
21238 0.739311
21239 0.524633
21240 0.706695
21241 0.569154
21242 0.518089
21243 0.351129
21244 0.798577
21245 0.604549
21246 0.709741
21247 0.801723
21248 0.839117
21249 0.836931
21250 0.620971
21251 0.633398
21252 0.57874
21253 0.504734
21254 0.769233
21255 0.466873
21256 0.594929
21257 0.669107
21258 0.517113
21259 0.364229
21260 0.617077
21261 0.511216
21262 0.697995
21263 0.682763
21264 0.657491
21265 0.650741
21266 0.326681
21267 0.569154
21268 0.617435
21269 0.421848
21270 0.784182
21271 0.722341
21272 0.385154
21273 0.446001
21274 0.508445
21275 0.81059
21276 0.846707
21277 0.409298
21278 0.508872
21279 0.619231
21280 0.583824
21281 0.645466
21282 0.361397
21283 0.613263
21284 0.795704
21285 0.936175
21286 0.754146
21287 0.74895
21288 0.560722
21289 0.64043
21290 0.883378
21291 0.81659
21292 0.657543
21293 0.882782
21294 0.50706
21295 0.80168
21296 0.612441
21297 0.673552
21298 0.701381
21299 0.663255
21300 0.73071
21301 0.570812
21302 0.569889
21303 0.439399
21304 0.775665
21305 0.790637
21306 0.613382
21307 0.559828
21308 0.699872
21309 0.631064
21310 0.47841
21311 0.59512
21312 0.60526
21313 0.63533
21314 0.82787
21315 0.619528
21316 0.958118
21317 0.685262
21318 0.725918
21319 0.653031
21320 0.570954
21321 0.675501
21322 0.615777
21323 0.44518
21324 0.566852
21325 0.902281
21326 0.645687
21327 0.512334
21328 0.419648
21329 0.596844
21330 0.834646
21331 0.56854
21332 0.569656
21333 0.850577
21334 0.65553
21335 0.561432
21336 0.684509
21337 0.689018
21338 0.930859
21339 0.826607
21340 0.655337
21341 0.899235
21342 0.732046
21343 0.735264
21344 0.757307
21345 0.608163
21346 0.738238
21347 0.54586
21348 0.794788
21349 0.835253
21350 0.741491
21351 0.552784
21352 0.841536
21353 0.920213
21354 0.649617
21355 0.617323
21356 0.394005
21357 0.731193
21358 0.644587
21359 0.86044
21360 0.476892
21361 0.442074
21362 0.412194
21363 0.591108
21364 0.71035
21365 0.732311
21366 0.531964
21367 0.736356
21368 0.614803
21369 0.582204
21370 0.634729
21371 0.811838
21372 0.760046
21373 0.617907
21374 0.688076
21375 0.545081
21376 0.701193
21377 0.452508
21378 0.525933
21379 0.633779
21380 0.741777
21381 0.28613
21382 0.727407
21383 0.753443
21384 0.824364
21385 0.847656
21386 0.551328
21387 0.645878
21388 0.60956
21389 0.539725
21390 0.609714
21391 0.516572
21392 0.773484
21393 0.872353
21394 0.58757
21395 0.731463
21396 0.915871
21397 0.428338
21398 0.54903
21399 0.517704
21400 0.338814
21401 0.714582
21402 0.553243
21403 0.738624
21404 0.651833
21405 0.506907
21406 0.862214
21407 0.594831
21408 0.602561
21409 0.566462
21410 0.67609
21411 0.526114
21412 0.649497
21413 0.559614
21414 0.719861
21415 0.667339
21416 0.489094
21417 0.427684
21418 0.499174
21419 0.510469
21420 0.721687
21421 0.926676
21422 0.640766
21423 0.502288
21424 0.5002
21425 0.68138
21426 0.552532
21427 0.572669
21428 0.73671
21429 0.554125
21430 0.556059
21431 0.607786
21432 0.60573
21433 0.58577
21434 0.723509
21435 0.55144
21436 0.72652
21437 0.520531
21438 0.815552
21439 0.573617
21440 0.695781
21441 0.529469
21442 0.673191
21443 0.522606
21444 0.573817
21445 0.917511
21446 0.799049
21447 0.591099
21448 0.64073
21449 0.73985
21450 0.524491
21451 0.746577
21452 0.583319
21453 0.611927
21454 0.747262
21455 0.703298
21456 0.604676
21457 0.563031
21458 0.676018
21459 0.713898
21460 0.611141
21461 0.747563
21462 0.691496
21463 0.739507
21464 0.768686
21465 0.498435
21466 0.776518
21467 0.972433
21468 0.341567
21469 0.575173
21470 0.942777
21471 0.852053
21472 0.447699
21473 0.641036
21474 0.881128
21475 0.593393
21476 0.698555
21477 0.892628
21478 0.707838
21479 0.927527
21480 0.593286
21481 0.615572
21482 0.902732
21483 0.783909
21484 0.751292
21485 0.903182
21486 0.72534
21487 0.593262
21488 0.901134
21489 0.787982
21490 0.661541
21491 0.616307
21492 0.722339
21493 0.641208
21494 0.942669
21495 0.539312
21496 0.0895711
21497 0.332959
21498 0.122031
21499 0.308674
21500 0.347752
21501 0.372672
21502 0.365694
21503 0.551443
21504 0.202489
21505 0.282817
21506 0.769123
21507 0.469232
21508 0.380837
21509 0.43914
21510 0.278223
21511 0.278232
21512 0.501759
21513 0.474829
21514 0.359782
21515 0.50227
21516 0.177488
21517 0.381787
21518 0.605916
21519 0.47553
21520 0.326862
21521 0.509009
21522 0.599384
21523 0.376878
21524 0.322481
21525 0.576104
21526 0.148265
21527 0.217719
21528 0.504935
21529 0.93124
21530 0.500026
21531 0.301202
21532 0.362918
21533 0.43266
21534 0.213339
21535 0.632304
21536 0.45486
21537 0.194894
21538 0.151348
21539 0.660906
21540 0.468333
21541 0.0926001
21542 0.299771
21543 0.198459
21544 0.604279
21545 0.450802
21546 0.562116
21547 0.86993
21548 0.133047
21549 0.456635
21550 0.6426
21551 0.498697
21552 0.378104
21553 0.567731
21554 0.565128
21555 0.45996
21556 0.433284
21557 0.371972
21558 0.766735
21559 0.652256
21560 0.538895
21561 0.401679
21562 0.711021
21563 0.822266
21564 0.718001
21565 0.475651
21566 0.459506
21567 0.379521
21568 0.832827
21569 0.655053
21570 0.486153
21571 0.42122
21572 0.438718
21573 0.490408
21574 0.630613
21575 0.579969
21576 0.785764
21577 0.290228
21578 0.911849
21579 0.736112
21580 0.776046
21581 0.383301
21582 0.860196
21583 0.761836
21584 0.490356
21585 0.677034
21586 0.894249
21587 0.545686
21588 0.630612
21589 0.779418
21590 0.573673
21591 0.440493
21592 0.826898
21593 0.901522
21594 0.296266
21595 0.751731
21596 0.67051
21597 0.744991
21598 0.557863
21599 0.453102
21600 0.615223
21601 0.921281
21602 0.694555
21603 0.47295
21604 0.462124
21605 0.541247
21606 0.515237
21607 0.405562
21608 0.539983
21609 0.629674
21610 0.433305
21611 0.737257
21612 0.844719
21613 0.559102
21614 0.466457
21615 0.540592
21616 0.417237
21617 0.615112
21618 0.756731
21619 0.392815
21620 0.935096
21621 0.346829
21622 0.250469
21623 0.619316
21624 0.555789
21625 0.379418
21626 0.606838
21627 0.764119
21628 0.600179
21629 0.555815
21630 0.737738
21631 0.817372
21632 0.749483
21633 0.389572
21634 0.579084
21635 0.530023
21636 0.572023
21637 0.757417
21638 0.599213
21639 0.216995
21640 0.906797
21641 0.513153
21642 0.45732
21643 0.538425
21644 0.696588
21645 0.430405
21646 0.304613
21647 0.956802
21648 0.821461
21649 0.4641
21650 0.164586
21651 0.577868
21652 0.849508
21653 0.315248
21654 0.75573
21655 0.905826
21656 0.610409
21657 0.551944
21658 0.434331
21659 0.970817
21660 0.845567
21661 0.552369
21662 0.273638
21663 0.52069
21664 0.0868428
21665 0.530767
21666 0.581665
21667 0.667398
21668 0.598289
21669 0.456219
21670 0.440446
21671 0.523488
21672 0.863078
21673 0.552104
21674 0.610162
21675 0.265542
21676 0.633263
21677 0.263198
21678 0.538519
21679 0.659246
21680 0.438119
21681 0.478204
21682 0.488783
21683 0.570059
21684 0.287167
21685 0.284937
21686 0.661831
21687 0.453068
21688 0.390201
21689 0.278664
21690 0.481657
21691 0.402367
21692 0.541661
21693 0.434866
21694 0.753487
21695 0.586129
21696 0.711367
21697 0.621338
21698 0.803842
21699 0.720917
21700 0.878902
21701 0.259538
21702 0.311674
21703 0.321755
21704 0.244856
21705 0.227698
21706 0.590968
21707 0.451674
21708 0.885896
21709 0.138781
21710 0.179943
21711 0.633121
21712 0.401999
21713 0.507813
21714 0.247241
21715 0.23537
21716 0.35421
21717 0.326847
21718 0.254617
21719 0.669792
21720 0.209693
21721 0.520501
21722 0.462946
21723 0.805626
21724 0.176247
21725 0.24406
21726 0.192968
21727 0.344048
21728 0.209001
21729 0.24842
21730 0.81796
21731 0.812768
21732 0.569106
21733 0.224415
21734 0.473786
21735 0.608124
21736 0.482444
21737 0.508437
21738 0.728325
21739 0.79935
21740 0.367362
21741 0.823625
21742 0.429494
21743 0.258033
21744 0.94816
21745 0.553175
21746 0.704917
21747 0.790322
21748 0.665077
21749 0.965836
21750 0.654139
21751 0.826028
21752 0.623278
21753 0.367945
21754 0.668723
21755 0.844234
21756 0.403811
21757 0.23122
21758 0.847375
21759 0.516239
21760 0.546241
21761 0.631804
21762 0.350215
21763 0.767798
21764 0.79143
21765 0.862182
21766 0.615024
21767 0.675476
21768 0.876364
21769 0.653797
21770 0.41309
21771 0.770287
21772 0.811554
21773 0.625567
21774 0.86869
21775 0.777005
21776 0.425998
21777 0.69771
21778 0.769989
21779 0.637039
21780 0.424626
21781 0.151533
21782 0.0909343
21783 0.650543
21784 0.855349
21785 0.418179
21786 0.823328
21787 0.593245
21788 0.397835
21789 0.620791
21790 0.600056
21791 0.584473
21792 0.691844
21793 0.75942
21794 0.611486
21795 0.835117
21796 0.62374
21797 0.63521
21798 0.835298
21799 0.688842
21800 0.381958
21801 0.623067
21802 0.681095
21803 0.724766
21804 0.801252
21805 0.573607
21806 0.540767
21807 0.546815
21808 0.358488
21809 0.249308
21810 0.28961
21811 0.827959
21812 0.564515
21813 0.603095
21814 0.714593
21815 0.800848
21816 0.580453
21817 0.667151
21818 0.858449
21819 0.612355
21820 0.62382
21821 0.793836
21822 0.838893
21823 0.74244
21824 0.640214
21825 0.871987
21826 0.646153
21827 0.673732
21828 0.746328
21829 0.60351
21830 0.839118
21831 0.806953
21832 0.435678
21833 0.530793
21834 0.326794
21835 0.326198
21836 0.746522
21837 0.212128
21838 0.508813
21839 0.636429
21840 0.507469
21841 0.511423
21842 0.904051
21843 0.662801
21844 0.686499
21845 0.672444
21846 0.67132
21847 0.670903
21848 0.918764
21849 0.770107
21850 0.344167
21851 0.764661
21852 0.627091
21853 0.788474
21854 0.629403
21855 0.646696
21856 0.488013
21857 0.722562
21858 0.970915
21859 0.576612
21860 0.536676
21861 0.808176
21862 0.652537
21863 0.637651
21864 0.558737
21865 0.721786
21866 0.60215
21867 0.756254
21868 0.953125
21869 0.339802
21870 0.596792
21871 0.623153
21872 0.780062
21873 0.776377
21874 0.805821
21875 0.79718
21876 0.78725
21877 0.379125
21878 0.601856
21879 0.650563
21880 0.483658
21881 0.522519
21882 0.556212
21883 0.725392
21884 0.853505
21885 0.773705
21886 0.756309
21887 0.617703
21888 0.71519
21889 0.580628
21890 0.713702
21891 0.467081
21892 0.578421
21893 0.625073
21894 0.533098
21895 0.597003
21896 0.896236
21897 0.60386
21898 0.505423
21899 0.517494
21900 0.343792
21901 0.36074
21902 0.718327
21903 0.407271
21904 0.714775
21905 0.434822
21906 0.669155
21907 0.661698
21908 0.722027
21909 0.561407
21910 0.901931
21911 0.430837
21912 0.354704
21913 0.479227
21914 0.784331
21915 0.775381
21916 0.843408
21917 0.531405
21918 0.613208
21919 0.65623
21920 0.611544
21921 0.600334
21922 0.839226
21923 0.548397
21924 0.791618
21925 0.878407
21926 0.583054
21927 0.851371
21928 0.6349
21929 0.768434
21930 0.5347
21931 0.673521
21932 0.524783
21933 0.502308
21934 0.353135
21935 0.571931
21936 0.582268
21937 0.8809
21938 0.462636
21939 0.61016
21940 0.308972
21941 0.501021
21942 0.776455
21943 0.543047
21944 0.313359
21945 0.6428
21946 0.485444
21947 0.773532
21948 0.253368
21949 0.918166
21950 0.834303
21951 0.672042
21952 0.753157
21953 0.419516
21954 0.473228
21955 0.858426
21956 0.578281
21957 0.566209
21958 0.278406
21959 0.61056
21960 0.645155
21961 0.617279
21962 0.572584
21963 0.376144
21964 0.746341
21965 0.554365
21966 0.536721
21967 0.943937
21968 0.592444
21969 0.872075
21970 0.530501
21971 0.432776
21972 0.732755
21973 0.568406
21974 0.735769
21975 0.7583
21976 0.545994
21977 0.238302
21978 0.391354
21979 0.620011
21980 0.910479
21981 0.698018
21982 0.77829
21983 0.645321
21984 0.478329
21985 0.522968
21986 0.579857
21987 0.55524
21988 0.54357
21989 0.609633
21990 0.624735
21991 0.847085
21992 0.590377
21993 0.439502
21994 0.642206
21995 0.673926
21996 0.669844
21997 0.683094
21998 0.684437
21999 0.447716
22000 0.472879
22001 0.801387
22002 0.450311
22003 0.798011
22004 0.607673
22005 0.656802
22006 0.425916
22007 0.598872
22008 0.413592
22009 0.953032
22010 0.569638
22011 0.478716
22012 0.488258
22013 0.606537
22014 0.540518
22015 0.605677
22016 0.56749
22017 0.541164
22018 0.566653
22019 0.401082
22020 0.778203
22021 0.621128
22022 0.484887
22023 0.79183
22024 0.803112
22025 0.696075
22026 0.565467
22027 0.641704
22028 0.634689
22029 0.511908
22030 0.880777
22031 0.701354
22032 0.472512
22033 0.738838
22034 0.672104
22035 0.520189
22036 0.625459
22037 0.674033
22038 0.439162
22039 0.726434
22040 0.510074
22041 0.902624
22042 0.436886
22043 0.616434
22044 0.487697
22045 0.501784
22046 0.521098
22047 0.485324
22048 0.633336
22049 0.788178
22050 0.575619
22051 0.718607
22052 0.568207
22053 0.416139
22054 0.816312
22055 0.615009
22056 0.641307
22057 0.757413
22058 0.348076
22059 0.517471
22060 0.904142
22061 0.622666
22062 0.74918
22063 0.901145
22064 0.285151
22065 0.475959
22066 0.630688
22067 0.567127
22068 0.58518
22069 0.846977
22070 0.665286
22071 0.841731
22072 0.546959
22073 0.556197
22074 0.687392
22075 0.613042
22076 0.569159
22077 0.895659
22078 0.743072
22079 0.337446
22080 0.351155
22081 0.680461
22082 0.727838
22083 0.860541
22084 0.429094
22085 0.590587
22086 0.565814
22087 0.838177
22088 0.578391
22089 0.577272
22090 0.859912
22091 0.866
22092 0.621822
22093 0.650131
22094 0.623276
22095 0.534012
22096 0.702047
22097 0.571758
22098 0.431484
22099 0.625798
22100 0.610918
22101 0.639669
22102 0.84921
22103 0.887323
22104 0.502027
22105 0.840805
22106 0.955516
22107 0.236906
22108 0.46195
22109 0.59363
22110 0.345249
22111 0.625583
22112 0.560409
22113 0.874413
22114 0.723517
22115 0.62478
22116 0.679418
22117 0.833868
22118 0.455885
22119 0.724134
22120 0.508813
22121 0.643659
22122 0.412215
22123 0.390174
22124 0.530594
22125 0.539553
22126 0.635568
22127 0.828094
22128 0.585973
22129 0.708718
22130 0.484248
22131 0.690068
22132 0.766077
22133 0.719978
22134 0.713861
22135 0.653575
22136 0.613501
22137 0.334782
22138 0.592278
22139 0.580171
22140 0.881496
22141 0.324414
22142 0.524029
22143 0.219203
22144 0.633732
22145 0.611028
22146 0.81927
22147 0.759269
22148 0.751552
22149 0.940113
22150 0.527115
22151 0.448381
22152 0.182308
22153 0.623782
22154 0.615377
22155 0.66334
22156 0.855712
22157 0.83401
22158 0.343758
22159 0.857434
22160 0.198524
22161 0.593245
22162 0.675574
22163 0.509519
22164 0.241516
22165 0.530907
22166 0.554242
22167 0.750719
22168 0.57326
22169 0.596362
22170 0.485952
22171 0.512748
22172 0.334901
22173 0.627039
22174 0.633117
22175 0.469752
22176 0.7049
22177 0.796688
22178 0.758832
22179 0.832089
22180 0.61056
22181 0.478958
22182 0.704154
22183 0.700309
22184 0.713079
22185 0.291291
22186 0.671803
22187 0.372449
22188 0.720298
22189 0.720004
22190 0.708347
22191 0.507327
22192 0.521885
22193 0.46377
22194 0.616848
22195 0.844075
22196 0.839617
22197 0.437596
22198 0.705598
22199 0.775116
22200 0.228114
22201 0.548242
22202 0.796514
22203 0.782251
22204 0.610793
22205 0.70588
22206 0.41969
22207 0.478798
22208 0.74076
22209 0.502606
22210 0.400095
22211 0.571376
22212 0.652613
22213 0.544756
22214 0.509316
22215 0.765008
22216 0.836726
22217 0.505337
22218 0.893956
22219 0.524255
22220 0.528362
22221 0.669184
22222 0.853974
22223 0.667633
22224 0.799301
22225 0.68911
22226 0.678718
22227 0.444256
22228 0.577442
22229 0.256404
22230 0.775907
22231 0.277786
22232 0.727682
22233 0.587759
22234 0.331448
22235 0.712197
22236 0.615253
22237 0.673406
22238 0.573971
22239 0.557159
22240 0.778754
22241 0.496936
22242 0.770256
22243 0.773979
22244 0.509601
22245 0.548894
22246 0.668273
22247 0.854489
22248 0.735398
22249 0.551352
22250 0.705333
22251 0.208021
22252 0.609782
22253 0.873033
22254 0.403477
22255 0.486655
22256 0.506175
22257 0.515957
22258 0.775211
22259 0.559766
22260 0.713445
22261 0.835916
22262 0.601317
22263 0.666141
22264 0.549215
22265 0.761598
22266 0.807264
22267 0.735136
22268 0.725599
22269 0.701805
22270 0.419603
22271 0.828269
22272 0.444034
22273 0.394167
22274 0.686836
22275 0.650449
22276 0.594024
22277 0.715882
22278 0.238799
22279 0.597769
22280 0.583554
22281 0.590087
22282 0.557951
22283 0.731311
22284 0.390322
22285 0.605062
22286 0.477492
22287 0.695277
22288 0.530008
22289 0.520482
22290 0.632268
22291 0.589378
22292 0.656972
22293 0.490136
22294 0.594922
22295 0.386568
22296 0.725604
22297 0.64107
22298 0.517085
22299 0.82914
22300 0.45252
22301 0.778233
22302 0.657496
22303 0.658993
22304 0.646789
22305 0.520824
22306 0.699354
22307 0.286544
22308 0.247659
22309 0.115313
22310 0.604933
22311 0.699521
22312 0.241348
22313 0.156195
22314 0.451284
22315 0.213401
22316 0.60754
22317 0.244211
22318 0.539947
22319 0.742538
22320 0.607914
22321 0.285723
22322 0.719744
22323 0.231398
22324 0.141115
22325 0.651288
22326 0.439421
22327 0.665168
22328 0.529382
22329 0.408922
22330 0.383244
22331 0.692546
22332 0.239443
22333 0.569666
22334 0.419881
22335 0.628106
22336 0.622487
22337 0.912555
22338 0.720585
22339 0.648949
22340 0.671136
22341 0.599812
22342 0.61756
22343 0.700342
22344 0.793834
22345 0.773669
22346 0.483923
22347 0.476877
22348 0.581369
22349 0.228321
22350 0.811313
22351 0.685034
22352 0.644185
22353 0.835913
22354 0.602585
22355 0.743818
22356 0.250296
22357 0.681029
22358 0.555522
22359 0.590966
22360 0.271259
22361 0.614033
22362 0.81789
22363 0.3734
22364 0.598325
22365 0.697435
22366 0.875979
22367 0.342237
22368 0.559502
22369 0.810145
22370 0.628304
22371 0.613375
22372 0.896637
22373 0.702605
22374 0.604918
22375 0.643845
22376 0.599792
22377 0.704644
22378 0.495266
22379 0.106426
22380 0.739439
22381 0.497704
22382 0.557967
22383 0.582994
22384 0.791734
22385 0.639358
22386 0.566143
22387 0.546504
22388 0.843075
22389 0.604705
22390 0.902033
22391 0.630217
22392 0.413454
22393 0.852305
22394 0.666863
22395 0.702678
22396 0.155061
22397 0.858371
22398 0.778737
22399 0.828811
22400 0.1574
22401 0.345808
22402 0.514269
22403 0.605674
22404 0.767578
22405 0.564828
22406 0.835786
22407 0.447257
22408 0.634295
22409 0.568715
22410 0.346189
22411 0.436151
22412 0.491378
22413 0.942448
22414 0.164512
22415 0.783746
22416 0.578431
22417 0.693149
22418 0.750927
22419 0.610929
22420 0.736931
22421 0.663571
22422 0.826775
22423 0.48768
22424 0.872239
22425 0.651194
22426 0.808813
22427 0.61122
22428 0.507311
22429 0.631184
22430 0.876171
22431 0.293206
22432 0.53839
22433 0.369283
22434 0.232001
22435 0.735751
22436 0.741266
22437 0.792691
22438 0.97127
22439 0.623617
22440 0.559542
22441 0.802663
22442 0.550045
22443 0.698372
22444 0.636642
22445 0.937972
22446 0.502199
22447 0.646822
22448 0.559529
22449 0.641503
22450 0.679539
22451 0.682597
22452 0.582048
22453 0.531469
22454 0.596572
22455 0.645511
22456 0.584027
22457 0.75588
22458 0.722613
22459 0.885767
22460 0.878186
22461 0.415477
22462 0.636226
22463 0.584613
22464 0.601961
22465 0.646536
22466 0.578452
22467 0.680319
22468 0.875109
22469 0.801907
22470 0.667124
22471 0.560591
22472 0.845309
22473 0.430798
22474 0.561363
22475 0.875404
22476 0.628871
22477 0.66106
22478 0.487375
22479 0.770993
22480 0.615109
22481 0.73716
22482 0.613011
22483 0.691749
22484 0.835426
22485 0.509376
22486 0.634767
22487 0.715423
22488 0.74121
22489 0.757682
22490 0.427202
22491 0.695755
22492 0.649261
22493 0.610509
22494 0.662943
22495 0.632764
22496 0.941107
22497 0.904164
22498 0.703953
22499 0.750123
22500 0.529541
22501 0.451248
22502 0.723749
22503 0.675989
22504 0.398684
22505 0.706641
22506 0.788789
22507 0.421648
22508 0.656078
22509 0.770911
22510 0.493601
22511 0.810131
22512 0.762552
22513 0.707874
22514 0.507387
22515 0.748078
22516 0.650789
22517 0.489257
22518 0.706302
22519 0.587025
22520 0.529839
22521 0.834059
22522 0.677096
22523 0.806351
22524 0.731469
22525 0.578746
22526 0.859755
22527 0.68284
22528 0.82533
22529 0.559393
22530 0.332961
22531 0.886371
22532 0.739813
22533 0.761744
22534 0.587899
22535 0.636254
22536 0.689472
22537 0.769979
22538 0.62769
22539 0.57928
22540 0.547577
22541 0.747648
22542 0.666415
22543 0.660154
22544 0.699402
22545 0.34835
22546 0.733265
22547 0.685342
22548 0.776969
22549 0.54305
22550 0.629025
22551 0.297274
22552 0.768409
22553 0.436343
22554 0.858413
22555 0.620204
22556 0.530914
22557 0.796778
22558 0.672715
22559 0.589199
22560 0.748815
22561 0.658211
22562 0.571718
22563 0.678573
22564 0.643175
22565 0.665505
22566 0.709618
22567 0.713259
22568 0.568021
22569 0.817108
22570 0.604903
22571 0.813823
22572 0.803024
22573 0.652587
22574 0.493598
22575 0.421481
22576 0.728041
22577 0.658426
22578 0.671385
22579 0.334567
22580 0.527826
22581 0.363971
22582 0.473674
22583 0.761553
22584 0.556762
22585 0.593985
22586 0.523638
22587 0.558769
22588 0.594882
22589 0.74566
22590 0.627018
22591 0.83918
22592 0.904222
22593 0.78409
22594 0.68592
22595 0.561334
22596 0.581767
22597 0.669668
22598 0.75031
22599 0.420543
22600 0.544427
22601 0.54137
22602 0.611874
22603 0.610595
22604 0.529105
22605 0.542771
22606 0.700067
22607 0.809391
22608 0.604072
22609 0.654165
22610 0.593141
22611 0.751323
22612 0.577491
22613 0.719943
22614 0.645961
22615 0.5427
22616 0.918746
22617 0.491556
22618 0.600401
22619 0.517006
22620 0.466876
22621 0.590091
22622 0.687704
22623 0.769336
22624 0.976752
22625 0.641273
22626 0.862932
22627 0.636172
22628 0.59507
22629 0.536681
22630 0.635012
22631 0.549278
22632 0.76103
22633 0.704366
22634 0.649532
22635 0.674093
22636 0.587048
22637 0.667423
22638 0.613704
22639 0.767637
22640 0.60122
22641 0.872606
22642 0.615128
22643 0.831493
22644 0.556586
22645 0.442154
22646 0.526713
22647 0.515706
22648 0.585524
22649 0.617867
22650 0.730888
22651 0.799198
22652 0.571188
22653 0.62537
22654 0.761752
22655 0.528826
22656 0.661602
22657 0.486577
22658 0.426509
22659 0.352519
22660 0.457988
22661 0.646862
22662 0.616855
22663 0.58736
22664 0.697405
22665 0.521857
22666 0.586664
22667 0.558209
22668 0.568866
22669 0.668761
22670 0.71737
22671 0.67855
22672 0.475138
22673 0.624154
22674 0.736115
22675 0.96969
22676 0.740846
22677 0.644431
22678 0.556798
22679 0.81835
22680 0.845318
22681 0.605745
22682 0.715067
22683 0.600063
22684 0.649558
22685 0.78221
22686 0.659766
22687 0.723321
22688 0.646554
22689 0.622404
22690 0.607159
22691 0.65507
22692 0.531446
22693 0.595353
22694 0.800266
22695 0.553446
22696 0.626466
22697 0.702073
22698 0.572487
22699 0.795903
22700 0.524593
22701 0.669746
22702 0.662417
22703 0.244617
22704 0.777915
22705 0.846611
22706 0.715291
22707 0.711696
22708 0.622166
22709 0.681691
22710 0.625758
22711 0.633132
22712 0.504577
22713 0.891454
22714 0.688617
22715 0.871661
22716 0.598536
22717 0.716429
22718 0.809119
22719 0.683317
22720 0.89149
22721 0.544521
22722 0.553479
22723 0.611079
22724 0.684556
22725 0.593002
22726 0.573571
22727 0.656528
22728 0.725945
22729 0.750728
22730 0.610366
22731 0.581257
22732 0.639719
22733 0.294028
22734 0.857443
22735 0.363103
22736 0.745679
22737 0.643145
22738 0.455156
22739 0.892568
22740 0.594353
22741 0.648461
22742 0.525481
22743 0.755476
22744 0.538368
22745 0.787973
22746 0.530443
22747 0.621153
22748 0.916807
22749 0.54308
22750 0.386937
22751 0.542741
22752 0.622175
22753 0.637465
22754 0.630781
22755 0.66762
22756 0.671622
22757 0.54261
22758 0.616882
22759 0.618763
22760 0.640013
22761 0.882405
22762 0.667021
22763 0.78942
22764 0.435459
22765 0.554084
22766 0.828992
22767 0.64383
22768 0.548544
22769 0.584783
22770 0.760868
22771 0.343326
22772 0.613394
22773 0.633093
22774 0.758283
22775 0.708745
22776 0.573637
22777 0.589878
22778 0.529169
22779 0.706065
22780 0.496629
22781 0.644831
22782 0.500405
22783 0.538983
22784 0.561104
22785 0.979052
22786 0.669501
22787 0.576586
22788 0.412488
22789 0.533419
22790 0.816851
22791 0.613655
22792 0.515715
22793 0.481737
22794 0.613028
22795 0.818944
22796 0.431159
22797 0.497144
22798 0.528244
22799 0.549732
22800 0.793214
22801 0.590717
22802 0.78369
22803 0.591641
22804 0.435705
22805 0.67841
22806 0.485823
22807 0.948296
22808 0.534069
22809 0.431549
22810 0.897953
22811 0.641536
22812 0.870961
22813 0.579058
22814 0.343594
22815 0.848285
22816 0.818847
22817 0.54135
22818 0.480067
22819 0.625497
22820 0.371674
22821 0.623092
22822 0.43463
22823 0.876247
22824 0.584309
22825 0.769176
22826 0.465387
22827 0.968737
22828 0.528574
22829 0.837909
22830 0.541566
22831 0.581185
22832 0.493878
22833 0.517546
22834 0.776451
22835 0.76927
22836 0.818387
22837 0.621483
22838 0.745079
22839 0.599129
22840 0.4091
22841 0.49161
22842 0.471599
22843 0.605355
22844 0.664946
22845 0.52004
22846 0.618317
22847 0.578515
22848 0.544262
22849 0.753853
22850 0.504792
22851 0.654485
22852 0.728971
22853 0.651932
22854 0.644169
22855 0.600492
22856 0.633672
22857 0.619412
22858 0.304649
22859 0.546553
22860 0.64246
22861 0.797586
22862 0.542608
22863 0.544127
22864 0.74076
22865 0.387929
22866 0.309026
22867 0.15011
22868 0.724071
22869 0.110992
22870 0.828903
22871 0.637278
22872 0.928134
22873 0.783596
22874 0.707274
22875 0.504335
22876 0.852052
22877 0.545987
22878 0.918257
22879 0.776236
22880 0.582332
22881 0.608878
22882 0.761679
22883 0.425267
22884 0.727044
22885 0.615169
22886 0.773401
22887 0.681975
22888 0.781632
22889 0.763486
22890 0.772432
22891 0.678359
22892 0.472695
22893 0.653289
22894 0.42162
22895 0.568801
22896 0.783939
22897 0.680805
22898 0.573704
22899 0.538719
22900 0.569041
22901 0.392192
22902 0.874091
22903 0.430715
22904 0.596582
22905 0.615993
22906 0.817675
22907 0.840117
22908 0.811751
22909 0.710483
22910 0.608247
22911 0.637095
22912 0.625678
22913 0.711286
22914 0.277778
22915 0.884042
22916 0.596664
22917 0.789338
22918 0.69846
22919 0.647338
22920 0.554523
22921 0.532876
22922 0.706835
22923 0.667155
22924 0.74455
22925 0.645562
22926 0.963477
22927 0.580565
22928 0.724702
22929 0.681221
22930 0.888818
22931 0.439954
22932 0.642852
22933 0.604775
22934 0.720964
22935 0.549234
22936 0.654211
22937 0.408898
22938 0.927496
22939 0.794233
22940 0.594587
22941 0.708789
22942 0.636414
22943 0.570747
22944 0.579656
22945 0.706532
22946 0.450054
22947 0.457836
22948 0.618365
22949 0.966757
22950 0.590582
22951 0.780396
22952 0.608293
22953 0.823573
22954 0.857957
22955 0.496578
22956 0.580538
22957 0.657407
22958 0.81328
22959 0.624662
22960 0.522507
22961 0.753789
22962 0.581974
22963 0.613144
22964 0.462718
22965 0.646168
22966 0.584928
22967 0.639427
22968 0.780575
22969 0.561323
22970 0.577353
22971 0.462631
22972 0.541017
22973 0.788271
22974 0.510605
22975 0.465875
22976 0.413553
22977 0.399317
22978 0.394724
22979 0.514161
22980 0.599009
22981 0.336006
22982 0.543062
22983 0.803518
22984 0.550356
22985 0.457425
22986 0.890957
22987 0.229374
22988 0.496005
22989 0.357308
22990 0.580973
22991 0.643732
22992 0.598912
22993 0.661076
22994 0.660089
22995 0.368647
22996 0.621333
22997 0.677806
22998 0.620688
22999 0.580758
23000 0.594856
23001 0.650208
23002 0.705756
23003 0.556113
23004 0.513276
23005 0.612886
23006 0.493323
23007 0.535164
23008 0.715629
23009 0.587306
23010 0.619367
23011 0.659081
23012 0.435648
23013 0.536384
23014 0.51589
23015 0.58874
23016 0.58615
23017 0.3967
23018 0.550098
23019 0.65325
23020 0.591871
23021 0.437463
23022 0.577255
23023 0.613894
23024 0.477676
23025 0.689382
23026 0.237464
23027 0.332564
23028 0.626738
23029 0.611432
23030 0.640138
23031 0.465761
23032 0.124691
23033 0.770574
23034 0.551079
23035 0.52639
23036 0.729457
23037 0.520025
23038 0.640283
23039 0.649333
23040 0.62681
23041 0.584856
23042 0.651392
23043 0.556581
23044 0.648305
23045 0.581302
23046 0.460868
23047 0.828786
23048 0.776564
23049 0.729096
23050 0.495793
23051 0.523042
23052 0.635877
23053 0.526029
23054 0.84898
23055 0.242962
23056 0.59508
23057 0.516116
23058 0.76061
23059 0.647149
23060 0.586229
23061 0.896703
23062 0.336638
23063 0.340639
23064 0.415425
23065 0.861934
23066 0.25949
23067 0.426366
23068 0.841301
23069 0.439064
23070 0.756882
23071 0.490527
23072 0.134001
23073 0.488098
23074 0.821122
23075 0.852595
23076 0.370442
23077 0.958688
23078 0.601032
23079 0.809557
23080 0.414172
23081 0.2002
23082 0.81501
23083 0.5963
23084 0.552379
23085 0.748991
23086 0.928301
23087 0.732515
23088 0.42375
23089 0.441891
23090 0.894221
23091 0.456456
23092 0.809175
23093 0.417584
23094 0.795469
23095 0.590846
23096 0.82268
23097 0.60165
23098 0.685824
23099 0.804091
23100 0.659456
23101 0.595785
23102 0.305179
23103 0.595874
23104 0.533561
23105 0.556808
23106 0.792723
23107 0.825862
23108 0.883662
23109 0.845427
23110 0.402436
23111 0.727037
23112 0.646622
23113 0.700127
23114 0.319273
23115 0.323701
23116 0.761863
23117 0.428323
23118 0.653244
23119 0.621734
23120 0.853086
23121 0.538469
23122 0.55936
23123 0.845164
23124 0.531362
23125 0.600525
23126 0.716015
23127 0.662451
23128 0.438127
23129 0.678243
23130 0.750027
23131 0.533624
23132 0.39529
23133 0.548534
23134 0.642636
23135 0.660486
23136 0.955915
23137 0.691294
23138 0.644348
23139 0.710441
23140 0.840342
23141 0.712989
23142 0.215957
23143 0.708665
23144 0.799394
23145 0.855266
23146 0.601324
23147 0.715959
23148 0.620071
23149 0.82295
23150 0.617644
23151 0.611716
23152 0.562047
23153 0.860008
23154 0.848419
23155 0.72786
23156 0.651177
23157 0.865079
23158 0.632203
23159 0.882253
23160 0.610207
23161 0.668007
23162 0.536148
23163 0.597446
23164 0.59311
23165 0.553449
23166 0.561164
23167 0.541507
23168 0.699785
23169 0.608641
23170 0.479783
23171 0.742286
23172 0.732922
23173 0.744675
23174 0.742721
23175 0.721482
23176 0.59775
23177 0.689163
23178 0.633619
23179 0.737597
23180 0.585723
23181 0.671964
23182 0.500398
23183 0.800793
23184 0.667111
23185 0.86416
23186 0.535071
23187 0.530388
23188 0.759422
23189 0.897843
23190 0.550283
23191 0.857325
23192 0.576918
23193 0.689149
23194 0.696081
23195 0.856888
23196 0.702798
23197 0.885589
23198 0.6424
23199 0.763465
23200 0.904551
23201 0.866284
23202 0.807327
23203 0.714772
23204 0.780573
23205 0.813637
23206 0.515359
23207 0.505513
23208 0.635538
23209 0.69859
23210 0.633557
23211 0.669627
23212 0.795508
23213 0.636381
23214 0.9208
23215 0.853058
23216 0.770772
23217 0.527886
23218 0.639609
23219 0.630319
23220 0.593734
23221 0.579791
23222 0.869549
23223 0.755103
23224 0.664796
23225 0.662621
23226 0.545938
23227 0.779726
23228 0.774381
23229 0.835048
23230 0.5561
23231 0.517625
23232 0.670305
23233 0.672966
23234 0.354545
23235 0.73128
23236 0.620863
23237 0.52527
23238 0.790166
23239 0.773893
23240 0.777385
23241 0.769914
23242 0.893842
23243 0.47297
23244 0.609777
23245 0.718686
23246 0.549949
23247 0.558915
23248 0.253149
23249 0.647947
23250 0.602504
23251 0.733179
23252 0.849258
23253 0.482009
23254 0.273049
23255 0.5252
23256 0.566123
23257 0.58988
23258 0.769476
23259 0.920855
23260 0.531175
23261 0.593468
23262 0.584229
23263 0.75492
23264 0.659042
23265 0.841005
23266 0.773258
23267 0.557823
23268 0.569472
23269 0.815416
23270 0.743749
23271 0.544023
23272 0.698125
23273 0.611466
23274 0.866771
23275 0.649079
23276 0.712117
23277 0.704409
23278 0.598566
23279 0.575454
23280 0.896623
23281 0.635388
23282 0.749471
23283 0.569126
23284 0.812578
23285 0.541131
23286 0.788489
23287 0.850164
23288 0.679201
23289 0.615208
23290 0.675226
23291 0.586718
23292 0.539538
23293 0.66127
23294 0.610977
23295 0.56471
23296 0.50467
23297 0.515734
23298 0.697787
23299 0.777198
23300 0.841199
23301 0.583948
23302 0.525602
23303 0.725648
23304 0.557149
23305 0.761019
23306 0.697562
23307 0.614805
23308 0.635191
23309 0.442795
23310 0.728763
23311 0.821613
23312 0.505253
23313 0.669022
23314 0.79521
23315 0.563778
23316 0.386211
23317 0.613809
23318 0.741525
23319 0.583099
23320 0.694272
23321 0.542418
23322 0.546083
23323 0.523236
23324 0.693515
23325 0.646384
23326 0.504925
23327 0.892543
23328 0.594163
23329 0.604603
23330 0.878218
23331 0.577243
23332 0.714154
23333 0.625342
23334 0.669824
23335 0.567796
23336 0.68858
23337 0.335382
23338 0.236692
23339 0.724235
23340 0.833256
23341 0.844057
23342 0.548738
23343 0.598847
23344 0.764098
23345 0.788999
23346 0.906169
23347 0.703298
23348 0.372496
23349 0.930871
23350 0.55458
23351 0.64979
23352 0.484673
23353 0.875908
23354 0.637703
23355 0.521372
23356 0.404445
23357 0.904914
23358 0.734499
23359 0.91744
23360 0.583267
23361 0.563736
23362 0.433463
23363 0.663988
23364 0.741498
23365 0.648646
23366 0.641611
23367 0.685917
23368 0.621597
23369 0.554318
23370 0.780486
23371 0.721439
23372 0.626011
23373 0.658475
23374 0.432004
23375 0.464876
23376 0.68901
23377 0.575422
23378 0.654897
23379 0.696013
23380 0.601233
23381 0.574164
23382 0.74552
23383 0.866037
23384 0.70125
23385 0.701683
23386 0.795973
23387 0.718411
23388 0.601929
23389 0.556204
23390 0.518901
23391 0.555338
23392 0.599562
23393 0.755168
23394 0.461281
23395 0.704463
23396 0.498278
23397 0.873881
23398 0.729666
23399 0.788589
23400 0.849279
23401 0.502987
23402 0.439063
23403 0.747862
23404 0.541297
23405 0.590654
23406 0.692983
23407 0.790427
23408 0.785703
23409 0.552434
23410 0.601638
23411 0.654438
23412 0.521756
23413 0.56219
23414 0.517718
23415 0.909284
23416 0.809566
23417 0.776744
23418 0.758403
23419 0.673465
23420 0.624163
23421 0.619764
23422 0.488857
23423 0.886927
23424 0.565106
23425 0.356268
23426 0.550673
23427 0.570412
23428 0.622333
23429 0.6241
23430 0.617432
23431 0.52896
23432 0.714119
23433 0.717709
23434 0.679448
23435 0.696635
23436 0.578828
23437 0.721479
23438 0.594493
23439 0.81395
23440 0.367189
23441 0.800376
23442 0.55518
23443 0.672563
23444 0.598366
23445 0.706271
23446 0.704924
23447 0.58784
23448 0.438773
23449 0.765002
23450 0.544795
23451 0.883285
23452 0.437021
23453 0.53475
23454 0.743316
23455 0.548781
23456 0.62691
23457 0.568142
23458 0.543126
23459 0.599962
23460 0.839736
23461 0.623244
23462 0.518475
23463 0.480061
23464 0.607638
23465 0.699861
23466 0.882334
23467 0.95489
23468 0.915042
23469 0.619095
23470 0.65524
23471 0.525941
23472 0.790852
23473 0.481106
23474 0.318327
23475 0.572621
23476 0.408547
23477 0.624349
23478 0.773283
23479 0.512233
23480 0.61323
23481 0.594898
23482 0.559481
23483 0.678475
23484 0.447199
23485 0.636746
23486 0.565353
23487 0.537269
23488 0.609447
23489 0.801597
23490 0.628571
23491 0.642001
23492 0.626699
23493 0.450047
23494 0.281608
23495 0.487172
23496 0.561883
23497 0.527602
23498 0.558802
23499 0.639943
23500 0.593083
23501 0.636098
23502 0.680229
23503 0.839752
23504 0.680387
23505 0.779791
23506 0.544304
23507 0.625909
23508 0.586006
23509 0.342216
23510 0.746347
23511 0.749764
23512 0.555677
23513 0.642542
23514 0.426197
23515 0.598651
23516 0.378772
23517 0.736214
23518 0.54972
23519 0.560358
23520 0.601004
23521 0.547582
23522 0.828396
23523 0.531772
23524 0.675753
23525 0.728655
23526 0.500357
23527 0.724231
23528 0.707148
23529 0.467017
23530 0.587392
23531 0.595967
23532 0.527327
23533 0.934642
23534 0.62854
23535 0.461154
23536 0.590216
23537 0.871307
23538 0.59972
23539 0.738403
23540 0.648217
23541 0.252417
23542 0.512991
23543 0.626691
23544 0.607455
23545 0.833832
23546 0.59065
23547 0.540819
23548 0.788632
23549 0.377
23550 0.866317
23551 0.649184
23552 0.875041
23553 0.699654
23554 0.592184
23555 0.614608
23556 0.522223
23557 0.620903
23558 0.44962
23559 0.656432
23560 0.413073
23561 0.542908
23562 0.692983
23563 0.445108
23564 0.679713
23565 0.598566
23566 0.486642
23567 0.495126
23568 0.478734
23569 0.778363
23570 0.606919
23571 0.303137
23572 0.46941
23573 0.604258
23574 0.515418
23575 0.606549
23576 0.633662
23577 0.748211
23578 0.563089
23579 0.646753
23580 0.529161
23581 0.833184
23582 0.668807
23583 0.514554
23584 0.464988
23585 0.455442
23586 0.488311
23587 0.784019
23588 0.754212
23589 0.572626
23590 0.61998
23591 0.596762
23592 0.621283
23593 0.589951
23594 0.869053
23595 0.717319
23596 0.723862
23597 0.483384
23598 0.664385
23599 0.580905
23600 0.776564
23601 0.859812
23602 0.780232
23603 0.745456
23604 0.794263
23605 0.737252
23606 0.611232
23607 0.840249
23608 0.335641
23609 0.707038
23610 0.823218
23611 0.691526
23612 0.592179
23613 0.649362
23614 0.672571
23615 0.536499
23616 0.678639
23617 0.632549
23618 0.75697
23619 0.46845
23620 0.650614
23621 0.497648
23622 0.607557
23623 0.597967
23624 0.686685
23625 0.616795
23626 0.386829
23627 0.812827
23628 0.556822
23629 0.624823
23630 0.619537
23631 0.456768
23632 0.519094
23633 0.74816
23634 0.565786
23635 0.614436
23636 0.685853
23637 0.391612
23638 0.539373
23639 0.619923
23640 0.601235
23641 0.390069
23642 0.744188
23643 0.723016
23644 0.593177
23645 0.671475
23646 0.62942
23647 0.56467
23648 0.659761
23649 0.617208
23650 0.672313
23651 0.548864
23652 0.441931
23653 0.446435
23654 0.613238
23655 0.607395
23656 0.916908
23657 0.30169
23658 0.650404
23659 0.628301
23660 0.500785
23661 0.569104
23662 0.551539
23663 0.923843
23664 0.688074
23665 0.359155
23666 0.403967
23667 0.425714
23668 0.417027
23669 0.711007
23670 0.513221
23671 0.741341
23672 0.668603
23673 0.450589
23674 0.72248
23675 0.736798
23676 0.229094
23677 0.778683
23678 0.594728
23679 0.65689
23680 0.47884
23681 0.509781
23682 0.352382
23683 0.529228
23684 0.526074
23685 0.621069
23686 0.66026
23687 0.795875
23688 0.646828
23689 0.632047
23690 0.681846
23691 0.505727
23692 0.804422
23693 0.905393
23694 0.502544
23695 0.724614
23696 0.436864
23697 0.688246
23698 0.616739
23699 0.539747
23700 0.645334
23701 0.885593
23702 0.736921
23703 0.399433
23704 0.755193
23705 0.762057
23706 0.529025
23707 0.554995
23708 0.550842
23709 0.733518
23710 0.479529
23711 0.598378
23712 0.524487
23713 0.513639
23714 0.818187
23715 0.789321
23716 0.603793
23717 0.471852
23718 0.406446
23719 0.882271
23720 0.613041
23721 0.561974
23722 0.659107
23723 0.605522
23724 0.700053
23725 0.392942
23726 0.933795
23727 0.956808
23728 0.559617
23729 0.683044
23730 0.728364
23731 0.740819
23732 0.714856
23733 0.711184
23734 0.762866
23735 0.601812
23736 0.753348
23737 0.42398
23738 0.675178
23739 0.562731
23740 0.784669
23741 0.778453
23742 0.709409
23743 0.726867
23744 0.51848
23745 0.475709
23746 0.627796
23747 0.852916
23748 0.876507
23749 0.665542
23750 0.687564
23751 0.597122
23752 0.842201
23753 0.739689
23754 0.745713
23755 0.671305
23756 0.560747
23757 0.848763
23758 0.919801
23759 0.685533
23760 0.580305
23761 0.605553
23762 0.631742
23763 0.254331
23764 0.430151
23765 0.625471
23766 0.523511
23767 0.660652
23768 0.450349
23769 0.540379
23770 0.933827
23771 0.771211
23772 0.583368
23773 0.630204
23774 0.735816
23775 0.852098
23776 0.633136
23777 0.741723
23778 0.776894
23779 0.9088
23780 0.511204
23781 0.394884
23782 0.665133
23783 0.570064
23784 0.93752
23785 0.388732
23786 0.539253
23787 0.663449
23788 0.466105
23789 0.676415
23790 0.579904
23791 0.694514
23792 0.520492
23793 0.851758
23794 0.451453
23795 0.611172
23796 0.489581
23797 0.592492
23798 0.884987
23799 0.53402
23800 0.700404
23801 0.695138
23802 0.527852
23803 0.579458
23804 0.787867
23805 0.710662
23806 0.671041
23807 0.494751
23808 0.879406
23809 0.887802
23810 0.940875
23811 0.699273
23812 0.76824
23813 0.349929
23814 0.609125
23815 0.423892
23816 0.60886
23817 0.638909
23818 0.610424
23819 0.648362
23820 0.651552
23821 0.665042
23822 0.676135
23823 0.762583
23824 0.595659
23825 0.56797
23826 0.611969
23827 0.502202
23828 0.915042
23829 0.694502
23830 0.678592
23831 0.632474
23832 0.887731
23833 0.780712
23834 0.754705
23835 0.665759
23836 0.628253
23837 0.766978
23838 0.7299
23839 0.538116
23840 0.422548
23841 0.433668
23842 0.77977
23843 0.539706
23844 0.590784
23845 0.777225
23846 0.551809
23847 0.713956
23848 0.742945
23849 0.771065
23850 0.586697
23851 0.678645
23852 0.419101
23853 0.531403
23854 0.706385
23855 0.573771
23856 0.815106
23857 0.755479
23858 0.662667
23859 0.625206
23860 0.762878
23861 0.565285
23862 0.623354
23863 0.865184
23864 0.558504
23865 0.740865
23866 0.57836
23867 0.372523
23868 0.698469
23869 0.661918
23870 0.533017
23871 0.531739
23872 0.580163
23873 0.468997
23874 0.733277
23875 0.572141
23876 0.815681
23877 0.788397
23878 0.513825
23879 0.640979
23880 0.480537
23881 0.349287
23882 0.572765
23883 0.930763
23884 0.744825
23885 0.582164
23886 0.850302
23887 0.778796
23888 0.653747
23889 0.726665
23890 0.805882
23891 0.507622
23892 0.849728
23893 0.797375
23894 0.802744
23895 0.763749
23896 0.783361
23897 0.616272
23898 0.672372
23899 0.405676
23900 0.575498
23901 0.572334
23902 0.700466
23903 0.728066
23904 0.741538
23905 0.738384
23906 0.766919
23907 0.491559
23908 0.770519
23909 0.434695
23910 0.696862
23911 0.789455
23912 0.408777
23913 0.896609
23914 0.825519
23915 0.489744
23916 0.9123
23917 0.625243
23918 0.747173
23919 0.831575
23920 0.366122
23921 0.898914
23922 0.796485
23923 0.608765
23924 0.646784
23925 0.751087
23926 0.874217
23927 0.903831
23928 0.619312
23929 0.697834
23930 0.401242
23931 0.69503
23932 0.457215
23933 0.270058
23934 0.563965
23935 0.356273
23936 0.552389
23937 0.60542
23938 0.58923
23939 0.349826
23940 0.480392
23941 0.877955
23942 0.688569
23943 0.701843
23944 0.476473
23945 0.802722
23946 0.649868
23947 0.627322
23948 0.697378
23949 0.743146
23950 0.412262
23951 0.439282
23952 0.969204
23953 0.868546
23954 0.781501
23955 0.691237
23956 0.782098
23957 0.631065
23958 0.676432
23959 0.594017
23960 0.748575
23961 0.850383
23962 0.585532
23963 0.84092
23964 0.718472
23965 0.421951
23966 0.714921
23967 0.846054
23968 0.478541
23969 0.552293
23970 0.674134
23971 0.562294
23972 0.621015
23973 0.645055
23974 0.603746
23975 0.460906
23976 0.404856
23977 0.730614
23978 0.646471
23979 0.554806
23980 0.761766
23981 0.435287
23982 0.573803
23983 0.734241
23984 0.535376
23985 0.447494
23986 0.370286
23987 0.561099
23988 0.740327
23989 0.912096
23990 0.587718
23991 0.468967
23992 0.5165
23993 0.567219
23994 0.707862
23995 0.826755
23996 0.849963
23997 0.682979
23998 0.670868
23999 0.690326
24000 0.495549
24001 0.53826
24002 0.498469
24003 0.516649
24004 0.548264
24005 0.43021
24006 0.631058
24007 0.707939
24008 0.530853
24009 0.76655
24010 0.644481
24011 0.804292
24012 0.629871
24013 0.578279
24014 0.494226
24015 0.816285
24016 0.876774
24017 0.675537
24018 0.581413
24019 0.562207
24020 0.78631
24021 0.627411
24022 0.630552
24023 0.616893
24024 0.808274
24025 0.758762
24026 0.656976
24027 0.751673
24028 0.901526
24029 0.55833
24030 0.580433
24031 0.565242
24032 0.654047
24033 0.658152
24034 0.430135
24035 0.462861
24036 0.517427
24037 0.700909
24038 0.774944
24039 0.774355
24040 0.707661
24041 0.648765
24042 0.592987
24043 0.579936
24044 0.511863
24045 0.548898
24046 0.577008
24047 0.65252
24048 0.600748
24049 0.40771
24050 0.842308
24051 0.59498
24052 0.689732
24053 0.547807
24054 0.484431
24055 0.549615
24056 0.815167
24057 0.642771
24058 0.533288
24059 0.678768
24060 0.520967
24061 0.481416
24062 0.811072
24063 0.417234
24064 0.486348
24065 0.421335
24066 0.853638
24067 0.883884
24068 0.824868
24069 0.592585
24070 0.61434
24071 0.497182
24072 0.536321
24073 0.751225
24074 0.616192
24075 0.554077
24076 0.612119
24077 0.59867
24078 0.770245
24079 0.455928
24080 0.646995
24081 0.452197
24082 0.571376
24083 0.592231
24084 0.661815
24085 0.549615
24086 0.804735
24087 0.889744
24088 0.785116
24089 0.513639
24090 0.561218
24091 0.528471
24092 0.524956
24093 0.658823
24094 0.75444
24095 0.671233
24096 0.754686
24097 0.459968
24098 0.642506
24099 0.678807
24100 0.775794
24101 0.757343
24102 0.62661
24103 0.662978
24104 0.825059
24105 0.461484
24106 0.537532
24107 0.527891
24108 0.655264
24109 0.8218
24110 0.545006
24111 0.571919
24112 0.691963
24113 0.834406
24114 0.520849
24115 0.620294
24116 0.48269
24117 0.576328
24118 0.381906
24119 0.602081
24120 0.818658
24121 0.834231
24122 0.633739
24123 0.502066
24124 0.627298
24125 0.598405
24126 0.525303
24127 0.770062
24128 0.459263
24129 0.704152
24130 0.655499
24131 0.624427
24132 0.588091
24133 0.222093
24134 0.710356
24135 0.619326
24136 0.806492
24137 0.624602
24138 0.693118
24139 0.78898
24140 0.946471
24141 0.7245
24142 0.398083
24143 0.667394
24144 0.519485
24145 0.750714
24146 0.701122
24147 0.692848
24148 0.513185
24149 0.603106
24150 0.657053
24151 0.688707
24152 0.787559
24153 0.515315
24154 0.306004
24155 0.51904
24156 0.665702
24157 0.559671
24158 0.580396
24159 0.578122
24160 0.458043
24161 0.700064
24162 0.570062
24163 0.730618
24164 0.494246
24165 0.62038
24166 0.479839
24167 0.589025
24168 0.49983
24169 0.513642
24170 0.467053
24171 0.570429
24172 0.800902
24173 0.848323
24174 0.566864
24175 0.471043
24176 0.542643
24177 0.59221
24178 0.671157
24179 0.682234
24180 0.914461
24181 0.505947
24182 0.738294
24183 0.810409
24184 0.771402
24185 0.744128
24186 0.834287
24187 0.507237
24188 0.584736
24189 0.637929
24190 0.906714
24191 0.511672
24192 0.75153
24193 0.495997
24194 0.571907
24195 0.601052
24196 0.602483
24197 0.831171
24198 0.709728
24199 0.504151
24200 0.69199
24201 0.74217
24202 0.709382
24203 0.497467
24204 0.391245
24205 0.62908
24206 0.558861
24207 0.777425
24208 0.722385
24209 0.710534
24210 0.498509
24211 0.84786
24212 0.791384
24213 0.681623
24214 0.622689
24215 0.618249
24216 0.643189
24217 0.631466
24218 0.867333
24219 0.685985
24220 0.693308
24221 0.725003
24222 0.583072
24223 0.791107
24224 0.564623
24225 0.728701
24226 0.760017
24227 0.773595
24228 0.391713
24229 0.663169
24230 0.590433
24231 0.201261
24232 0.591136
24233 0.703228
24234 0.366437
24235 0.566235
24236 0.784281
24237 0.618762
24238 0.630288
24239 0.633045
24240 0.42464
24241 0.614133
24242 0.750781
24243 0.672442
24244 0.628048
24245 0.799471
24246 0.583595
24247 0.836426
24248 0.609579
24249 0.729048
24250 0.503559
24251 0.616245
24252 0.651533
24253 0.554215
24254 0.529218
24255 0.714565
24256 0.771232
24257 0.905299
24258 0.698801
24259 0.621437
24260 0.868436
24261 0.690177
24262 0.868973
24263 0.686813
24264 0.730519
24265 0.764524
24266 0.685148
24267 0.545201
24268 0.544076
24269 0.832705
24270 0.461305
24271 0.700602
24272 0.605655
24273 0.700176
24274 0.741721
24275 0.801398
24276 0.646887
24277 0.657199
24278 0.561472
24279 0.445296
24280 0.513112
24281 0.629592
24282 0.582541
24283 0.479407
24284 0.580841
24285 0.821055
24286 0.608961
24287 0.543644
24288 0.55252
24289 0.605765
24290 0.503431
24291 0.682956
24292 0.573059
24293 0.543147
24294 0.70734
24295 0.813684
24296 0.667559
24297 0.593715
24298 0.490387
24299 0.726317
24300 0.915854
24301 0.75547
24302 0.712527
24303 0.884128
24304 0.69424
24305 0.363788
24306 0.740824
24307 0.46046
24308 0.449151
24309 0.804749
24310 0.676556
24311 0.600909
24312 0.603679
24313 0.562097
24314 0.642764
24315 0.766834
24316 0.556448
24317 0.590546
24318 0.634001
24319 0.385419
24320 0.803892
24321 0.530332
24322 0.481738
24323 0.612386
24324 0.706344
24325 0.868576
24326 0.928155
24327 0.731838
24328 0.688004
24329 0.65286
24330 0.541314
24331 0.722001
24332 0.832253
24333 0.743936
24334 0.444744
24335 0.680521
24336 0.579503
24337 0.637314
24338 0.679154
24339 0.637522
24340 0.448954
24341 0.671696
24342 0.65947
24343 0.931537
24344 0.491121
24345 0.797292
24346 0.777765
24347 0.319267
24348 0.607069
24349 0.745271
24350 0.859775
24351 0.303236
24352 0.472606
24353 0.740118
24354 0.668086
24355 0.780341
24356 0.465958
24357 0.738227
24358 0.758602
24359 0.827539
24360 0.689834
24361 0.649993
24362 0.662566
24363 0.595888
24364 0.513115
24365 0.628887
24366 0.540459
24367 0.896058
24368 0.563397
24369 0.608626
24370 0.768508
24371 0.504591
24372 0.461494
24373 0.634864
24374 0.548073
24375 0.599641
24376 0.511189
24377 0.718641
24378 0.626659
24379 0.668887
24380 0.350838
24381 0.67272
24382 0.595158
24383 0.679246
24384 0.736025
24385 0.675395
24386 0.411365
24387 0.412631
24388 0.418505
24389 0.656752
24390 0.587621
24391 0.727075
24392 0.619294
24393 0.497587
24394 0.711096
24395 0.888191
24396 0.566607
24397 0.761574
24398 0.612676
24399 0.649854
24400 0.759567
24401 0.928247
24402 0.608792
24403 0.730228
24404 0.763677
24405 0.542198
24406 0.925085
24407 0.807682
24408 0.590661
24409 0.692626
24410 0.718005
24411 0.673745
24412 0.500062
24413 0.691732
24414 0.687357
24415 0.581015
24416 0.618068
24417 0.612258
24418 0.575668
24419 0.46934
24420 0.589072
24421 0.359452
24422 0.938981
24423 0.478058
24424 0.917484
24425 0.930163
24426 0.677344
24427 0.638796
24428 0.546076
24429 0.594711
24430 0.457354
24431 0.671966
24432 0.823221
24433 0.399965
24434 0.560098
24435 0.735024
24436 0.528677
24437 0.807772
24438 0.510108
24439 0.856347
24440 0.431365
24441 0.555518
24442 0.529024
24443 0.602532
24444 0.581672
24445 0.559878
24446 0.820425
24447 0.735975
24448 0.580765
24449 0.524437
24450 0.442537
24451 0.56506
24452 0.493147
24453 0.822198
24454 0.518877
24455 0.593397
24456 0.629919
24457 0.642325
24458 0.729856
24459 0.793731
24460 0.684654
24461 0.743447
24462 0.85553
24463 0.762748
24464 0.487298
24465 0.568539
24466 0.595897
24467 0.586539
24468 0.679696
24469 0.443276
24470 0.462195
24471 0.59081
24472 0.82081
24473 0.70784
24474 0.577682
24475 0.646318
24476 0.41892
24477 0.577593
24478 0.769237
24479 0.699779
24480 0.532552
24481 0.598831
24482 0.676792
24483 0.636716
24484 0.373149
24485 0.602451
24486 0.492378
24487 0.807171
24488 0.767631
24489 0.711086
24490 0.611773
24491 0.882611
24492 0.640169
24493 0.676498
24494 0.537554
24495 0.495282
24496 0.77538
24497 0.494932
24498 0.482913
24499 0.530796
24500 0.557653
24501 0.546964
24502 0.6072
24503 0.733735
24504 0.599369
24505 0.804246
24506 0.700859
24507 0.665004
24508 0.577402
24509 0.540402
24510 0.706132
24511 0.369437
24512 0.531927
24513 0.611391
24514 0.807867
24515 0.652537
24516 0.576172
24517 0.423329
24518 0.511125
24519 0.69897
24520 0.527027
24521 0.646042
24522 0.59236
24523 0.580956
24524 0.634245
24525 0.721733
24526 0.675525
24527 0.648482
24528 0.90778
24529 0.590038
24530 0.574644
24531 0.674989
24532 0.835632
24533 0.631052
24534 0.793259
24535 0.642602
24536 0.494724
24537 0.686533
24538 0.524302
24539 0.786528
24540 0.58279
24541 0.374236
24542 0.537205
24543 0.652643
24544 0.686602
24545 0.596215
24546 0.604858
24547 0.518723
24548 0.665444
24549 0.510011
24550 0.493911
24551 0.525893
24552 0.434161
24553 0.585617
24554 0.840464
24555 0.688677
24556 0.58898
24557 0.583899
24558 0.587878
24559 0.584989
24560 0.558095
24561 0.761027
24562 0.572397
24563 0.697544
24564 0.724493
24565 0.750638
24566 0.61833
24567 0.51553
24568 0.820775
24569 0.45972
24570 0.349483
24571 0.705622
24572 0.674064
24573 0.418284
24574 0.666168
24575 0.467738
24576 0.576937
24577 0.5165
24578 0.885599
24579 0.651368
24580 0.662327
24581 0.778298
24582 0.648194
24583 0.697651
24584 0.688553
24585 0.297114
24586 0.548656
24587 0.346591
24588 0.535882
24589 0.658312
24590 0.724603
24591 0.727046
24592 0.87054
24593 0.546766
24594 0.800241
24595 0.725709
24596 0.569703
24597 0.743974
24598 0.719678
24599 0.603653
24600 0.609939
24601 0.931987
24602 0.820213
24603 0.656378
24604 0.47961
24605 0.551213
24606 0.604668
24607 0.599057
24608 0.571592
24609 0.52896
24610 0.664364
24611 0.568027
24612 0.565859
24613 0.886365
24614 0.977277
24615 0.890047
24616 0.707626
24617 0.596525
24618 0.446435
24619 0.709089
24620 0.642534
24621 0.633506
24622 0.561464
24623 0.756366
24624 0.626046
24625 0.827701
24626 0.55521
24627 0.831145
24628 0.550423
24629 0.322543
24630 0.445644
24631 0.598023
24632 0.648744
24633 0.743946
24634 0.634421
24635 0.945021
24636 0.537478
24637 0.636782
24638 0.716887
24639 0.924125
24640 0.540561
24641 0.641972
24642 0.347436
24643 0.750454
24644 0.669051
24645 0.771674
24646 0.479395
24647 0.826512
24648 0.515945
24649 0.486666
24650 0.653404
24651 0.846657
24652 0.604531
24653 0.476551
24654 0.761596
24655 0.598649
24656 0.572438
24657 0.655477
24658 0.62719
24659 0.735994
24660 0.60505
24661 0.807747
24662 0.593264
24663 0.477564
24664 0.689023
24665 0.61523
24666 0.889381
24667 0.671828
24668 0.715537
24669 0.595212
24670 0.626225
24671 0.771109
24672 0.479125
24673 0.639055
24674 0.722832
24675 0.490588
24676 0.821388
24677 0.543375
24678 0.836907
24679 0.63439
24680 0.659092
24681 0.568383
24682 0.411675
24683 0.874863
24684 0.4093
24685 0.63618
24686 0.487995
24687 0.784727
24688 0.464241
24689 0.683083
24690 0.766225
24691 0.616328
24692 0.77847
24693 0.648148
24694 0.680422
24695 0.689709
24696 0.453439
24697 0.597353
24698 0.52873
24699 0.5745
24700 0.658458
24701 0.517003
24702 0.629278
24703 0.616196
24704 0.723052
24705 0.688814
24706 0.609027
24707 0.849716
24708 0.719919
24709 0.925841
24710 0.726554
24711 0.752362
24712 0.565811
24713 0.666227
24714 0.504078
24715 0.682611
24716 0.808894
24717 0.821502
24718 0.657105
24719 0.584123
24720 0.738518
24721 0.881904
24722 0.641178
24723 0.706865
24724 0.608031
24725 0.648315
24726 0.615444
24727 0.546896
24728 0.474932
24729 0.648257
24730 0.628105
24731 0.830739
24732 0.812028
24733 0.428553
24734 0.611464
24735 0.545508
24736 0.889446
24737 0.597091
24738 0.467815
24739 0.457821
24740 0.775187
24741 0.678418
24742 0.596399
24743 0.673897
24744 0.52953
24745 0.882675
24746 0.594065
24747 0.46266
24748 0.623269
24749 0.442815
24750 0.704968
24751 0.501836
24752 0.495703
24753 0.659859
24754 0.785623
24755 0.892962
24756 0.766203
24757 0.597347
24758 0.759319
24759 0.661312
24760 0.652826
24761 0.583047
24762 0.477986
24763 0.89013
24764 0.809575
24765 0.652515
24766 0.875415
24767 0.786885
24768 0.382316
24769 0.574608
24770 0.525814
24771 0.503803
24772 0.566822
24773 0.797295
24774 0.607961
24775 0.415225
24776 0.733561
24777 0.892632
24778 0.914979
24779 0.593006
24780 0.642216
24781 0.497619
24782 0.487517
24783 0.523863
24784 0.497237
24785 0.656505
24786 0.432106
24787 0.569819
24788 0.580821
24789 0.369576
24790 0.61818
24791 0.61567
24792 0.658209
24793 0.665848
24794 0.554638
24795 0.689656
24796 0.767897
24797 0.595305
24798 0.779575
24799 0.757242
24800 0.70419
24801 0.587672
24802 0.769716
24803 0.646398
24804 0.658598
24805 0.751118
24806 0.901597
24807 0.493313
24808 0.510482
24809 0.89318
24810 0.681294
24811 0.616369
24812 0.842254
24813 0.938061
24814 0.832739
24815 0.588914
24816 0.574094
24817 0.735345
24818 0.58078
24819 0.783327
24820 0.777008
24821 0.682962
24822 0.879497
24823 0.789375
24824 0.486495
24825 0.522167
24826 0.725446
24827 0.587937
24828 0.616218
24829 0.717742
24830 0.733825
24831 0.871675
24832 0.486826
24833 0.678954
24834 0.891644
24835 0.677114
24836 0.572966
24837 0.68371
24838 0.579622
24839 0.639947
24840 0.522936
24841 0.439892
24842 0.624518
24843 0.496651
24844 0.461652
24845 0.604603
24846 0.817002
24847 0.551449
24848 0.900969
24849 0.825408
24850 0.72836
24851 0.734352
24852 0.612393
24853 0.774986
24854 0.564291
24855 0.54868
24856 0.627513
24857 0.553807
24858 0.699775
24859 0.838313
24860 0.547057
24861 0.708397
24862 0.817427
24863 0.602319
24864 0.596656
24865 0.658516
24866 0.764877
24867 0.571094
24868 0.760474
24869 0.83382
24870 0.80725
24871 0.299054
24872 0.758998
24873 0.912632
24874 0.867646
24875 0.634684
24876 0.652009
24877 0.578326
24878 0.521941
24879 0.394165
24880 0.510002
24881 0.542284
24882 0.577143
24883 0.6806
24884 0.741687
24885 0.879993
24886 0.618429
24887 0.50969
24888 0.854197
24889 0.496554
24890 0.707353
24891 0.809485
24892 0.350409
24893 0.579877
24894 0.503541
24895 0.544336
24896 0.533882
24897 0.765961
24898 0.906974
24899 0.520594
24900 0.888787
24901 0.547461
24902 0.46499
24903 0.664339
24904 0.440572
24905 0.744681
24906 0.435589
24907 0.702033
24908 0.53338
24909 0.765126
24910 0.957296
24911 0.723928
24912 0.890745
24913 0.85009
24914 0.763915
24915 0.819913
24916 0.636172
24917 0.622602
24918 0.598267
24919 0.518112
24920 0.553555
24921 0.582259
24922 0.540441
24923 0.837295
24924 0.522284
24925 0.776374
24926 0.676122
24927 0.848293
24928 0.473976
24929 0.499573
24930 0.527062
24931 0.760002
24932 0.907932
24933 0.682857
24934 0.95129
24935 0.358464
24936 0.508379
24937 0.46875
24938 0.651155
24939 0.781842
24940 0.872662
24941 0.772703
24942 0.672802
24943 0.890882
24944 0.667513
24945 0.6045
24946 0.764825
24947 0.731063
24948 0.837256
24949 0.804188
24950 0.527191
24951 0.539746
24952 0.404167
24953 0.571444
24954 0.88927
24955 0.8308
24956 0.571476
24957 0.759296
24958 0.565842
24959 0.471037
24960 0.611473
24961 0.388883
24962 0.84988
24963 0.61321
24964 0.563938
24965 0.723199
24966 0.637829
24967 0.871718
24968 0.907799
24969 0.67333
24970 0.504369
24971 0.421469
24972 0.689111
24973 0.488392
24974 0.730402
24975 0.774465
24976 0.874866
24977 0.630405
24978 0.805232
24979 0.778414
24980 0.652756
24981 0.583075
24982 0.517756
24983 0.588853
24984 0.544501
24985 0.633268
24986 0.602602
24987 0.642868
24988 0.533657
24989 0.680231
24990 0.598823
24991 0.770645
24992 0.777965
24993 0.730705
24994 0.656049
24995 0.497988
24996 0.6623
24997 0.855844
24998 0.740577
24999 0.82758
25000 0.605084
25001 0.583036
25002 0.532853
25003 0.52116
25004 0.531349
25005 0.593105
25006 0.65315
25007 0.562313
25008 0.465287
25009 0.604735
25010 0.505187
25011 0.463773
25012 0.540169
25013 0.410372
25014 0.946552
25015 0.530984
25016 0.598607
25017 0.535289
25018 0.716655
25019 0.407465
25020 0.565715
25021 0.583333
25022 0.656467
25023 0.485655
25024 0.799825
25025 0.558253
25026 0.449449
25027 0.615591
25028 0.689465
25029 0.708244
25030 0.674086
25031 0.735164
25032 0.752613
25033 0.67504
25034 0.70183
25035 0.567031
25036 0.455904
25037 0.519334
25038 0.624626
25039 0.583208
25040 0.493333
25041 0.641456
25042 0.597181
25043 0.486935
25044 0.508492
25045 0.671041
25046 0.372579
25047 0.719164
25048 0.861273
25049 0.524301
25050 0.65734
25051 0.651703
25052 0.35946
25053 0.624902
25054 0.665346
25055 0.899422
25056 0.68759
25057 0.274932
25058 0.926613
25059 0.533109
25060 0.498993
25061 0.668129
25062 0.731675
25063 0.849046
25064 0.76499
25065 0.681613
25066 0.599958
25067 0.67273
25068 0.680825
25069 0.429945
25070 0.539662
25071 0.614028
25072 0.814412
25073 0.769183
25074 0.64871
25075 0.619519
25076 0.562596
25077 0.578441
25078 0.739843
25079 0.689809
25080 0.711669
25081 0.565114
25082 0.472878
25083 0.640815
25084 0.723559
25085 0.366775
25086 0.72301
25087 0.741119
25088 0.414348
25089 0.666642
25090 0.659929
25091 0.515195
25092 0.690601
25093 0.896714
25094 0.83801
25095 0.806749
25096 0.464425
25097 0.660698
25098 0.821677
25099 0.74009
25100 0.602995
25101 0.392032
25102 0.572101
25103 0.839581
25104 0.687112
25105 0.456923
25106 0.928317
25107 0.465577
25108 0.532899
25109 0.50865
25110 0.982779
25111 0.375431
25112 0.473516
25113 0.653946
25114 0.38796
25115 0.713037
25116 0.53083
25117 0.656711
25118 0.653735
25119 0.747594
25120 0.430489
25121 0.541537
25122 0.512266
25123 0.663264
25124 0.573322
25125 0.670635
25126 0.73485
25127 0.816757
25128 0.881959
25129 0.834079
25130 0.627105
25131 0.527244
25132 0.744351
25133 0.668013
25134 0.543516
25135 0.524422
25136 0.568183
25137 0.475735
25138 0.421057
25139 0.681591
25140 0.722661
25141 0.72583
25142 0.777442
25143 0.571271
25144 0.493784
25145 0.662654
25146 0.662036
25147 0.662133
25148 0.914601
25149 0.577958
25150 0.627439
25151 0.601268
25152 0.639951
25153 0.58389
25154 0.564398
25155 0.890751
25156 0.741129
25157 0.920163
25158 0.749026
25159 0.50296
25160 0.726774
25161 0.784091
25162 0.588487
25163 0.761066
25164 0.613773
25165 0.644754
25166 0.719308
25167 0.725915
25168 0.586117
25169 0.712417
25170 0.556023
25171 0.54681
25172 0.851063
25173 0.952075
25174 0.486705
25175 0.530752
25176 0.815058
25177 0.535602
25178 0.661211
25179 0.447201
25180 0.469768
25181 0.595035
25182 0.659122
25183 0.584939
25184 0.904223
25185 0.61477
25186 0.6916
25187 0.607964
25188 0.777212
25189 0.632168
25190 0.792125
25191 0.71621
25192 0.504435
25193 0.496246
25194 0.603767
25195 0.558048
25196 0.936858
25197 0.527851
25198 0.501513
25199 0.630572
25200 0.626367
25201 0.860978
25202 0.620817
25203 0.563049
25204 0.773627
25205 0.589321
25206 0.604648
25207 0.758844
25208 0.813112
25209 0.58316
25210 0.591794
25211 0.556936
25212 0.633142
25213 0.675898
25214 0.451783
25215 0.6135
25216 0.454171
25217 0.593694
25218 0.732315
25219 0.594837
25220 0.590763
25221 0.627238
25222 0.962017
25223 0.65223
25224 0.434992
25225 0.775265
25226 0.615501
25227 0.599569
25228 0.555379
25229 0.537015
25230 0.512911
25231 0.675156
25232 0.404136
25233 0.660198
25234 0.598443
25235 0.563129
25236 0.518777
25237 0.733334
25238 0.576268
25239 0.79478
25240 0.599732
25241 0.331503
25242 0.398141
25243 0.543538
25244 0.513512
25245 0.61721
25246 0.82723
25247 0.455527
25248 0.67779
25249 0.848769
25250 0.538787
25251 0.620029
25252 0.636279
25253 0.72469
25254 0.653453
25255 0.451564
25256 0.657293
25257 0.607674
25258 0.791301
25259 0.51758
25260 0.816402
25261 0.492723
25262 0.70987
25263 0.781137
25264 0.844336
25265 0.544075
25266 0.687473
25267 0.65439
25268 0.712839
25269 0.620278
25270 0.534282
25271 0.802399
25272 0.837232
25273 0.750632
25274 0.804887
25275 0.612579
25276 0.602196
25277 0.831579
25278 0.582949
25279 0.533416
25280 0.70417
25281 0.630667
25282 0.490441
25283 0.662656
25284 0.677271
25285 0.650471
25286 0.615974
25287 0.718664
25288 0.602769
25289 0.513512
25290 0.717674
25291 0.783924
25292 0.608066
25293 0.663134
25294 0.544363
25295 0.538947
25296 0.660801
25297 0.707009
25298 0.675946
25299 0.673568
25300 0.798962
25301 0.235295
25302 0.492826
25303 0.785345
25304 0.833934
25305 0.774347
25306 0.816555
25307 0.701359
25308 0.498149
25309 0.512657
25310 0.630764
25311 0.651636
25312 0.644566
25313 0.554976
25314 0.797516
25315 0.488823
25316 0.749104
25317 0.883913
25318 0.426417
25319 0.731633
25320 0.548438
25321 0.621056
25322 0.452975
25323 0.609147
25324 0.605048
25325 0.827313
25326 0.767089
25327 0.577267
25328 0.727586
25329 0.497344
25330 0.489662
25331 0.892632
25332 0.514739
25333 0.593709
25334 0.526509
25335 0.640859
25336 0.573874
25337 0.66102
25338 0.729831
25339 0.522171
25340 0.749218
25341 0.786694
25342 0.404153
25343 0.513685
25344 0.43422
25345 0.569483
25346 0.704792
25347 0.355969
25348 0.640988
25349 0.530564
25350 0.757207
25351 0.512902
25352 0.605741
25353 0.84714
25354 0.501891
25355 0.745812
25356 0.96201
25357 0.625582
25358 0.57776
25359 0.475236
25360 0.4456
25361 0.790651
25362 0.600058
25363 0.607406
25364 0.663286
25365 0.510001
25366 0.946986
25367 0.810416
25368 0.742312
25369 0.558698
25370 0.760433
25371 0.631775
25372 0.502321
25373 0.74024
25374 0.699985
25375 0.923322
25376 0.496644
25377 0.539413
25378 0.476499
25379 0.509065
25380 0.484298
25381 0.559248
25382 0.660177
25383 0.681713
25384 0.371106
25385 0.725215
25386 0.630062
25387 0.483931
25388 0.797621
25389 0.513339
25390 0.820196
25391 0.477716
25392 0.527957
25393 0.503541
25394 0.600677
25395 0.50612
25396 0.318085
25397 0.446301
25398 0.373958
25399 0.601019
25400 0.805327
25401 0.674546
25402 0.396318
25403 0.85997
25404 0.49315
25405 0.580874
25406 0.714343
25407 0.884029
25408 0.553014
25409 0.735188
25410 0.729514
25411 0.494086
25412 0.668399
25413 0.548525
25414 0.691318
25415 0.314854
25416 0.393765
25417 0.772905
25418 0.81116
25419 0.709163
25420 0.500651
25421 0.604619
25422 0.618078
25423 0.741302
25424 0.612416
25425 0.522884
25426 0.594062
25427 0.695769
25428 0.774275
25429 0.79207
25430 0.723137
25431 0.568783
25432 0.741662
25433 0.4981
25434 0.734918
25435 0.563795
25436 0.830059
25437 0.562717
25438 0.533841
25439 0.736892
25440 0.547563
25441 0.510817
25442 0.377508
25443 0.354566
25444 0.6085
25445 0.728255
25446 0.762784
25447 0.518517
25448 0.627373
25449 0.624862
25450 0.640607
25451 0.647683
25452 0.723814
25453 0.606422
25454 0.592104
25455 0.688094
25456 0.673993
25457 0.496034
25458 0.767808
25459 0.709536
25460 0.509858
25461 0.495005
25462 0.624755
25463 0.744315
25464 0.536744
25465 0.70001
25466 0.692566
25467 0.823029
25468 0.456127
25469 0.836591
25470 0.55523
25471 0.688992
25472 0.77822
25473 0.542065
25474 0.716395
25475 0.649501
25476 0.597281
25477 0.641826
25478 0.717103
25479 0.6156
25480 0.704695
25481 0.684021
25482 0.608098
25483 0.494831
25484 0.625458
25485 0.770637
25486 0.658159
25487 0.804508
25488 0.575288
25489 0.397365
25490 0.581744
25491 0.620793
25492 0.897672
25493 0.81807
25494 0.563144
25495 0.590172
25496 0.66145
25497 0.683894
25498 0.51862
25499 0.717867
25500 0.613655
25501 0.555332
25502 0.890184
25503 0.781947
25504 0.770158
25505 0.634634
25506 0.596336
25507 0.573009
25508 0.841924
25509 0.701848
25510 0.841174
25511 0.648752
25512 0.527814
25513 0.47077
25514 0.638633
25515 0.556564
25516 0.455575
25517 0.597747
25518 0.623409
25519 0.548167
25520 0.682812
25521 0.88689
25522 0.721019
25523 0.577729
25524 0.560567
25525 0.542041
25526 0.592432
25527 0.518515
25528 0.558874
25529 0.523696
25530 0.548974
25531 0.633789
25532 0.718521
25533 0.731883
25534 0.661144
25535 0.790299
25536 0.684791
25537 0.28242
25538 0.654187
25539 0.665168
25540 0.576473
25541 0.864138
25542 0.555872
25543 0.8597
25544 0.646282
25545 0.702505
25546 0.551546
25547 0.406993
25548 0.411912
25549 0.892747
25550 0.812333
25551 0.731689
25552 0.662713
25553 0.728011
25554 0.537752
25555 0.811739
25556 0.405337
25557 0.707112
25558 0.733368
25559 0.580113
25560 0.547201
25561 0.647388
25562 0.698053
25563 0.411955
25564 0.484074
25565 0.790094
25566 0.6877
25567 0.821244
25568 0.929874
25569 0.798274
25570 0.455761
25571 0.550998
25572 0.692392
25573 0.890195
25574 0.829346
25575 0.687441
25576 0.802523
25577 0.701343
25578 0.742154
25579 0.644889
25580 0.69683
25581 0.676244
25582 0.633662
25583 0.690149
25584 0.759349
25585 0.586233
25586 0.413607
25587 0.459438
25588 0.855752
25589 0.443835
25590 0.67406
25591 0.464228
25592 0.616835
25593 0.388123
25594 0.698535
25595 0.62505
25596 0.652741
25597 0.851072
25598 0.684304
25599 0.613298
25600 0.480527
25601 0.659499
25602 0.602441
25603 0.571257
25604 0.715115
25605 0.821188
25606 0.860294
25607 0.720427
25608 0.56639
25609 0.524744
25610 0.389797
25611 0.724594
25612 0.659649
25613 0.717197
25614 0.720855
25615 0.46351
25616 0.642262
25617 0.500596
25618 0.596083
25619 0.883174
25620 0.947315
25621 0.690878
25622 0.606178
25623 0.652549
25624 0.828907
25625 0.543801
25626 0.758627
25627 0.707768
25628 0.676487
25629 0.731112
25630 0.551078
25631 0.779064
25632 0.671002
25633 0.510152
25634 0.57096
25635 0.694976
25636 0.809062
25637 0.522316
25638 0.432542
25639 0.556899
25640 0.559992
25641 0.472774
25642 0.51013
25643 0.631145
25644 0.765147
25645 0.615885
25646 0.785361
25647 0.544327
25648 0.603856
25649 0.610064
25650 0.963122
25651 0.728624
25652 0.788398
25653 0.854472
25654 0.888994
25655 0.480692
25656 0.769475
25657 0.726509
25658 0.657785
25659 0.731499
25660 0.623314
25661 0.812882
25662 0.743114
25663 0.714083
25664 0.747734
25665 0.870856
25666 0.825148
25667 0.540806
25668 0.49673
25669 0.899104
25670 0.817443
25671 0.628531
25672 0.685443
25673 0.667761
25674 0.907756
25675 0.675046
25676 0.505738
25677 0.811881
25678 0.55396
25679 0.873726
25680 0.965605
25681 0.680101
25682 0.602953
25683 0.567982
25684 0.719208
25685 0.885853
25686 0.719102
25687 0.643892
25688 0.586873
25689 0.799749
25690 0.719709
25691 0.420985
25692 0.745309
25693 0.616094
25694 0.845368
25695 0.476562
25696 0.768486
25697 0.743302
25698 0.683121
25699 0.487797
25700 0.557097
25701 0.686706
25702 0.884332
25703 0.644944
25704 0.937745
25705 0.784488
25706 0.648849
25707 0.674341
25708 0.844489
25709 0.581083
25710 0.706779
25711 0.767706
25712 0.276386
25713 0.605553
25714 0.39992
25715 0.60338
25716 0.72726
25717 0.44665
25718 0.431219
25719 0.802716
25720 0.591052
25721 0.766729
25722 0.377445
25723 0.60882
25724 0.90965
25725 0.646423
25726 0.441714
25727 0.593437
25728 0.626101
25729 0.595496
25730 0.629574
25731 0.674551
25732 0.660001
25733 0.526384
25734 0.806709
25735 0.667366
25736 0.766821
25737 0.442123
25738 0.661489
25739 0.539961
25740 0.781778
25741 0.58489
25742 0.647365
25743 0.822768
25744 0.750654
25745 0.62759
25746 0.391941
25747 0.860687
25748 0.732993
25749 0.714907
25750 0.959415
25751 0.632495
25752 0.565517
25753 0.528543
25754 0.754323
25755 0.801116
25756 0.804814
25757 0.854376
25758 0.787032
25759 0.694522
25760 0.823226
25761 0.376577
25762 0.784388
25763 0.620349
25764 0.6405
25765 0.679474
25766 0.54726
25767 0.728419
25768 0.436413
25769 0.649702
25770 0.758328
25771 0.434427
25772 0.511666
25773 0.598046
25774 0.733806
25775 0.549743
25776 0.642372
25777 0.768219
25778 0.399362
25779 0.457867
25780 0.616571
25781 0.781853
25782 0.701847
25783 0.455831
25784 0.493091
25785 0.517274
25786 0.525723
25787 0.628991
25788 0.565
25789 0.698969
25790 0.627273
25791 0.682851
25792 0.908055
25793 0.739909
25794 0.757092
25795 0.326003
25796 0.70943
25797 0.770667
25798 0.525677
25799 0.530826
25800 0.649711
25801 0.585089
25802 0.752722
25803 0.540811
25804 0.843774
25805 0.376818
25806 0.699256
25807 0.791955
25808 0.640828
25809 0.722276
25810 0.911115
25811 0.593133
25812 0.721626
25813 0.57079
25814 0.697931
25815 0.415293
25816 0.664739
25817 0.344354
25818 0.654496
25819 0.554473
25820 0.793305
25821 0.800278
25822 0.602371
25823 0.613725
25824 0.712897
25825 0.570938
25826 0.662137
25827 0.505843
25828 0.510461
25829 0.707036
25830 0.57279
25831 0.485025
25832 0.704267
25833 0.739595
25834 0.510096
25835 0.399022
25836 0.656416
25837 0.776052
25838 0.632537
25839 0.891997
25840 0.879563
25841 0.784686
25842 0.592632
25843 0.802217
25844 0.58718
25845 0.589896
25846 0.681073
25847 0.675824
25848 0.825242
25849 0.540493
25850 0.670287
25851 0.758232
25852 0.752387
25853 0.57894
25854 0.673337
25855 0.81031
25856 0.652283
25857 0.822845
25858 0.736228
25859 0.627312
25860 0.645723
25861 0.59689
25862 0.392122
25863 0.710476
25864 0.665265
25865 0.669245
25866 0.838389
25867 0.720659
25868 0.610637
25869 0.812169
25870 0.612038
25871 0.615785
25872 0.776757
25873 0.642396
25874 0.619565
25875 0.897332
25876 0.824729
25877 0.651393
25878 0.56353
25879 0.62806
25880 0.615272
25881 0.548168
25882 0.673563
25883 0.661761
25884 0.563522
25885 0.460182
25886 0.559487
25887 0.590609
25888 0.694161
25889 0.504901
25890 0.784008
25891 0.833302
25892 0.437014
25893 0.632762
25894 0.858432
25895 0.75436
25896 0.429249
25897 0.912744
25898 0.436476
25899 0.493362
25900 0.960028
25901 0.580512
25902 0.457349
25903 0.619549
25904 0.648402
25905 0.525429
25906 0.770654
25907 0.516567
25908 0.52295
25909 0.448334
25910 0.60405
25911 0.431487
25912 0.405526
25913 0.881604
25914 0.523297
25915 0.709311
25916 0.604072
25917 0.410521
25918 0.564984
25919 0.607081
25920 0.546855
25921 0.524785
25922 0.881198
25923 0.575322
25924 0.92355
25925 0.850962
25926 0.57941
25927 0.713999
25928 0.859319
25929 0.346911
25930 0.548836
25931 0.72965
25932 0.538845
25933 0.815936
25934 0.893808
25935 0.496322
25936 0.682174
25937 0.496422
25938 0.666147
25939 0.866672
25940 0.580164
25941 0.612308
25942 0.521471
25943 0.892107
25944 0.766921
25945 0.8274
25946 0.635904
25947 0.723855
25948 0.810027
25949 0.699597
25950 0.691635
25951 0.580959
25952 0.509957
25953 0.603472
25954 0.843524
25955 0.454664
25956 0.491091
25957 0.780305
25958 0.686237
25959 0.48402
25960 0.732399
25961 0.628941
25962 0.635377
25963 0.790823
25964 0.690902
25965 0.964956
25966 0.856307
25967 0.583459
25968 0.821903
25969 0.474424
25970 0.382972
25971 0.669982
25972 0.586674
25973 0.550746
25974 0.862774
25975 0.545962
25976 0.809723
25977 0.903884
25978 0.776667
25979 0.645443
25980 0.481713
25981 0.746832
25982 0.561776
25983 0.383014
25984 0.535499
25985 0.372398
25986 0.537552
25987 0.485242
25988 0.742102
25989 0.582369
25990 0.665535
25991 0.688454
25992 0.878257
25993 0.848515
25994 0.730851
25995 0.562165
25996 0.672758
25997 0.55654
25998 0.795247
25999 0.596966
26000 0.475198
26001 0.756413
26002 0.601272
26003 0.767442
26004 0.61093
26005 0.740672
26006 0.734164
26007 0.853511
26008 0.627987
26009 0.497375
26010 0.642524
26011 0.660778
26012 0.687639
26013 0.633339
26014 0.495409
26015 0.722156
26016 0.907444
26017 0.519792
26018 0.708972
26019 0.780758
26020 0.638318
26021 0.655171
26022 0.454008
26023 0.736776
26024 0.523206
26025 0.781455
26026 0.671933
26027 0.453382
26028 0.599488
26029 0.573903
26030 0.813142
26031 0.672389
26032 0.389581
26033 0.858621
26034 0.469614
26035 0.524052
26036 0.581108
26037 0.557142
26038 0.722008
26039 0.647151
26040 0.820839
26041 0.723402
26042 0.85772
26043 0.526834
26044 0.576503
26045 0.775847
26046 0.87158
26047 0.582573
26048 0.62511
26049 0.67928
26050 0.576726
26051 0.53756
26052 0.578634
26053 0.967762
26054 0.873225
26055 0.685234
26056 0.706886
26057 0.791326
26058 0.823104
26059 0.696072
26060 0.589325
26061 0.722371
26062 0.594143
26063 0.521621
26064 0.614262
26065 0.461256
26066 0.575935
26067 0.604551
26068 0.863663
26069 0.793715
26070 0.611004
26071 0.588107
26072 0.758265
26073 0.709834
26074 0.502145
26075 0.752197
26076 0.562822
26077 0.609208
26078 0.974708
26079 0.6513
26080 0.679235
26081 0.549054
26082 0.754761
26083 0.596265
26084 0.573599
26085 0.650419
26086 0.767897
26087 0.604784
26088 0.613133
26089 0.526017
26090 0.501369
26091 0.530349
26092 0.866213
26093 0.582364
26094 0.574014
26095 0.647883
26096 0.660267
26097 0.623555
26098 0.847537
26099 0.581468
26100 0.750584
26101 0.660979
26102 0.550512
26103 0.787818
26104 0.918897
26105 0.586784
26106 0.559906
26107 0.676667
26108 0.96245
26109 0.686369
26110 0.595796
26111 0.633055
26112 0.560881
26113 0.898689
26114 0.60663
26115 0.926329
26116 0.333845
26117 0.779918
26118 0.396095
26119 0.71327
26120 0.617099
26121 0.666395
26122 0.907918
26123 0.775313
26124 0.648294
26125 0.515334
26126 0.442731
26127 0.871766
26128 0.691447
26129 0.540671
26130 0.867726
26131 0.659408
26132 0.714961
26133 0.471188
26134 0.647568
26135 0.789853
26136 0.688895
26137 0.52546
26138 0.616062
26139 0.647143
26140 0.73233
26141 0.589683
26142 0.794127
26143 0.71738
26144 0.729272
26145 0.759446
26146 0.473858
26147 0.490951
26148 0.666716
26149 0.598383
26150 0.55246
26151 0.894668
26152 0.79332
26153 0.788252
26154 0.490772
26155 0.887511
26156 0.742947
26157 0.764634
26158 0.453162
26159 0.472756
26160 0.549404
26161 0.880742
26162 0.751806
26163 0.3878
26164 0.465853
26165 0.679028
26166 0.683015
26167 0.743345
26168 0.523207
26169 0.600077
26170 0.804931
26171 0.843377
26172 0.626883
26173 0.783182
26174 0.6305
26175 0.619288
26176 0.653879
26177 0.471678
26178 0.535115
26179 0.573948
26180 0.872153
26181 0.458841
26182 0.570635
26183 0.615743
26184 0.586375
26185 0.438778
26186 0.593691
26187 0.488271
26188 0.42996
26189 0.751812
26190 0.462325
26191 0.752342
26192 0.844329
26193 0.236263
26194 0.582492
26195 0.740966
26196 0.72002
26197 0.61319
26198 0.615182
26199 0.720881
26200 0.547684
26201 0.585804
26202 0.761196
26203 0.713043
26204 0.42439
26205 0.464205
26206 0.580278
26207 0.772165
26208 0.675203
26209 0.653631
26210 0.49932
26211 0.628242
26212 0.754036
26213 0.656601
26214 0.723025
26215 0.463213
26216 0.756114
26217 0.532762
26218 0.490487
26219 0.496572
26220 0.444172
26221 0.62083
26222 0.695655
26223 0.55888
26224 0.806356
26225 0.84286
26226 0.74986
26227 0.601744
26228 0.855478
26229 0.570297
26230 0.493476
26231 0.514134
26232 0.368456
26233 0.546376
26234 0.556811
26235 0.735154
26236 0.596062
26237 0.543226
26238 0.636361
26239 0.599189
26240 0.47425
26241 0.533748
26242 0.580381
26243 0.746444
26244 0.547507
26245 0.592237
26246 0.594406
26247 0.526493
26248 0.454852
26249 0.459609
26250 0.607886
26251 0.569036
26252 0.653519
26253 0.785397
26254 0.764921
26255 0.547106
26256 0.951792
26257 0.74992
26258 0.64267
26259 0.516044
26260 0.654116
26261 0.844863
26262 0.793935
26263 0.676546
26264 0.639484
26265 0.874129
26266 0.667848
26267 0.686014
26268 0.662328
26269 0.569087
26270 0.806287
26271 0.438066
26272 0.649804
26273 0.843534
26274 0.599088
26275 0.753665
26276 0.557939
26277 0.745274
26278 0.792836
26279 0.717612
26280 0.782744
26281 0.53367
26282 0.57619
26283 0.742925
26284 0.50972
26285 0.801815
26286 0.815339
26287 0.626463
26288 0.820698
26289 0.618643
26290 0.515482
26291 0.649279
26292 0.688439
26293 0.691491
26294 0.554817
26295 0.53633
26296 0.58839
26297 0.688582
26298 0.881019
26299 0.699943
26300 0.821342
26301 0.701202
26302 0.512114
26303 0.663292
26304 0.50331
26305 0.486742
26306 0.557121
26307 0.754897
26308 0.489113
26309 0.67699
26310 0.775832
26311 0.530508
26312 0.846571
26313 0.444499
26314 0.714966
26315 0.83528
26316 0.342519
26317 0.543764
26318 0.822977
26319 0.582261
26320 0.314503
26321 0.450485
26322 0.560526
26323 0.548037
26324 0.82216
26325 0.607056
26326 0.596371
26327 0.406624
26328 0.607519
26329 0.823391
26330 0.541136
26331 0.559198
26332 0.595612
26333 0.69342
26334 0.541452
26335 0.681826
26336 0.636907
26337 0.594899
26338 0.804456
26339 0.772686
26340 0.592335
26341 0.736715
26342 0.562226
26343 0.624849
26344 0.764936
26345 0.541738
26346 0.738727
26347 0.624618
26348 0.659335
26349 0.612231
26350 0.614352
26351 0.48677
26352 0.65246
26353 0.47834
26354 0.623336
26355 0.718182
26356 0.647561
26357 0.708935
26358 0.874279
26359 0.928386
26360 0.866651
26361 0.720625
26362 0.451486
26363 0.666481
26364 0.830952
26365 0.748765
26366 0.646348
26367 0.516932
26368 0.563115
26369 0.652961
26370 0.531523
26371 0.499622
26372 0.560186
26373 0.519393
26374 0.622777
26375 0.486798
26376 0.632219
26377 0.736658
26378 0.61629
26379 0.800333
26380 0.38308
26381 0.902367
26382 0.46897
26383 0.767683
26384 0.494133
26385 0.518285
26386 0.500053
26387 0.645823
26388 0.811707
26389 0.782811
26390 0.572745
26391 0.499506
26392 0.537266
26393 0.515222
26394 0.574386
26395 0.494464
26396 0.672159
26397 0.737772
26398 0.496255
26399 0.519996
26400 0.717051
26401 0.664233
26402 0.549724
26403 0.699041
26404 0.722644
26405 0.628852
26406 0.886753
26407 0.737645
26408 0.709215
26409 0.726678
26410 0.606963
26411 0.69647
26412 0.630219
26413 0.694765
26414 0.704654
26415 0.476308
26416 0.473162
26417 0.659815
26418 0.818127
26419 0.422532
26420 0.502089
26421 0.792578
26422 0.804647
26423 0.876424
26424 0.567423
26425 0.527194
26426 0.410531
26427 0.897533
26428 0.759279
26429 0.494999
26430 0.595204
26431 0.529888
26432 0.728176
26433 0.833303
26434 0.561834
26435 0.444711
26436 0.524307
26437 0.695585
26438 0.529891
26439 0.520632
26440 0.641938
26441 0.940756
26442 0.43831
26443 0.960271
26444 0.611283
26445 0.502859
26446 0.675132
26447 0.553661
26448 0.60336
26449 0.707049
26450 0.590897
26451 0.405841
26452 0.47686
26453 0.636293
26454 0.627101
26455 0.665446
26456 0.636907
26457 0.626139
26458 0.532224
26459 0.745245
26460 0.64728
26461 0.542822
26462 0.748465
26463 0.704538
26464 0.645579
26465 0.521756
26466 0.697094
26467 0.557979
26468 0.584807
26469 0.397144
26470 0.732959
26471 0.58282
26472 0.493584
26473 0.817402
26474 0.599474
26475 0.874917
26476 0.462116
26477 0.50641
26478 0.715563
26479 0.484515
26480 0.70476
26481 0.711705
26482 0.588926
26483 0.654182
26484 0.639881
26485 0.533175
26486 0.785442
26487 0.728129
26488 0.756685
26489 0.72746
26490 0.656999
26491 0.646873
26492 0.578045
26493 0.729466
26494 0.597521
26495 0.582931
26496 0.506031
26497 0.666093
26498 0.849131
26499 0.643462
26500 0.676473
26501 0.582656
26502 0.569595
26503 0.768523
26504 0.547775
26505 0.341443
26506 0.609225
26507 0.724098
26508 0.349511
26509 0.383838
26510 0.288551
26511 0.639085
26512 0.447438
26513 0.59865
26514 0.839838
26515 0.602403
26516 0.667405
26517 0.640727
26518 0.663862
26519 0.630556
26520 0.654316
26521 0.717524
26522 0.757988
26523 0.591813
26524 0.708475
26525 0.676984
26526 0.454712
26527 0.687223
26528 0.527878
26529 0.591898
26530 0.651276
26531 0.641753
26532 0.583134
26533 0.548636
26534 0.807195
26535 0.591445
26536 0.53997
26537 0.548138
26538 0.649071
26539 0.803974
26540 0.780418
26541 0.498763
26542 0.59159
26543 0.601823
26544 0.661995
26545 0.679166
26546 0.841428
26547 0.637948
26548 0.746532
26549 0.781331
26550 0.590992
26551 0.772953
26552 0.58737
26553 0.519189
26554 0.893968
26555 0.943052
26556 0.602459
26557 0.476315
26558 0.887329
26559 0.834896
26560 0.625578
26561 0.762725
26562 0.491304
26563 0.591715
26564 0.643186
26565 0.535612
26566 0.577824
26567 0.684979
26568 0.694601
26569 0.59816
26570 0.59281
26571 0.805555
26572 0.627914
26573 0.46405
26574 0.637431
26575 0.529527
26576 0.624669
26577 0.765511
26578 0.618225
26579 0.631035
26580 0.804413
26581 0.944436
26582 0.797615
26583 0.695385
26584 0.772761
26585 0.492781
26586 0.675787
26587 0.733728
26588 0.725704
26589 0.786848
26590 0.540481
26591 0.706522
26592 0.669857
26593 0.666122
26594 0.410979
26595 0.724894
26596 0.961671
26597 0.674072
26598 0.5642
26599 0.731045
26600 0.653569
26601 0.543897
26602 0.564963
26603 0.841377
26604 0.483168
26605 0.64902
26606 0.527092
26607 0.428085
26608 0.802488
26609 0.877517
26610 0.674768
26611 0.62882
26612 0.670589
26613 0.68817
26614 0.490413
26615 0.6945
26616 0.58343
26617 0.601327
26618 0.822912
26619 0.696435
26620 0.681485
26621 0.374869
26622 0.52096
26623 0.393102
26624 0.431192
26625 0.762704
26626 0.606595
26627 0.538768
26628 0.594588
26629 0.684753
26630 0.72882
26631 0.477429
26632 0.936581
26633 0.578054
26634 0.900445
26635 0.82617
26636 0.732332
26637 0.833801
26638 0.472643
26639 0.742543
26640 0.607588
26641 0.713471
26642 0.826678
26643 0.592873
26644 0.76307
26645 0.638507
26646 0.927416
26647 0.77272
26648 0.594053
26649 0.771906
26650 0.540896
26651 0.533225
26652 0.854946
26653 0.622018
26654 0.970595
26655 0.96272
26656 0.921835
26657 0.715032
26658 0.835256
26659 0.908319
26660 0.621639
26661 0.607296
26662 0.335772
26663 0.498698
26664 0.597296
26665 0.723249
26666 0.867726
26667 0.509168
26668 0.68169
26669 0.591775
26670 0.696543
26671 0.838605
26672 0.573241
26673 0.588509
26674 0.709287
26675 0.661421
26676 0.967012
26677 0.609293
26678 0.680026
26679 0.75515
26680 0.835147
26681 0.674587
26682 0.601448
26683 0.617951
26684 0.461379
26685 0.575648
26686 0.734231
26687 0.589171
26688 0.491432
26689 0.579472
26690 0.427108
26691 0.518483
26692 0.562716
26693 0.805555
26694 0.691324
26695 0.835027
26696 0.748143
26697 0.595269
26698 0.683823
26699 0.842523
26700 0.514306
26701 0.635967
26702 0.493879
26703 0.505643
26704 0.799469
26705 0.753397
26706 0.543934
26707 0.438439
26708 0.521685
26709 0.546061
26710 0.529536
26711 0.625014
26712 0.729722
26713 0.908556
26714 0.751951
26715 0.559032
26716 0.23476
26717 0.5004
26718 0.584948
26719 0.612556
26720 0.505126
26721 0.816491
26722 0.444298
26723 0.693226
26724 0.706162
26725 0.897063
26726 0.630528
26727 0.536064
26728 0.574857
26729 0.668848
26730 0.568484
26731 0.781893
26732 0.674528
26733 0.63834
26734 0.689022
26735 0.819858
26736 0.501798
26737 0.706039
26738 0.511955
26739 0.821167
26740 0.647803
26741 0.594632
26742 0.538132
26743 0.574365
26744 0.709178
26745 0.495725
26746 0.44501
26747 0.372298
26748 0.613691
26749 0.530888
26750 0.820902
26751 0.764183
26752 0.432635
26753 0.65431
26754 0.702573
26755 0.911622
26756 0.565097
26757 0.71537
26758 0.64229
26759 0.636498
26760 0.68818
26761 0.848998
26762 0.502001
26763 0.730953
26764 0.616323
26765 0.232534
26766 0.881866
26767 0.578064
26768 0.678592
26769 0.681721
26770 0.634342
26771 0.871718
26772 0.577958
26773 0.55333
26774 0.502585
26775 0.484826
26776 0.658151
26777 0.528196
26778 0.590277
26779 0.596238
26780 0.692207
26781 0.662368
26782 0.571728
26783 0.841807
26784 0.552637
26785 0.545175
26786 0.791685
26787 0.491995
26788 0.70877
26789 0.540413
26790 0.601365
26791 0.691473
26792 0.759044
26793 0.821046
26794 0.542448
26795 0.573881
26796 0.72782
26797 0.70802
26798 0.605934
26799 0.522702
26800 0.595065
26801 0.719252
26802 0.642326
26803 0.745209
26804 0.82734
26805 0.814537
26806 0.640072
26807 0.714931
26808 0.892859
26809 0.537478
26810 0.771563
26811 0.790919
26812 0.623079
26813 0.667359
26814 0.800224
26815 0.66781
26816 0.839314
26817 0.456271
26818 0.651827
26819 0.707975
26820 0.44243
26821 0.623874
26822 0.697136
26823 0.554346
26824 0.654198
26825 0.532108
26826 0.56679
26827 0.572663
26828 0.772303
26829 0.574052
26830 0.610371
26831 0.694955
26832 0.721251
26833 0.809229
26834 0.717864
26835 0.799075
26836 0.715852
26837 0.90584
26838 0.830295
26839 0.656017
26840 0.665097
26841 0.723768
26842 0.817182
26843 0.474256
26844 0.946032
26845 0.449556
26846 0.725261
26847 0.552749
26848 0.674902
26849 0.50852
26850 0.484667
26851 0.541053
26852 0.720013
26853 0.809645
26854 0.591394
26855 0.576204
26856 0.795109
26857 0.59942
26858 0.751955
26859 0.454667
26860 0.457159
26861 0.595766
26862 0.802873
26863 0.753353
26864 0.547275
26865 0.487975
26866 0.632958
26867 0.612007
26868 0.565883
26869 0.861787
26870 0.604813
26871 0.608544
26872 0.887166
26873 0.72592
26874 0.474549
26875 0.551205
26876 0.709924
26877 0.607269
26878 0.631304
26879 0.600048
26880 0.713435
26881 0.540792
26882 0.702377
26883 0.619777
26884 0.66771
26885 0.682978
26886 0.634351
26887 0.71358
26888 0.695024
26889 0.566245
26890 0.55673
26891 0.455306
26892 0.638133
26893 0.57725
26894 0.56889
26895 0.756028
26896 0.615773
26897 0.485338
26898 0.931836
26899 0.958515
26900 0.589465
26901 0.59796
26902 0.545049
26903 0.422431
26904 0.57648
26905 0.505437
26906 0.841129
26907 0.3116
26908 0.761422
26909 0.634969
26910 0.441442
26911 0.401203
26912 0.70575
26913 0.920577
26914 0.509914
26915 0.534773
26916 0.548794
26917 0.443654
26918 0.594877
26919 0.525023
26920 0.544733
26921 0.624553
26922 0.599251
26923 0.521999
26924 0.639602
26925 0.777379
26926 0.598224
26927 0.728509
26928 0.541047
26929 0.585782
26930 0.712314
26931 0.798862
26932 0.637722
26933 0.61469
26934 0.678525
26935 0.475759
26936 0.709823
26937 0.745329
26938 0.55863
26939 0.724555
26940 0.640847
26941 0.53279
26942 0.587327
26943 0.813022
26944 0.680831
26945 0.732249
26946 0.502658
26947 0.781821
26948 0.677115
26949 0.561161
26950 0.574297
26951 0.5491
26952 0.5093
26953 0.487707
26954 0.800194
26955 0.582433
26956 0.60886
26957 0.57943
26958 0.605268
26959 0.829697
26960 0.439731
26961 0.587713
26962 0.544044
26963 0.514707
26964 0.51993
26965 0.506342
26966 0.693047
26967 0.626577
26968 0.750077
26969 0.450881
26970 0.743036
26971 0.743839
26972 0.639615
26973 0.709424
26974 0.676065
26975 0.724323
26976 0.612466
26977 0.666109
26978 0.386494
26979 0.375074
26980 0.445796
26981 0.719829
26982 0.633676
26983 0.736611
26984 0.530569
26985 0.449285
26986 0.439877
26987 0.674111
26988 0.775185
26989 0.625709
26990 0.560294
26991 0.885719
26992 0.517456
26993 0.605323
26994 0.486619
26995 0.478878
26996 0.586241
26997 0.502387
26998 0.832455
26999 0.53079
27000 0.600703
27001 0.602709
27002 0.507149
27003 0.615455
27004 0.652706
27005 0.470857
27006 0.519301
27007 0.415612
27008 0.687556
27009 0.62652
27010 0.643781
27011 0.833486
27012 0.686754
27013 0.888491
27014 0.700935
27015 0.648166
27016 0.683432
27017 0.446155
27018 0.627713
27019 0.563475
27020 0.577439
27021 0.930649
27022 0.788289
27023 0.676012
27024 0.615145
27025 0.640394
27026 0.764008
27027 0.564115
27028 0.791417
27029 0.867954
27030 0.58674
27031 0.644733
27032 0.611848
27033 0.642201
27034 0.648237
27035 0.658753
27036 0.790573
27037 0.69339
27038 0.436723
27039 0.765089
27040 0.527272
27041 0.542854
27042 0.555736
27043 0.674657
27044 0.530696
27045 0.815392
27046 0.673503
27047 0.679878
27048 0.836298
27049 0.750302
27050 0.662762
27051 0.506373
27052 0.634085
27053 0.760682
27054 0.853098
27055 0.728613
27056 0.55028
27057 0.636556
27058 0.615191
27059 0.689486
27060 0.603421
27061 0.640711
27062 0.753393
27063 0.764758
27064 0.618741
27065 0.674816
27066 0.761168
27067 0.66084
27068 0.539493
27069 0.641273
27070 0.441767
27071 0.835008
27072 0.483339
27073 0.59494
27074 0.768892
27075 0.747014
27076 0.650326
27077 0.742226
27078 0.75417
27079 0.431573
27080 0.382209
27081 0.846143
27082 0.487327
27083 0.982091
27084 0.4881
27085 0.399879
27086 0.589754
27087 0.74118
27088 0.659087
27089 0.718453
27090 0.637418
27091 0.524881
27092 0.571974
27093 0.512707
27094 0.717969
27095 0.659739
27096 0.768505
27097 0.494767
27098 0.934693
27099 0.874132
27100 0.471006
27101 0.539617
27102 0.582028
27103 0.59292
27104 0.613747
27105 0.809066
27106 0.543464
27107 0.760242
27108 0.62614
27109 0.43495
27110 0.487613
27111 0.492389
27112 0.738746
27113 0.89834
27114 0.587559
27115 0.357592
27116 0.664639
27117 0.684312
27118 0.670568
27119 0.888578
27120 0.587268
27121 0.459729
27122 0.701137
27123 0.454097
27124 0.566396
27125 0.461171
27126 0.517145
27127 0.718498
27128 0.798427
27129 0.37548
27130 0.795461
27131 0.651987
27132 0.759488
27133 0.570753
27134 0.771424
27135 0.671779
27136 0.760961
27137 0.88773
27138 0.825794
27139 0.673461
27140 0.509219
27141 0.853283
27142 0.648123
27143 0.595921
27144 0.614979
27145 0.740883
27146 0.640751
27147 0.356367
27148 0.686725
27149 0.546291
27150 0.821731
27151 0.682679
27152 0.816008
27153 0.68631
27154 0.746257
27155 0.522983
27156 0.448462
27157 0.630317
27158 0.56261
27159 0.790532
27160 0.789771
27161 0.827805
27162 0.630132
27163 0.326175
27164 0.550774
27165 0.769459
27166 0.529907
27167 0.612166
27168 0.747272
27169 0.683733
27170 0.830614
27171 0.620295
27172 0.63082
27173 0.917236
27174 0.76844
27175 0.869067
27176 0.4643
27177 0.49657
27178 0.662657
27179 0.566338
27180 0.656841
27181 0.572464
27182 0.65901
27183 0.788734
27184 0.875828
27185 0.481843
27186 0.736649
27187 0.687898
27188 0.649018
27189 0.568527
27190 0.702973
27191 0.645113
27192 0.58477
27193 0.521288
27194 0.806608
27195 0.698228
27196 0.817641
27197 0.621714
27198 0.760171
27199 0.823054
27200 0.770624
27201 0.854285
27202 0.5982
27203 0.810139
27204 0.718175
27205 0.545881
27206 0.856351
27207 0.726191
27208 0.693617
27209 0.702791
27210 0.661499
27211 0.726217
27212 0.518243
27213 0.489142
27214 0.284324
27215 0.462439
27216 0.573251
27217 0.903657
27218 0.395983
27219 0.610846
27220 0.667369
27221 0.639705
27222 0.627593
27223 0.725613
27224 0.699609
27225 0.701615
27226 0.651392
27227 0.909135
27228 0.475468
27229 0.84753
27230 0.736685
27231 0.547853
27232 0.750258
27233 0.778279
27234 0.65035
27235 0.483333
27236 0.851699
27237 0.732295
27238 0.610493
27239 0.709842
27240 0.584777
27241 0.640596
27242 0.694249
27243 0.576388
27244 0.544379
27245 0.521755
27246 0.827279
27247 0.578129
27248 0.538743
27249 0.599414
27250 0.673499
27251 0.544004
27252 0.757546
27253 0.729872
27254 0.629809
27255 0.73866
27256 0.635979
27257 0.587454
27258 0.590229
27259 0.853887
27260 0.612423
27261 0.567924
27262 0.873299
27263 0.685383
27264 0.964597
27265 0.750333
27266 0.365521
27267 0.625371
27268 0.8393
27269 0.484258
27270 0.505221
27271 0.52496
27272 0.781255
27273 0.549451
27274 0.587679
27275 0.631254
27276 0.619329
27277 0.557746
27278 0.579882
27279 0.705204
27280 0.754085
27281 0.479819
27282 0.802571
27283 0.899387
27284 0.906863
27285 0.540425
27286 0.89097
27287 0.587218
27288 0.517552
27289 0.851026
27290 0.594604
27291 0.539802
27292 0.704771
27293 0.556608
27294 0.48706
27295 0.726305
27296 0.518677
27297 0.643395
27298 0.859898
27299 0.803737
27300 0.610441
27301 0.655696
27302 0.555417
27303 0.576842
27304 0.401887
27305 0.720945
27306 0.543835
27307 0.680295
27308 0.444664
27309 0.691891
27310 0.678573
27311 0.620597
27312 0.76573
27313 0.569541
27314 0.584193
27315 0.519127
27316 0.480662
27317 0.499597
27318 0.565166
27319 0.540317
27320 0.419731
27321 0.833111
27322 0.781821
27323 0.725945
27324 0.859393
27325 0.652979
27326 0.482187
27327 0.451928
27328 0.750594
27329 0.681693
27330 0.58504
27331 0.632604
27332 0.60797
27333 0.66354
27334 0.673393
27335 0.667562
27336 0.836943
27337 0.816851
27338 0.387875
27339 0.684021
27340 0.621821
27341 0.564444
27342 0.497241
27343 0.556022
27344 0.571554
27345 0.672031
27346 0.586436
27347 0.657786
27348 0.530003
27349 0.543431
27350 0.592821
27351 0.774675
27352 0.777811
27353 0.758377
27354 0.647027
27355 0.719253
27356 0.692045
27357 0.346219
27358 0.572318
27359 0.647955
27360 0.784866
27361 0.628267
27362 0.792087
27363 0.685443
27364 0.708474
27365 0.903434
27366 0.603506
27367 0.685066
27368 0.6673
27369 0.601112
27370 0.662203
27371 0.500786
27372 0.534392
27373 0.645089
27374 0.494403
27375 0.627864
27376 0.896575
27377 0.894902
27378 0.525762
27379 0.369939
27380 0.608169
27381 0.618527
27382 0.736073
27383 0.513532
27384 0.663026
27385 0.605901
27386 0.62065
27387 0.669316
27388 0.757085
27389 0.362654
27390 0.641809
27391 0.810739
27392 0.478552
27393 0.515371
27394 0.750555
27395 0.470316
27396 0.665325
27397 0.700859
27398 0.484399
27399 0.615574
27400 0.581441
27401 0.57619
27402 0.514909
27403 0.416821
27404 0.829758
27405 0.56609
27406 0.809165
27407 0.607635
27408 0.720223
27409 0.571119
27410 0.603628
27411 0.611464
27412 0.713989
27413 0.77411
27414 0.626006
27415 0.535748
27416 0.741862
27417 0.686429
27418 0.916661
27419 0.77076
27420 0.534136
27421 0.535959
27422 0.582879
27423 0.576234
27424 0.52859
27425 0.501998
27426 0.424907
27427 0.647483
27428 0.710742
27429 0.809497
27430 0.741509
27431 0.913865
27432 0.772219
27433 0.828615
27434 0.705469
27435 0.52306
27436 0.725217
27437 0.362306
27438 0.567637
27439 0.752796
27440 0.546099
27441 0.607789
27442 0.962964
27443 0.596066
27444 0.52671
27445 0.648781
27446 0.652466
27447 0.609806
27448 0.864271
27449 0.490697
27450 0.549373
27451 0.814933
27452 0.474894
27453 0.650773
27454 0.639677
27455 0.580501
27456 0.682847
27457 0.571208
27458 0.559842
27459 0.500269
27460 0.665243
27461 0.589662
27462 0.567598
27463 0.856599
27464 0.402211
27465 0.824321
27466 0.538112
27467 0.772172
27468 0.554084
27469 0.593868
27470 0.455302
27471 0.561608
27472 0.612437
27473 0.637134
27474 0.57383
27475 0.544757
27476 0.571853
27477 0.686748
27478 0.661519
27479 0.689022
27480 0.627236
27481 0.420342
27482 0.404299
27483 0.579849
27484 0.559537
27485 0.612567
27486 0.489303
27487 0.733023
27488 0.733156
27489 0.715696
27490 0.791439
27491 0.855179
27492 0.638025
27493 0.638404
27494 0.553845
27495 0.742089
27496 0.602865
27497 0.412137
27498 0.736446
27499 0.79968
27500 0.426727
27501 0.59434
27502 0.655273
27503 0.458275
27504 0.534253
27505 0.652916
27506 0.566027
27507 0.906357
27508 0.400117
27509 0.821543
27510 0.604111
27511 0.743501
27512 0.642507
27513 0.61247
27514 0.550472
27515 0.678047
27516 0.624612
27517 0.564984
27518 0.584766
27519 0.624581
27520 0.675693
27521 0.726067
27522 0.63317
27523 0.704975
27524 0.690483
27525 0.404318
27526 0.648523
27527 0.745479
27528 0.699539
27529 0.851902
27530 0.876328
27531 0.692957
27532 0.584319
27533 0.528762
27534 0.681522
27535 0.630076
27536 0.623797
27537 0.70413
27538 0.727816
27539 0.816142
27540 0.534092
27541 0.812228
27542 0.887642
27543 0.608405
27544 0.556918
27545 0.924471
27546 0.882802
27547 0.794363
27548 0.813129
27549 0.599665
27550 0.731227
27551 0.753099
27552 0.831217
27553 0.595756
27554 0.619479
27555 0.688247
27556 0.603103
27557 0.482555
27558 0.765926
27559 0.961399
27560 0.565039
27561 0.584531
27562 0.674165
27563 0.752417
27564 0.45031
27565 0.430133
27566 0.819197
27567 0.443049
27568 0.741422
27569 0.585047
27570 0.62461
27571 0.835684
27572 0.799293
27573 0.48372
27574 0.754834
27575 0.569405
27576 0.506014
27577 0.627286
27578 0.750314
27579 0.886473
27580 0.283512
27581 0.376789
27582 0.586553
27583 0.744163
27584 0.658521
27585 0.590206
27586 0.666484
27587 0.65233
27588 0.648502
27589 0.529833
27590 0.752936
27591 0.612008
27592 0.768956
27593 0.794812
27594 0.464081
27595 0.630692
27596 0.646928
27597 0.659172
27598 0.668904
27599 0.558533
27600 0.716877
27601 0.673582
27602 0.517583
27603 0.600367
27604 0.644224
27605 0.619443
27606 0.489818
27607 0.628724
27608 0.769879
27609 0.577352
27610 0.583161
27611 0.833687
27612 0.618633
27613 0.668399
27614 0.815184
27615 0.641597
27616 0.534532
27617 0.638879
27618 0.748972
27619 0.725907
27620 0.908828
27621 0.563757
27622 0.530518
27623 0.963009
27624 0.759307
27625 0.730953
27626 0.711293
27627 0.718393
27628 0.851904
27629 0.296671
27630 0.65292
27631 0.512012
27632 0.628798
27633 0.64988
27634 0.756897
27635 0.678971
27636 0.705348
27637 0.536485
27638 0.694166
27639 0.655548
27640 0.448816
27641 0.726544
27642 0.854464
27643 0.49598
27644 0.519772
27645 0.486888
27646 0.853942
27647 0.744332
27648 0.703949
27649 0.491575
27650 0.633085
27651 0.816992
27652 0.702323
27653 0.573364
27654 0.650805
27655 0.695577
27656 0.618866
27657 0.61866
27658 0.713607
27659 0.798437
27660 0.704046
27661 0.788741
27662 0.445556
27663 0.54557
27664 0.672802
27665 0.796495
27666 0.593183
27667 0.616387
27668 0.408522
27669 0.457221
27670 0.529749
27671 0.575385
27672 0.665404
27673 0.446865
27674 0.444293
27675 0.53468
27676 0.295841
27677 0.612351
27678 0.727293
27679 0.782101
27680 0.902871
27681 0.885911
27682 0.549084
27683 0.883384
27684 0.628895
27685 0.73189
27686 0.796889
27687 0.683465
27688 0.791234
27689 0.660759
27690 0.564736
27691 0.742017
27692 0.587851
27693 0.600826
27694 0.731269
27695 0.522582
27696 0.749494
27697 0.734519
27698 0.554434
27699 0.573488
27700 0.717452
27701 0.305558
27702 0.595318
27703 0.665151
27704 0.768353
27705 0.577237
27706 0.605331
27707 0.826167
27708 0.910521
27709 0.593114
27710 0.663014
27711 0.69799
27712 0.544805
27713 0.592893
27714 0.978668
27715 0.554665
27716 0.689358
27717 0.561141
27718 0.594278
27719 0.890483
27720 0.757554
27721 0.779827
27722 0.592546
27723 0.562411
27724 0.628292
27725 0.671389
27726 0.703103
27727 0.608443
27728 0.781924
27729 0.546222
27730 0.568849
27731 0.568783
27732 0.836179
27733 0.683344
27734 0.843324
27735 0.706204
27736 0.879107
27737 0.79524
27738 0.580499
27739 0.726544
27740 0.906297
27741 0.610259
27742 0.536494
27743 0.626856
27744 0.836012
27745 0.934098
27746 0.644074
27747 0.781142
27748 0.648682
27749 0.513574
27750 0.81937
27751 0.952766
27752 0.703288
27753 0.660264
27754 0.844122
27755 0.708653
27756 0.545424
27757 0.758488
27758 0.65674
27759 0.492669
27760 0.911481
27761 0.546217
27762 0.604958
27763 0.722987
27764 0.627601
27765 0.389719
27766 0.70092
27767 0.59699
27768 0.771997
27769 0.842514
27770 0.657658
27771 0.749693
27772 0.811129
27773 0.549644
27774 0.577692
27775 0.792619
27776 0.670863
27777 0.88755
27778 0.650283
27779 0.93046
27780 0.69814
27781 0.719848
27782 0.631632
27783 0.588172
27784 0.555727
27785 0.638099
27786 0.458141
27787 0.623847
27788 0.572967
27789 0.547219
27790 0.78501
27791 0.481078
27792 0.465151
27793 0.722552
27794 0.597781
27795 0.364709
27796 0.470216
27797 0.66022
27798 0.527929
27799 0.605734
27800 0.704115
27801 0.599837
27802 0.597972
27803 0.616889
27804 0.874431
27805 0.709053
27806 0.82306
27807 0.843991
27808 0.696213
27809 0.506281
27810 0.771557
27811 0.859067
27812 0.376714
27813 0.409955
27814 0.641392
27815 0.859619
27816 0.671715
27817 0.694973
27818 0.656772
27819 0.664029
27820 0.458164
27821 0.53882
27822 0.787456
27823 0.638033
27824 0.457944
27825 0.893508
27826 0.736527
27827 0.833109
27828 0.523319
27829 0.61104
27830 0.771081
27831 0.646763
27832 0.312366
27833 0.630415
27834 0.583394
27835 0.545237
27836 0.714338
27837 0.889531
27838 0.948725
27839 0.866525
27840 0.627549
27841 0.557116
27842 0.853626
27843 0.413299
27844 0.330975
27845 0.560602
27846 0.799544
27847 0.682278
27848 0.655581
27849 0.805401
27850 0.762501
27851 0.5159
27852 0.764579
27853 0.560791
27854 0.580533
27855 0.564407
27856 0.735259
27857 0.648144
27858 0.672581
27859 0.598219
27860 0.665435
27861 0.45823
27862 0.840404
27863 0.592658
27864 0.55424
27865 0.629489
27866 0.764862
27867 0.654382
27868 0.818348
27869 0.623557
27870 0.835789
27871 0.667786
27872 0.634954
27873 0.824934
27874 0.651872
27875 0.657376
27876 0.513062
27877 0.420003
27878 0.654432
27879 0.874172
27880 0.841737
27881 0.622139
27882 0.776051
27883 0.716434
27884 0.617861
27885 0.697476
27886 0.580349
27887 0.747205
27888 0.770947
27889 0.761809
27890 0.698431
27891 0.776793
27892 0.633819
27893 0.322932
27894 0.779952
27895 0.594636
27896 0.715002
27897 0.674285
27898 0.366366
27899 0.761532
27900 0.844139
27901 0.861151
27902 0.531501
27903 0.550765
27904 0.554022
27905 0.593586
27906 0.618672
27907 0.506039
27908 0.762938
27909 0.594396
27910 0.445888
27911 0.668402
27912 0.922505
27913 0.544697
27914 0.812276
27915 0.514639
27916 0.467662
27917 0.495569
27918 0.829184
27919 0.690324
27920 0.599251
27921 0.581752
27922 0.781282
27923 0.565423
27924 0.504583
27925 0.741781
27926 0.886896
27927 0.559169
27928 0.658362
27929 0.725792
27930 0.681953
27931 0.513694
27932 0.819087
27933 0.632323
27934 0.384502
27935 0.931881
27936 0.586463
27937 0.54973
27938 0.658551
27939 0.772493
27940 0.441248
27941 0.627327
27942 0.514219
27943 0.955442
27944 0.529905
27945 0.774574
27946 0.514045
27947 0.520025
27948 0.751887
27949 0.466327
27950 0.665134
27951 0.734619
27952 0.760247
27953 0.881303
27954 0.464493
27955 0.696959
27956 0.570267
27957 0.661429
27958 0.583459
27959 0.719226
27960 0.587286
27961 0.693365
27962 0.452221
27963 0.464356
27964 0.650832
27965 0.635419
27966 0.592348
27967 0.631599
27968 0.562975
27969 0.891502
27970 0.487211
27971 0.841866
27972 0.698675
27973 0.726501
27974 0.83611
27975 0.606873
27976 0.716059
27977 0.761714
27978 0.549906
27979 0.717372
27980 0.739857
27981 0.671499
27982 0.498957
27983 0.496195
27984 0.556824
27985 0.325842
27986 0.972295
27987 0.818076
27988 0.415665
27989 0.635993
27990 0.524471
27991 0.605111
27992 0.876811
27993 0.546844
27994 0.543464
27995 0.494113
27996 0.667979
27997 0.653108
27998 0.574105
27999 0.462981
28000 0.68986
28001 0.580919
28002 0.725276
28003 0.663186
28004 0.56111
28005 0.624277
28006 0.782158
28007 0.635753
28008 0.445415
28009 0.620478
28010 0.628568
28011 0.838751
28012 0.546758
28013 0.586212
28014 0.652041
28015 0.310405
28016 0.553746
28017 0.25028
28018 0.554253
28019 0.492052
28020 0.871979
28021 0.680336
28022 0.682956
28023 0.595169
28024 0.630234
28025 0.778332
28026 0.63328
28027 0.522083
28028 0.821286
28029 0.841695
28030 0.700149
28031 0.607378
28032 0.581702
28033 0.92049
28034 0.470308
28035 0.662992
28036 0.346289
28037 0.512099
28038 0.717142
28039 0.698896
28040 0.660996
28041 0.550818
28042 0.655683
28043 0.565834
28044 0.5103
28045 0.554321
28046 0.889332
28047 0.525277
28048 0.593945
28049 0.543617
28050 0.625581
28051 0.841382
28052 0.541582
28053 0.45941
28054 0.679933
28055 0.775708
28056 0.803638
28057 0.568502
28058 0.550658
28059 0.838823
28060 0.515834
28061 0.573566
28062 0.823591
28063 0.646768
28064 0.945759
28065 0.723325
28066 0.745578
28067 0.408154
28068 0.583119
28069 0.728614
28070 0.703479
28071 0.60453
28072 0.778001
28073 0.584786
28074 0.501518
28075 0.502401
28076 0.597612
28077 0.589589
28078 0.647058
28079 0.72203
28080 0.624047
28081 0.550883
28082 0.766984
28083 0.606457
28084 0.554765
28085 0.543384
28086 0.401191
28087 0.614461
28088 0.809428
28089 0.591852
28090 0.36871
28091 0.928691
28092 0.594808
28093 0.63884
28094 0.47392
28095 0.651325
28096 0.641144
28097 0.461938
28098 0.675201
28099 0.898272
28100 0.758673
28101 0.597492
28102 0.607293
28103 0.703725
28104 0.91092
28105 0.830733
28106 0.696024
28107 0.490753
28108 0.446824
28109 0.676228
28110 0.535264
28111 0.74238
28112 0.525559
28113 0.575918
28114 0.717093
28115 0.897416
28116 0.483037
28117 0.65339
28118 0.616985
28119 0.886995
28120 0.709707
28121 0.590178
28122 0.605325
28123 0.506323
28124 0.639897
28125 0.804285
28126 0.615988
28127 0.830691
28128 0.543574
28129 0.600934
28130 0.684037
28131 0.645167
28132 0.628443
28133 0.639692
28134 0.632614
28135 0.575828
28136 0.463589
28137 0.650958
28138 0.539451
28139 0.596419
28140 0.659378
28141 0.515292
28142 0.662689
28143 0.536809
28144 0.52023
28145 0.667855
28146 0.549548
28147 0.450792
28148 0.732036
28149 0.67283
28150 0.634183
28151 0.645178
28152 0.694698
28153 0.502853
28154 0.834181
28155 0.802229
28156 0.655308
28157 0.432892
28158 0.59023
28159 0.601511
28160 0.71007
28161 0.75248
28162 0.555118
28163 0.603667
28164 0.682731
28165 0.641678
28166 0.567513
28167 0.788351
28168 0.500012
28169 0.474636
28170 0.583924
28171 0.746749
28172 0.671713
28173 0.443471
28174 0.661889
28175 0.757388
28176 0.757733
28177 0.468333
28178 0.502664
28179 0.751634
28180 0.462938
28181 0.493295
28182 0.305159
28183 0.72966
28184 0.607387
28185 0.781073
28186 0.772493
28187 0.492939
28188 0.617279
28189 0.350791
28190 0.257955
28191 0.678907
28192 0.864348
28193 0.642092
28194 0.835507
28195 0.418437
28196 0.675967
28197 0.470735
28198 0.719852
28199 0.552285
28200 0.546807
28201 0.576126
28202 0.709718
28203 0.669901
28204 0.715314
28205 0.697445
28206 0.66808
28207 0.404169
28208 0.501422
28209 0.63077
28210 0.62425
28211 0.731956
28212 0.728255
28213 0.391394
28214 0.521128
28215 0.489922
28216 0.445268
28217 0.788202
28218 0.505636
28219 0.795882
28220 0.429943
28221 0.500599
28222 0.683015
28223 0.549238
28224 0.477094
28225 0.644237
28226 0.585974
28227 0.461591
28228 0.686103
28229 0.644828
28230 0.534847
28231 0.57868
28232 0.58991
28233 0.447404
28234 0.663112
28235 0.797495
28236 0.44463
28237 0.36346
28238 0.598022
28239 0.610632
28240 0.771939
28241 0.462584
28242 0.573663
28243 0.567384
28244 0.49306
28245 0.700631
28246 0.836699
28247 0.609459
28248 0.352101
28249 0.644104
28250 0.541408
28251 0.583918
28252 0.782203
28253 0.805735
28254 0.570602
28255 0.590727
28256 0.84264
28257 0.723813
28258 0.510385
28259 0.538325
28260 0.590599
28261 0.662806
28262 0.657939
28263 0.665938
28264 0.685457
28265 0.708247
28266 0.503445
28267 0.581141
28268 0.657813
28269 0.638788
28270 0.659345
28271 0.822333
28272 0.749618
28273 0.585687
28274 0.706473
28275 0.838245
28276 0.842547
28277 0.56116
28278 0.73245
28279 0.681392
28280 0.768855
28281 0.695677
28282 0.656848
28283 0.676975
28284 0.705552
28285 0.578362
28286 0.630305
28287 0.657381
28288 0.421182
28289 0.57856
28290 0.517466
28291 0.519868
28292 0.564852
28293 0.573323
28294 0.548335
28295 0.828766
28296 0.752382
28297 0.673107
28298 0.568265
28299 0.45217
28300 0.531082
28301 0.624447
28302 0.387478
28303 0.600538
28304 0.739305
28305 0.86023
28306 0.695213
28307 0.597946
28308 0.547124
28309 0.722296
28310 0.687287
28311 0.48095
28312 0.514019
28313 0.549995
28314 0.691379
28315 0.936569
28316 0.645709
28317 0.832813
28318 0.663403
28319 0.57235
28320 0.438953
28321 0.464486
28322 0.653803
28323 0.881303
28324 0.585896
28325 0.692324
28326 0.844859
28327 0.808675
28328 0.474951
28329 0.672618
28330 0.623741
28331 0.458115
28332 0.494263
28333 0.813595
28334 0.60523
28335 0.529677
28336 0.563389
28337 0.499671
28338 0.520902
28339 0.730191
28340 0.51655
28341 0.549346
28342 0.615558
28343 0.564205
28344 0.326158
28345 0.517708
28346 0.755681
28347 0.737494
28348 0.331856
28349 0.775955
28350 0.855516
28351 0.631484
28352 0.624271
28353 0.661222
28354 0.808089
28355 0.601572
28356 0.524056
28357 0.7043
28358 0.717894
28359 0.584927
28360 0.678417
28361 0.637668
28362 0.666716
28363 0.778321
28364 0.571517
28365 0.735285
28366 0.899524
28367 0.66576
28368 0.599475
28369 0.733978
28370 0.570165
28371 0.590694
28372 0.58024
28373 0.821288
28374 0.633727
28375 0.814011
28376 0.780083
28377 0.798119
28378 0.836557
28379 0.563472
28380 0.900898
28381 0.497781
28382 0.649067
28383 0.50579
28384 0.485848
28385 0.520989
28386 0.78631
28387 0.482681
28388 0.79319
28389 0.729403
28390 0.471967
28391 0.658399
28392 0.404773
28393 0.713419
28394 0.801863
28395 0.570684
28396 0.69634
28397 0.503836
28398 0.839618
28399 0.650702
28400 0.792874
28401 0.466254
28402 0.557962
28403 0.556785
28404 0.707928
28405 0.826939
28406 0.975069
28407 0.855497
28408 0.677138
28409 0.753733
28410 0.644129
28411 0.880151
28412 0.73729
28413 0.748854
28414 0.624729
28415 0.638184
28416 0.820398
28417 0.528286
28418 0.915177
28419 0.754563
28420 0.541263
28421 0.612385
28422 0.543556
28423 0.563032
28424 0.584256
28425 0.739927
28426 0.714506
28427 0.36348
28428 0.555797
28429 0.631174
28430 0.723749
28431 0.615369
28432 0.684984
28433 0.570022
28434 0.736024
28435 0.837836
28436 0.861739
28437 0.652591
28438 0.79655
28439 0.552469
28440 0.541079
28441 0.488927
28442 0.601845
28443 0.537266
28444 0.608315
28445 0.49882
28446 0.635062
28447 0.499414
28448 0.725117
28449 0.611584
28450 0.510636
28451 0.798594
28452 0.797025
28453 0.645331
28454 0.742409
28455 0.770729
28456 0.725342
28457 0.827712
28458 0.577843
28459 0.491419
28460 0.665913
28461 0.674277
28462 0.751799
28463 0.573243
28464 0.789455
28465 0.727342
28466 0.774215
28467 0.336994
28468 0.475544
28469 0.596899
28470 0.495378
28471 0.555132
28472 0.563519
28473 0.764578
28474 0.682056
28475 0.58847
28476 0.70585
28477 0.658937
28478 0.363463
28479 0.722806
28480 0.659349
28481 0.649557
28482 0.651811
28483 0.45863
28484 0.650074
28485 0.574942
28486 0.852451
28487 0.650068
28488 0.632391
28489 0.437108
28490 0.63751
28491 0.525651
28492 0.795818
28493 0.600638
28494 0.934987
28495 0.570703
28496 0.460895
28497 0.525648
28498 0.611287
28499 0.765745
28500 0.772405
28501 0.678476
28502 0.868842
28503 0.60006
28504 0.74195
28505 0.630258
28506 0.891297
28507 0.681958
28508 0.87692
28509 0.656664
28510 0.806341
28511 0.563532
28512 0.579656
28513 0.531571
28514 0.649615
28515 0.615485
28516 0.886528
28517 0.846579
28518 0.542131
28519 0.520843
28520 0.853065
28521 0.969195
28522 0.880389
28523 0.641785
28524 0.797963
28525 0.775399
28526 0.425432
28527 0.742294
28528 0.722882
28529 0.643995
28530 0.524578
28531 0.793817
28532 0.619416
28533 0.738924
28534 0.65379
28535 0.643752
28536 0.782184
28537 0.571198
28538 0.46682
28539 0.623038
28540 0.557541
28541 0.702889
28542 0.605308
28543 0.665052
28544 0.805566
28545 0.437389
28546 0.539029
28547 0.612993
28548 0.830891
28549 0.733453
28550 0.759298
28551 0.56845
28552 0.437406
28553 0.667566
28554 0.634714
28555 0.672942
28556 0.55711
28557 0.515919
28558 0.726572
28559 0.532722
28560 0.588703
28561 0.629704
28562 0.661741
28563 0.696508
28564 0.72404
28565 0.932827
28566 0.492469
28567 0.693198
28568 0.498742
28569 0.856898
28570 0.571554
28571 0.604363
28572 0.733547
28573 0.510823
28574 0.877068
28575 0.418044
28576 0.708322
28577 0.576487
28578 0.889986
28579 0.661633
28580 0.748872
28581 0.648712
28582 0.637895
28583 0.555446
28584 0.653445
28585 0.511067
28586 0.523232
28587 0.573427
28588 0.913789
28589 0.476852
28590 0.722544
28591 0.508868
28592 0.743436
28593 0.61719
28594 0.880562
28595 0.579138
28596 0.709699
28597 0.598732
28598 0.64346
28599 0.567963
28600 0.484011
28601 0.509881
28602 0.584783
28603 0.684589
28604 0.586601
28605 0.58536
28606 0.62307
28607 0.762938
28608 0.607455
28609 0.676652
28610 0.682111
28611 0.767968
28612 0.945892
28613 0.87445
28614 0.568172
28615 0.468526
28616 0.625063
28617 0.440304
28618 0.647448
28619 0.517976
28620 0.616963
28621 0.637745
28622 0.460414
28623 0.52121
28624 0.643887
28625 0.519572
28626 0.732619
28627 0.658889
28628 0.760313
28629 0.624135
28630 0.932827
28631 0.788293
28632 0.790808
28633 0.566291
28634 0.489296
28635 0.444054
28636 0.661602
28637 0.528806
28638 0.801729
28639 0.547691
28640 0.596511
28641 0.829217
28642 0.444166
28643 0.59799
28644 0.747361
28645 0.482599
28646 0.67217
28647 0.788138
28648 0.740706
28649 0.649827
28650 0.522119
28651 0.643427
28652 0.600423
28653 0.6097
28654 0.841533
28655 0.727917
28656 0.776837
28657 0.507104
28658 0.845824
28659 0.368186
28660 0.4906
28661 0.840296
28662 0.825813
28663 0.637682
28664 0.573321
28665 0.695503
28666 0.570418
28667 0.759119
28668 0.551409
28669 0.61763
28670 0.594515
28671 0.565264
28672 0.562318
28673 0.769546
28674 0.398985
28675 0.733264
28676 0.763841
28677 0.836856
28678 0.605354
28679 0.737223
28680 0.673993
28681 0.617197
28682 0.708097
28683 0.552096
28684 0.639853
28685 0.85532
28686 0.568659
28687 0.737699
28688 0.488834
28689 0.732615
28690 0.523611
28691 0.657143
28692 0.365903
28693 0.79378
28694 0.281004
28695 0.666407
28696 0.481198
28697 0.685228
28698 0.58037
28699 0.591425
28700 0.755571
28701 0.609318
28702 0.888883
28703 0.596164
28704 0.584308
28705 0.828429
28706 0.727748
28707 0.51998
28708 0.823475
28709 0.563091
28710 0.897375
28711 0.581861
28712 0.616668
28713 0.512133
28714 0.64057
28715 0.629242
28716 0.812459
28717 0.545562
28718 0.625759
28719 0.86236
28720 0.504879
28721 0.596763
28722 0.777791
28723 0.575754
28724 0.750256
28725 0.576608
28726 0.865851
28727 0.93761
28728 0.546086
28729 0.641873
28730 0.654345
28731 0.787017
28732 0.887102
28733 0.587044
28734 0.94448
28735 0.642219
28736 0.639487
28737 0.641336
28738 0.7655
28739 0.581895
28740 0.731749
28741 0.80473
28742 0.621248
28743 0.524756
28744 0.724538
28745 0.632847
28746 0.950381
28747 0.473531
28748 0.769894
28749 0.627479
28750 0.72554
28751 0.542639
28752 0.701967
28753 0.821198
28754 0.701289
28755 0.385784
28756 0.532228
28757 0.865345
28758 0.671146
28759 0.870854
28760 0.855165
28761 0.561131
28762 0.654085
28763 0.844859
28764 0.741324
28765 0.613865
28766 0.868987
28767 0.532736
28768 0.69812
28769 0.676591
28770 0.568181
28771 0.861689
28772 0.642628
28773 0.585173
28774 0.529974
28775 0.379554
28776 0.502007
28777 0.68484
28778 0.742669
28779 0.518709
28780 0.345567
28781 0.739803
28782 0.5146
28783 0.880088
28784 0.487533
28785 0.653088
28786 0.62534
28787 0.537643
28788 0.735398
28789 0.839511
28790 0.433153
28791 0.68337
28792 0.895636
28793 0.861781
28794 0.533763
28795 0.589112
28796 0.632399
28797 0.548162
28798 0.585757
28799 0.625306
28800 0.661786
28801 0.888373
28802 0.288143
28803 0.644365
28804 0.676244
28805 0.629936
28806 0.591774
28807 0.785151
28808 0.457756
28809 0.564031
28810 0.621328
28811 0.810127
28812 0.738356
28813 0.835759
28814 0.567941
28815 0.872327
28816 0.371818
28817 0.737658
28818 0.416082
28819 0.558838
28820 0.48029
28821 0.594864
28822 0.769962
28823 0.794401
28824 0.673444
28825 0.673094
28826 0.635522
28827 0.96895
28828 0.475372
28829 0.588628
28830 0.559038
28831 0.896695
28832 0.778606
28833 0.650902
28834 0.564319
28835 0.548153
28836 0.565728
28837 0.736533
28838 0.556207
28839 0.665008
28840 0.587643
28841 0.520443
28842 0.729785
28843 0.700024
28844 0.669739
28845 0.324071
28846 0.491036
28847 0.628987
28848 0.78486
28849 0.736419
28850 0.560982
28851 0.836545
28852 0.708032
28853 0.798744
28854 0.478068
28855 0.59877
28856 0.513242
28857 0.724652
28858 0.625442
28859 0.804336
28860 0.325054
28861 0.351983
28862 0.641154
28863 0.669298
28864 0.629682
28865 0.618501
28866 0.538
28867 0.56455
28868 0.615855
28869 0.810845
28870 0.893564
28871 0.670346
28872 0.641975
28873 0.786997
28874 0.385285
28875 0.805176
28876 0.693342
28877 0.674852
28878 0.62326
28879 0.641419
28880 0.798817
28881 0.89978
28882 0.813257
28883 0.484725
28884 0.917817
28885 0.651625
28886 0.62476
28887 0.777197
28888 0.432935
28889 0.703151
28890 0.627375
28891 0.715
28892 0.668007
28893 0.741302
28894 0.617832
28895 0.529362
28896 0.685925
28897 0.557146
28898 0.669451
28899 0.528714
28900 0.557949
28901 0.692844
28902 0.578136
28903 0.631577
28904 0.705174
28905 0.86246
28906 0.65217
28907 0.686291
28908 0.507905
28909 0.69879
28910 0.665298
28911 0.665236
28912 0.552804
28913 0.603801
28914 0.357567
28915 0.654308
28916 0.856649
28917 0.438947
28918 0.771227
28919 0.596993
28920 0.627422
28921 0.416361
28922 0.699876
28923 0.739175
28924 0.542412
28925 0.816524
28926 0.703821
28927 0.460437
28928 0.592391
28929 0.583843
28930 0.560477
28931 0.529765
28932 0.578899
28933 0.485777
28934 0.317933
28935 0.25939
28936 0.720075
28937 0.430352
28938 0.465927
28939 0.767902
28940 0.67562
28941 0.231699
28942 0.686859
28943 0.573367
28944 0.514264
28945 0.729404
28946 0.621903
28947 0.467588
28948 0.930008
28949 0.637655
28950 0.39951
28951 0.545884
28952 0.451769
28953 0.395017
28954 0.674922
28955 0.637133
28956 0.543247
28957 0.631227
28958 0.584387
28959 0.586802
28960 0.502225
28961 0.737541
28962 0.576325
28963 0.661385
28964 0.735521
28965 0.611302
28966 0.512767
28967 0.531291
28968 0.770538
28969 0.496181
28970 0.827403
28971 0.370659
28972 0.49363
28973 0.399437
28974 0.680647
28975 0.383059
28976 0.798674
28977 0.587922
28978 0.544805
28979 0.537167
28980 0.526514
28981 0.839752
28982 0.859846
28983 0.819913
28984 0.614666
28985 0.506105
28986 0.614677
28987 0.645867
28988 0.648864
28989 0.516115
28990 0.60326
28991 0.597327
28992 0.723145
28993 0.762878
28994 0.697669
28995 0.707417
28996 0.87641
28997 0.763018
28998 0.667213
28999 0.74819
29000 0.838903
29001 0.531082
29002 0.581788
29003 0.547509
29004 0.557447
29005 0.528797
29006 0.72798
29007 0.917568
29008 0.332
29009 0.786878
29010 0.443724
29011 0.593098
29012 0.847569
29013 0.538381
29014 0.757866
29015 0.497752
29016 0.572426
29017 0.672495
29018 0.711013
29019 0.410759
29020 0.641255
29021 0.744116
29022 0.627446
29023 0.74601
29024 0.568811
29025 0.690979
29026 0.878331
29027 0.79666
29028 0.799804
29029 0.370425
29030 0.735991
29031 0.680425
29032 0.550272
29033 0.471309
29034 0.890374
29035 0.646922
29036 0.638529
29037 0.654612
29038 0.704905
29039 0.596379
29040 0.572035
29041 0.612355
29042 0.640847
29043 0.547448
29044 0.647007
29045 0.667235
29046 0.613227
29047 0.569491
29048 0.727261
29049 0.626323
29050 0.561721
29051 0.670059
29052 0.880807
29053 0.634778
29054 0.691307
29055 0.968121
29056 0.639609
29057 0.670807
29058 0.710189
29059 0.343727
29060 0.588684
29061 0.798991
29062 0.630308
29063 0.543348
29064 0.649151
29065 0.605809
29066 0.5656
29067 0.551503
29068 0.638868
29069 0.53129
29070 0.749714
29071 0.652521
29072 0.770568
29073 0.578233
29074 0.545402
29075 0.71366
29076 0.871416
29077 0.918832
29078 0.578094
29079 0.781772
29080 0.637379
29081 0.57117
29082 0.513024
29083 0.958923
29084 0.625494
29085 0.721967
29086 0.752418
29087 0.696534
29088 0.457784
29089 0.66586
29090 0.481304
29091 0.687128
29092 0.78191
29093 0.475609
29094 0.680959
29095 0.876704
29096 0.518153
29097 0.531449
29098 0.598267
29099 0.66047
29100 0.70965
29101 0.577855
29102 0.879902
29103 0.485079
29104 0.640293
29105 0.699407
29106 0.668206
29107 0.37985
29108 0.401038
29109 0.644286
29110 0.764447
29111 0.683789
29112 0.869881
29113 0.55749
29114 0.421451
29115 0.673747
29116 0.641721
29117 0.861494
29118 0.607788
29119 0.516561
29120 0.625952
29121 0.631392
29122 0.879843
29123 0.559636
29124 0.508156
29125 0.615961
29126 0.508134
29127 0.476727
29128 0.449121
29129 0.654115
29130 0.64735
29131 0.573418
29132 0.553831
29133 0.622173
29134 0.663782
29135 0.75641
29136 0.588434
29137 0.56847
29138 0.524654
29139 0.592637
29140 0.529627
29141 0.522559
29142 0.620711
29143 0.918404
29144 0.536176
29145 0.50192
29146 0.631883
29147 0.404958
29148 0.728783
29149 0.642756
29150 0.969521
29151 0.741324
29152 0.563877
29153 0.742326
29154 0.473459
29155 0.566731
29156 0.690355
29157 0.549094
29158 0.722125
29159 0.599046
29160 0.56132
29161 0.897578
29162 0.593553
29163 0.463369
29164 0.521519
29165 0.866378
29166 0.823617
29167 0.633381
29168 0.775684
29169 0.539584
29170 0.572965
29171 0.544187
29172 0.722127
29173 0.470577
29174 0.459139
29175 0.618402
29176 0.762327
29177 0.750316
29178 0.587064
29179 0.513296
29180 0.639469
29181 0.859468
29182 0.656102
29183 0.579825
29184 0.618593
29185 0.737508
29186 0.603389
29187 0.523747
29188 0.670909
29189 0.815326
29190 0.441594
29191 0.652208
29192 0.547325
29193 0.557274
29194 0.608672
29195 0.789697
29196 0.562908
29197 0.633773
29198 0.628352
29199 0.785529
29200 0.781467
29201 0.871205
29202 0.573009
29203 0.409847
29204 0.557276
29205 0.67505
29206 0.850455
29207 0.60295
29208 0.261763
29209 0.764649
29210 0.626329
29211 0.844554
29212 0.885511
29213 0.851127
29214 0.650156
29215 0.551612
29216 0.436444
29217 0.828458
29218 0.586446
29219 0.59288
29220 0.386899
29221 0.865501
29222 0.538526
29223 0.584786
29224 0.735128
29225 0.534558
29226 0.477463
29227 0.662889
29228 0.776145
29229 0.800147
29230 0.624778
29231 0.384178
29232 0.596575
29233 0.619372
29234 0.808705
29235 0.56816
29236 0.673065
29237 0.94888
29238 0.63172
29239 0.467886
29240 0.6331
29241 0.65112
29242 0.78048
29243 0.570376
29244 0.508649
29245 0.595147
29246 0.725453
29247 0.747361
29248 0.806369
29249 0.701272
29250 0.725468
29251 0.674285
29252 0.916917
29253 0.630204
29254 0.538631
29255 0.455902
29256 0.907336
29257 0.660387
29258 0.695923
29259 0.703455
29260 0.593382
29261 0.502719
29262 0.606701
29263 0.677272
29264 0.8749
29265 0.796838
29266 0.641772
29267 0.713397
29268 0.896019
29269 0.530498
29270 0.475217
29271 0.548856
29272 0.635843
29273 0.621249
29274 0.650137
29275 0.51293
29276 0.719527
29277 0.858377
29278 0.376001
29279 0.779678
29280 0.683554
29281 0.494742
29282 0.489875
29283 0.606684
29284 0.669706
29285 0.752509
29286 0.889773
29287 0.718749
29288 0.546217
29289 0.749005
29290 0.730042
29291 0.606364
29292 0.683379
29293 0.668928
29294 0.790949
29295 0.718889
29296 0.476778
29297 0.553442
29298 0.710404
29299 0.790163
29300 0.652731
29301 0.639737
29302 0.741184
29303 0.828727
29304 0.592264
29305 0.736547
29306 0.457859
29307 0.595343
29308 0.776085
29309 0.703747
29310 0.61987
29311 0.492739
29312 0.564992
29313 0.612053
29314 0.492669
29315 0.5948
29316 0.659505
29317 0.573688
29318 0.770753
29319 0.566415
29320 0.487769
29321 0.581014
29322 0.722689
29323 0.517389
29324 0.58718
29325 0.636757
29326 0.540578
29327 0.487518
29328 0.563999
29329 0.587427
29330 0.531073
29331 0.339411
29332 0.707081
29333 0.700479
29334 0.536924
29335 0.762647
29336 0.960965
29337 0.57362
29338 0.765775
29339 0.527189
29340 0.499443
29341 0.62126
29342 0.57237
29343 0.680785
29344 0.541097
29345 0.50375
29346 0.643124
29347 0.638951
29348 0.784798
29349 0.507878
29350 0.621641
29351 0.726853
29352 0.717065
29353 0.888072
29354 0.639727
29355 0.460754
29356 0.633326
29357 0.615459
29358 0.297412
29359 0.697129
29360 0.818109
29361 0.838987
29362 0.57148
29363 0.454989
29364 0.639251
29365 0.903753
29366 0.581789
29367 0.563586
29368 0.788315
29369 0.616612
29370 0.693843
29371 0.483844
29372 0.498298
29373 0.606519
29374 0.725338
29375 0.604838
29376 0.735054
29377 0.712838
29378 0.650489
29379 0.547447
29380 0.607424
29381 0.626598
29382 0.745725
29383 0.94522
29384 0.754823
29385 0.551445
29386 0.532719
29387 0.780994
29388 0.28355
29389 0.625602
29390 0.797912
29391 0.582936
29392 0.847765
29393 0.559355
29394 0.559488
29395 0.593983
29396 0.654372
29397 0.524235
29398 0.705433
29399 0.751083
29400 0.537833
29401 0.589147
29402 0.810406
29403 0.547611
29404 0.52089
29405 0.630661
29406 0.673825
29407 0.47064
29408 0.424061
29409 0.665782
29410 0.606636
29411 0.786606
29412 0.566119
29413 0.522107
29414 0.617816
29415 0.561287
29416 0.582191
29417 0.420145
29418 0.511809
29419 0.631047
29420 0.873152
29421 0.517825
29422 0.543444
29423 0.615384
29424 0.909137
29425 0.587663
29426 0.681167
29427 0.651133
29428 0.67856
29429 0.558351
29430 0.604234
29431 0.6156
29432 0.940843
29433 0.627278
29434 0.634373
29435 0.649597
29436 0.598578
29437 0.571909
29438 0.617183
29439 0.466968
29440 0.874791
29441 0.482342
29442 0.856855
29443 0.369938
29444 0.644225
29445 0.609386
29446 0.550875
29447 0.588884
29448 0.737533
29449 0.901129
29450 0.474345
29451 0.68622
29452 0.604166
29453 0.454299
29454 0.584011
29455 0.445077
29456 0.584925
29457 0.564938
29458 0.586791
29459 0.502798
29460 0.479314
29461 0.525259
29462 0.28544
29463 0.785875
29464 0.649347
29465 0.450943
29466 0.681863
29467 0.383489
29468 0.46808
29469 0.518491
29470 0.588606
29471 0.836943
29472 0.780523
29473 0.589492
29474 0.525501
29475 0.655261
29476 0.613028
29477 0.663187
29478 0.702551
29479 0.590379
29480 0.836297
29481 0.901483
29482 0.884633
29483 0.56652
29484 0.511178
29485 0.69445
29486 0.552691
29487 0.92324
29488 0.72388
29489 0.389642
29490 0.790837
29491 0.530124
29492 0.737541
29493 0.497307
29494 0.723743
29495 0.491211
29496 0.890155
29497 0.773568
29498 0.643564
29499 0.542266
29500 0.329181
29501 0.71744
29502 0.499548
29503 0.549906
29504 0.548894
29505 0.566985
29506 0.609134
29507 0.57915
29508 0.351855
29509 0.947175
29510 0.486843
29511 0.947512
29512 0.51094
29513 0.592826
29514 0.709092
29515 0.696866
29516 0.695407
29517 0.793702
29518 0.841218
29519 0.500136
29520 0.566356
29521 0.649984
29522 0.512175
29523 0.634755
29524 0.547021
29525 0.549016
29526 0.60143
29527 0.641025
29528 0.711194
29529 0.63824
29530 0.638488
29531 0.533944
29532 0.721893
29533 0.61162
29534 0.742241
29535 0.653911
29536 0.642494
29537 0.820924
29538 0.899441
29539 0.611942
29540 0.557077
29541 0.664637
29542 0.651979
29543 0.652401
29544 0.655215
29545 0.553597
29546 0.98738
29547 0.609255
29548 0.560329
29549 0.637682
29550 0.459711
29551 0.590616
29552 0.609242
29553 0.556559
29554 0.662559
29555 0.586936
29556 0.914422
29557 0.608642
29558 0.525466
29559 0.822678
29560 0.781185
29561 0.981063
29562 0.552637
29563 0.78571
29564 0.753417
29565 0.349538
29566 0.745647
29567 0.617244
29568 0.69376
29569 0.565983
29570 0.484864
29571 0.559145
29572 0.543692
29573 0.55144
29574 0.397009
29575 0.780612
29576 0.558188
29577 0.531974
29578 0.559011
29579 0.627065
29580 0.559352
29581 0.749495
29582 0.594467
29583 0.8092
29584 0.579983
29585 0.687905
29586 0.611053
29587 0.615174
29588 0.556205
29589 0.747842
29590 0.648186
29591 0.755231
29592 0.819218
29593 0.760427
29594 0.712131
29595 0.515304
29596 0.527684
29597 0.688112
29598 0.493136
29599 0.795526
29600 0.566805
29601 0.67118
29602 0.711875
29603 0.544526
29604 0.567782
29605 0.903421
29606 0.796271
29607 0.501783
29608 0.962017
29609 0.659049
29610 0.605254
29611 0.848514
29612 0.797465
29613 0.778625
29614 0.766919
29615 0.634176
29616 0.783656
29617 0.57108
29618 0.628791
29619 0.506201
29620 0.723979
29621 0.570917
29622 0.597056
29623 0.607378
29624 0.685287
29625 0.592317
29626 0.363231
29627 0.762699
29628 0.781375
29629 0.757198
29630 0.381346
29631 0.543754
29632 0.520649
29633 0.803033
29634 0.558045
29635 0.534361
29636 0.595931
29637 0.434115
29638 0.804142
29639 0.610735
29640 0.825723
29641 0.692749
29642 0.458201
29643 0.57773
29644 0.786048
29645 0.624098
29646 0.74569
29647 0.916113
29648 0.684782
29649 0.720744
29650 0.646713
29651 0.571486
29652 0.454578
29653 0.726666
29654 0.737989
29655 0.716278
29656 0.634951
29657 0.724846
29658 0.844729
29659 0.510369
29660 0.540079
29661 0.533877
29662 0.42143
29663 0.498114
29664 0.295794
29665 0.567259
29666 0.684302
29667 0.7847
29668 0.524906
29669 0.706205
29670 0.487109
29671 0.590025
29672 0.636467
29673 0.746972
29674 0.660388
29675 0.511369
29676 0.542321
29677 0.682014
29678 0.513567
29679 0.801288
29680 0.670166
29681 0.610377
29682 0.472274
29683 0.662829
29684 0.858531
29685 0.749737
29686 0.856492
29687 0.642992
29688 0.482075
29689 0.405341
29690 0.624474
29691 0.64192
29692 0.782924
29693 0.653593
29694 0.639634
29695 0.665519
29696 0.579795
29697 0.714468
29698 0.682438
29699 0.3703
29700 0.592288
29701 0.652803
29702 0.762362
29703 0.61081
29704 0.657975
29705 0.681378
29706 0.659452
29707 0.587709
29708 0.463147
29709 0.534282
29710 0.56025
29711 0.652455
29712 0.681506
29713 0.658278
29714 0.66288
29715 0.835444
29716 0.5204
29717 0.595548
29718 0.462992
29719 0.634853
29720 0.657578
29721 0.622682
29722 0.579888
29723 0.422519
29724 0.469446
29725 0.468614
29726 0.639603
29727 0.465137
29728 0.532425
29729 0.65368
29730 0.597358
29731 0.638134
29732 0.63604
29733 0.483027
29734 0.467298
29735 0.656627
29736 0.604506
29737 0.645115
29738 0.677792
29739 0.661782
29740 0.634447
29741 0.69637
29742 0.850658
29743 0.648655
29744 0.580512
29745 0.630232
29746 0.730652
29747 0.677065
29748 0.669796
29749 0.525569
29750 0.637856
29751 0.580568
29752 0.603869
29753 0.439525
29754 0.694745
29755 0.740326
29756 0.588492
29757 0.61496
29758 0.609758
29759 0.632978
29760 0.660418
29761 0.759147
29762 0.786154
29763 0.422818
29764 0.564987
29765 0.651597
29766 0.578528
29767 0.51318
29768 0.443256
29769 0.557228
29770 0.74342
29771 0.869795
29772 0.719018
29773 0.581676
29774 0.505885
29775 0.648979
29776 0.753352
29777 0.6318
29778 0.716833
29779 0.856765
29780 0.71319
29781 0.616913
29782 0.743597
29783 0.679218
29784 0.646081
29785 0.551605
29786 0.894327
29787 0.64004
29788 0.493334
29789 0.55246
29790 0.545981
29791 0.801881
29792 0.549268
29793 0.616978
29794 0.906962
29795 0.623268
29796 0.805373
29797 0.707817
29798 0.859671
29799 0.62656
29800 0.558768
29801 0.873072
29802 0.81127
29803 0.536101
29804 0.681898
29805 0.579959
29806 0.45116
29807 0.667262
29808 0.552873
29809 0.784142
29810 0.420402
29811 0.249451
29812 0.628591
29813 0.39198
29814 0.619954
29815 0.676877
29816 0.630908
29817 0.472724
29818 0.560296
29819 0.83125
29820 0.651648
29821 0.69575
29822 0.788824
29823 0.64237
29824 0.575754
29825 0.58997
29826 0.670572
29827 0.81661
29828 0.539895
29829 0.59569
29830 0.831701
29831 0.659274
29832 0.882374
29833 0.699602
29834 0.547866
29835 0.616878
29836 0.583357
29837 0.716145
29838 0.813176
29839 0.29727
29840 0.926956
29841 0.695607
29842 0.735925
29843 0.738516
29844 0.706796
29845 0.735396
29846 0.634339
29847 0.4602
29848 0.771894
29849 0.57737
29850 0.662205
29851 0.764812
29852 0.429806
29853 0.574813
29854 0.434031
29855 0.301774
29856 0.3795
29857 0.551783
29858 0.960684
29859 0.610302
29860 0.632039
29861 0.365231
29862 0.515707
29863 0.637123
29864 0.611067
29865 0.550031
29866 0.614169
29867 0.928267
29868 0.855201
29869 0.825062
29870 0.655367
29871 0.659625
29872 0.607017
29873 0.581733
29874 0.586307
29875 0.650541
29876 0.731089
29877 0.651244
29878 0.804966
29879 0.312258
29880 0.416872
29881 0.667211
29882 0.719296
29883 0.846819
29884 0.598591
29885 0.627743
29886 0.649586
29887 0.55287
29888 0.555715
29889 0.660025
29890 0.616529
29891 0.603845
29892 0.513152
29893 0.66181
29894 0.285069
29895 0.629332
29896 0.718092
29897 0.465838
29898 0.875855
29899 0.718388
29900 0.600549
29901 0.64162
29902 0.736577
29903 0.610794
29904 0.580412
29905 0.634945
29906 0.880046
29907 0.387465
29908 0.398027
29909 0.531053
29910 0.510741
29911 0.623295
29912 0.59319
29913 0.784154
29914 0.453891
29915 0.66042
29916 0.598952
29917 0.383468
29918 0.643237
29919 0.587681
29920 0.818467
29921 0.7427
29922 0.649063
29923 0.572372
29924 0.591444
29925 0.690669
29926 0.861645
29927 0.708388
29928 0.558047
29929 0.816529
29930 0.498875
29931 0.918787
29932 0.656204
29933 0.484911
29934 0.629752
29935 0.560202
29936 0.519713
29937 0.580294
29938 0.396154
29939 0.642992
29940 0.642591
29941 0.794553
29942 0.625615
29943 0.551083
29944 0.749344
29945 0.89648
29946 0.645178
29947 0.939161
29948 0.877165
29949 0.556276
29950 0.742709
29951 0.762568
29952 0.612875
29953 0.584
29954 0.766616
29955 0.75918
29956 0.500157
29957 0.489897
29958 0.574356
29959 0.437583
29960 0.184132
29961 0.851648
29962 0.785268
29963 0.585011
29964 0.372243
29965 0.799994
29966 0.54415
29967 0.86866
29968 0.580172
29969 0.684482
29970 0.737185
29971 0.393808
29972 0.702878
29973 0.675303
29974 0.638107
29975 0.676827
29976 0.760393
29977 0.857126
29978 0.694392
29979 0.685621
29980 0.57402
29981 0.806598
29982 0.692492
29983 0.5613
29984 0.480128
29985 0.875226
29986 0.681499
29987 0.664595
29988 0.597096
29989 0.683451
29990 0.534195
29991 0.601169
29992 0.561634
29993 0.854357
29994 0.821472
29995 0.645046
29996 0.887049
29997 0.696852
29998 0.714844
29999 0.69599
30000 0.874203
30001 0.662535
30002 0.693464
30003 0.542476
30004 0.757357
30005 0.50315
30006 0.487219
30007 0.540799
30008 0.801288
30009 0.465094
30010 0.48081
30011 0.552408
30012 0.636719
30013 0.728942
30014 0.89442
30015 0.510909
30016 0.580129
30017 0.789985
30018 0.561379
30019 0.833314
30020 0.572004
30021 0.751317
30022 0.675679
30023 0.515582
30024 0.6506
30025 0.855427
30026 0.677806
30027 0.612923
30028 0.589069
30029 0.508887
30030 0.649598
30031 0.83259
30032 0.451843
30033 0.526436
30034 0.4826
30035 0.864591
30036 0.835546
30037 0.600522
30038 0.554674
30039 0.558816
30040 0.806365
30041 0.556054
30042 0.498335
30043 0.545746
30044 0.748763
30045 0.652451
30046 0.431734
30047 0.450497
30048 0.798824
30049 0.593478
30050 0.817343
30051 0.846211
30052 0.910123
30053 0.751131
30054 0.848708
30055 0.806081
30056 0.297403
30057 0.701615
30058 0.36696
30059 0.613085
30060 0.499416
30061 0.508385
30062 0.638046
30063 0.645032
30064 0.391466
30065 0.721242
30066 0.642202
30067 0.434564
30068 0.612915
30069 0.784673
30070 0.69368
30071 0.711434
30072 0.634239
30073 0.824714
30074 0.522916
30075 0.605287
30076 0.481221
30077 0.662958
30078 0.629127
30079 0.808218
30080 0.510608
30081 0.834707
30082 0.606114
30083 0.595318
30084 0.772447
30085 0.521489
30086 0.476922
30087 0.696263
30088 0.635752
30089 0.649062
30090 0.679126
30091 0.590165
30092 0.45633
30093 0.807431
30094 0.64785
30095 0.624397
30096 0.663022
30097 0.826356
30098 0.651761
30099 0.857508
30100 0.626804
30101 0.633095
30102 0.560356
30103 0.73438
30104 0.80992
30105 0.481114
30106 0.7267
30107 0.616433
30108 0.74017
30109 0.642874
30110 0.70453
30111 0.502516
30112 0.760511
30113 0.860139
30114 0.575198
30115 0.58035
30116 0.518192
30117 0.411306
30118 0.676206
30119 0.802325
30120 0.500914
30121 0.35435
30122 0.650181
30123 0.689861
30124 0.776187
30125 0.620062
30126 0.618705
30127 0.826312
30128 0.531542
30129 0.690615
30130 0.674273
30131 0.583646
30132 0.638385
30133 0.590993
30134 0.508852
30135 0.680653
30136 0.62582
30137 0.522818
30138 0.552253
30139 0.876217
30140 0.762751
30141 0.472997
30142 0.499982
30143 0.57943
30144 0.355838
30145 0.856275
30146 0.418065
30147 0.794282
30148 0.560165
30149 0.526953
30150 0.696358
30151 0.837166
30152 0.728919
30153 0.623558
30154 0.518126
30155 0.381265
30156 0.473223
30157 0.737777
30158 0.814704
30159 0.33697
30160 0.571158
30161 0.743906
30162 0.638884
30163 0.594137
30164 0.478104
30165 0.547607
30166 0.57011
30167 0.424318
30168 0.588417
30169 0.795018
30170 0.604457
30171 0.707489
30172 0.518837
30173 0.696276
30174 0.597998
30175 0.975416
30176 0.557976
30177 0.680027
30178 0.703378
30179 0.541272
30180 0.548123
30181 0.745984
30182 0.761536
30183 0.785931
30184 0.646369
30185 0.646534
30186 0.564655
30187 0.679451
30188 0.634809
30189 0.573912
30190 0.419257
30191 0.590306
30192 0.609943
30193 0.622221
30194 0.724497
30195 0.486299
30196 0.547407
30197 0.800382
30198 0.522684
30199 0.770562
30200 0.667802
30201 0.759888
30202 0.534696
30203 0.618232
30204 0.267304
30205 0.524009
30206 0.950795
30207 0.908333
30208 0.575601
30209 0.697668
30210 0.914325
30211 0.619758
30212 0.695717
30213 0.667932
30214 0.742789
30215 0.893956
30216 0.738624
30217 0.52608
30218 0.503907
30219 0.653609
30220 0.455899
30221 0.593479
30222 0.830788
30223 0.628846
30224 0.533935
30225 0.753525
30226 0.574212
30227 0.549196
30228 0.511024
30229 0.480446
30230 0.896912
30231 0.637383
30232 0.770325
30233 0.579043
30234 0.551588
30235 0.613437
30236 0.726769
30237 0.793885
30238 0.599124
30239 0.602736
30240 0.661742
30241 0.585279
30242 0.42933
30243 0.727631
30244 0.624816
30245 0.328588
30246 0.646483
30247 0.343104
30248 0.622077
30249 0.533458
30250 0.384524
30251 0.478197
30252 0.749528
30253 0.484592
30254 0.538814
30255 0.96356
30256 0.885162
30257 0.686522
30258 0.64678
30259 0.661961
30260 0.572266
30261 0.6325
30262 0.838071
30263 0.676528
30264 0.438544
30265 0.845448
30266 0.649643
30267 0.636579
30268 0.842613
30269 0.828944
30270 0.287233
30271 0.729602
30272 0.300425
30273 0.623765
30274 0.754222
30275 0.813917
30276 0.625899
30277 0.807178
30278 0.591014
30279 0.72136
30280 0.70906
30281 0.588241
30282 0.191953
30283 0.594622
30284 0.607061
30285 0.500976
30286 0.661928
30287 0.404215
30288 0.445137
30289 0.579183
