Freq.	mag(I(RCoil1))	mag(I(RCoil2))	mag(I(RLoad))	mag(I(RSource))
2.00000000000000e+06	1.04283745344835e-02,0.00000000000000e+00	1.70825455215013e-05,0.00000000000000e+00	1.70825455214997e-05,0.00000000000000e+00	1.04283745344839e-02,0.00000000000000e+00
2.00461047615580e+06	1.04525907805133e-02,0.00000000000000e+00	1.72015364490851e-05,0.00000000000000e+00	1.72015364490853e-05,0.00000000000000e+00	1.04525907805107e-02,0.00000000000000e+00
2.00923158055679e+06	1.04768580499354e-02,0.00000000000000e+00	1.73213389975443e-05,0.00000000000000e+00	1.73213389975426e-05,0.00000000000000e+00	1.04768580499341e-02,0.00000000000000e+00
2.01386333770361e+06	1.05011763564623e-02,0.00000000000000e+00	1.74419583126847e-05,0.00000000000000e+00	1.74419583126822e-05,0.00000000000000e+00	1.05011763564615e-02,0.00000000000000e+00
2.01850577215337e+06	1.05255457122787e-02,0.00000000000000e+00	1.75633995651133e-05,0.00000000000000e+00	1.75633995651094e-05,0.00000000000000e+00	1.05255457122784e-02,0.00000000000000e+00
2.02315890851980e+06	1.05499661280879e-02,0.00000000000000e+00	1.76856679502827e-05,0.00000000000000e+00	1.76856679502830e-05,0.00000000000000e+00	1.05499661280848e-02,0.00000000000000e+00
2.02782277147336e+06	1.05744376130287e-02,0.00000000000000e+00	1.78087686884395e-05,0.00000000000000e+00	1.78087686884411e-05,0.00000000000000e+00	1.05744376130273e-02,0.00000000000000e+00
2.03249738574139e+06	1.05989601747025e-02,0.00000000000000e+00	1.79327070245485e-05,0.00000000000000e+00	1.79327070245470e-05,0.00000000000000e+00	1.05989601747035e-02,0.00000000000000e+00
2.03718277610823e+06	1.06235338191288e-02,0.00000000000000e+00	1.80574882282288e-05,0.00000000000000e+00	1.80574882282251e-05,0.00000000000000e+00	1.06235338191281e-02,0.00000000000000e+00
2.04187896741536e+06	1.06481585507279e-02,0.00000000000000e+00	1.81831175938110e-05,0.00000000000000e+00	1.81831175938178e-05,0.00000000000000e+00	1.06481585507287e-02,0.00000000000000e+00
2.04658598456151e+06	1.06728343722711e-02,0.00000000000000e+00	1.83096004401891e-05,0.00000000000000e+00	1.83096004401903e-05,0.00000000000000e+00	1.06728343722738e-02,0.00000000000000e+00
2.05130385250281e+06	1.06975612849116e-02,0.00000000000000e+00	1.84369421107779e-05,0.00000000000000e+00	1.84369421107816e-05,0.00000000000000e+00	1.06975612849086e-02,0.00000000000000e+00
2.05603259625295e+06	1.07223392880929e-02,0.00000000000000e+00	1.85651479734650e-05,0.00000000000000e+00	1.85651479734652e-05,0.00000000000000e+00	1.07223392880933e-02,0.00000000000000e+00
2.06077224088323e+06	1.07471683795836e-02,0.00000000000000e+00	1.86942234205344e-05,0.00000000000000e+00	1.86942234205354e-05,0.00000000000000e+00	1.07471683795813e-02,0.00000000000000e+00
2.06552281152279e+06	1.07720485554238e-02,0.00000000000000e+00	1.88241738686616e-05,0.00000000000000e+00	1.88241738686557e-05,0.00000000000000e+00	1.07720485554250e-02,0.00000000000000e+00
2.07028433335869e+06	1.07969798099068e-02,0.00000000000000e+00	1.89550047587092e-05,0.00000000000000e+00	1.89550047587114e-05,0.00000000000000e+00	1.07969798099046e-02,0.00000000000000e+00
2.07505683163602e+06	1.08219621355289e-02,0.00000000000000e+00	1.90867215557439e-05,0.00000000000000e+00	1.90867215557450e-05,0.00000000000000e+00	1.08219621355280e-02,0.00000000000000e+00
2.07984033165812e+06	1.08469955230297e-02,0.00000000000000e+00	1.92193297489709e-05,0.00000000000000e+00	1.92193297489668e-05,0.00000000000000e+00	1.08469955230267e-02,0.00000000000000e+00
2.08463485878661e+06	1.08720799612814e-02,0.00000000000000e+00	1.93528348515745e-05,0.00000000000000e+00	1.93528348515749e-05,0.00000000000000e+00	1.08720799612820e-02,0.00000000000000e+00
2.08944043844160e+06	1.08972154373382e-02,0.00000000000000e+00	1.94872424006389e-05,0.00000000000000e+00	1.94872424006387e-05,0.00000000000000e+00	1.08972154373341e-02,0.00000000000000e+00
2.09425709610180e+06	1.09224019363467e-02,0.00000000000000e+00	1.96225579570936e-05,0.00000000000000e+00	1.96225579570984e-05,0.00000000000000e+00	1.09224019363510e-02,0.00000000000000e+00
2.09908485730464e+06	1.09476394415938e-02,0.00000000000000e+00	1.97587871056134e-05,0.00000000000000e+00	1.97587871056099e-05,0.00000000000000e+00	1.09476394415963e-02,0.00000000000000e+00
2.10392374764644e+06	1.09729279343920e-02,0.00000000000000e+00	1.98959354543909e-05,0.00000000000000e+00	1.98959354543932e-05,0.00000000000000e+00	1.09729279343949e-02,0.00000000000000e+00
2.10877379278251e+06	1.09982673941186e-02,0.00000000000000e+00	2.00340086352125e-05,0.00000000000000e+00	2.00340086352085e-05,0.00000000000000e+00	1.09982673941194e-02,0.00000000000000e+00
2.11363501842731e+06	1.10236577981566e-02,0.00000000000000e+00	2.01730123031556e-05,0.00000000000000e+00	2.01730123031560e-05,0.00000000000000e+00	1.10236577981577e-02,0.00000000000000e+00
2.11850745035458e+06	1.10490991218911e-02,0.00000000000000e+00	2.03129521366267e-05,0.00000000000000e+00	2.03129521366320e-05,0.00000000000000e+00	1.10490991218937e-02,0.00000000000000e+00
2.12339111439745e+06	1.10745913386552e-02,0.00000000000000e+00	2.04538338370875e-05,0.00000000000000e+00	2.04538338370888e-05,0.00000000000000e+00	1.10745913386549e-02,0.00000000000000e+00
2.12828603644863e+06	1.11001344197169e-02,0.00000000000000e+00	2.05956631290400e-05,0.00000000000000e+00	2.05956631290416e-05,0.00000000000000e+00	1.11001344197173e-02,0.00000000000000e+00
2.13319224246051e+06	1.11257283342432e-02,0.00000000000000e+00	2.07384457597762e-05,0.00000000000000e+00	2.07384457597774e-05,0.00000000000000e+00	1.11257283342446e-02,0.00000000000000e+00
2.13810975844531e+06	1.11513730492868e-02,0.00000000000000e+00	2.08821874993461e-05,0.00000000000000e+00	2.08821874993473e-05,0.00000000000000e+00	1.11513730492891e-02,0.00000000000000e+00
2.14303861047521e+06	1.11770685297369e-02,0.00000000000000e+00	2.10268941402762e-05,0.00000000000000e+00	2.10268941402771e-05,0.00000000000000e+00	1.11770685297387e-02,0.00000000000000e+00
2.14797882468249e+06	1.12028147383059e-02,0.00000000000000e+00	2.11725714975595e-05,0.00000000000000e+00	2.11725714975621e-05,0.00000000000000e+00	1.12028147383039e-02,0.00000000000000e+00
2.15293042725967e+06	1.12286116354774e-02,0.00000000000000e+00	2.13192254083485e-05,0.00000000000000e+00	2.13192254083462e-05,0.00000000000000e+00	1.12286116354749e-02,0.00000000000000e+00
2.15789344445965e+06	1.12544591795067e-02,0.00000000000000e+00	2.14668617318822e-05,0.00000000000000e+00	2.14668617318823e-05,0.00000000000000e+00	1.12544591795084e-02,0.00000000000000e+00
2.16286790259587e+06	1.12803573263802e-02,0.00000000000000e+00	2.16154863492558e-05,0.00000000000000e+00	2.16154863492575e-05,0.00000000000000e+00	1.12803573263778e-02,0.00000000000000e+00
2.16785382804240e+06	1.13063060297618e-02,0.00000000000000e+00	2.17651051632634e-05,0.00000000000000e+00	2.17651051632631e-05,0.00000000000000e+00	1.13063060297600e-02,0.00000000000000e+00
2.17285124723413e+06	1.13323052409907e-02,0.00000000000000e+00	2.19157240981856e-05,0.00000000000000e+00	2.19157240981843e-05,0.00000000000000e+00	1.13323052409934e-02,0.00000000000000e+00
2.17786018666686e+06	1.13583549090373e-02,0.00000000000000e+00	2.20673490996063e-05,0.00000000000000e+00	2.20673490996087e-05,0.00000000000000e+00	1.13583549090419e-02,0.00000000000000e+00
2.18288067289751e+06	1.13844549804943e-02,0.00000000000000e+00	2.22199861342418e-05,0.00000000000000e+00	2.22199861342432e-05,0.00000000000000e+00	1.13844549804905e-02,0.00000000000000e+00
2.18791273254418e+06	1.14106053994858e-02,0.00000000000000e+00	2.23736411896580e-05,0.00000000000000e+00	2.23736411896619e-05,0.00000000000000e+00	1.14106053994841e-02,0.00000000000000e+00
2.19295639228637e+06	1.14368061076986e-02,0.00000000000000e+00	2.25283202740847e-05,0.00000000000000e+00	2.25283202740899e-05,0.00000000000000e+00	1.14368061077012e-02,0.00000000000000e+00
2.19801167886504e+06	1.14630570443268e-02,0.00000000000000e+00	2.26840294162098e-05,0.00000000000000e+00	2.26840294162115e-05,0.00000000000000e+00	1.14630570443296e-02,0.00000000000000e+00
2.20307861908283e+06	1.14893581460476e-02,0.00000000000000e+00	2.28407746649673e-05,0.00000000000000e+00	2.28407746649685e-05,0.00000000000000e+00	1.14893581460451e-02,0.00000000000000e+00
2.20815723980414e+06	1.15157093469427e-02,0.00000000000000e+00	2.29985620891662e-05,0.00000000000000e+00	2.29985620891693e-05,0.00000000000000e+00	1.15157093469407e-02,0.00000000000000e+00
2.21324756795533e+06	1.15421105785333e-02,0.00000000000000e+00	2.31573977774367e-05,0.00000000000000e+00	2.31573977774406e-05,0.00000000000000e+00	1.15421105785343e-02,0.00000000000000e+00
2.21834963052480e+06	1.15685617697111e-02,0.00000000000000e+00	2.33172878378486e-05,0.00000000000000e+00	2.33172878378432e-05,0.00000000000000e+00	1.15685617697080e-02,0.00000000000000e+00
2.22346345456318e+06	1.15950628466939e-02,0.00000000000000e+00	2.34782383976661e-05,0.00000000000000e+00	2.34782383976649e-05,0.00000000000000e+00	1.15950628466936e-02,0.00000000000000e+00
2.22858906718345e+06	1.16216137330153e-02,0.00000000000000e+00	2.36402556030479e-05,0.00000000000000e+00	2.36402556030477e-05,0.00000000000000e+00	1.16216137330143e-02,0.00000000000000e+00
2.23372649556112e+06	1.16482143494769e-02,0.00000000000000e+00	2.38033456188805e-05,0.00000000000000e+00	2.38033456188808e-05,0.00000000000000e+00	1.16482143494745e-02,0.00000000000000e+00
2.23887576693430e+06	1.16748646141126e-02,0.00000000000000e+00	2.39675146284118e-05,0.00000000000000e+00	2.39675146284086e-05,0.00000000000000e+00	1.16748646141121e-02,0.00000000000000e+00
2.24403690860392e+06	1.17015644421687e-02,0.00000000000000e+00	2.41327688328855e-05,0.00000000000000e+00	2.41327688328943e-05,0.00000000000000e+00	1.17015644421684e-02,0.00000000000000e+00
2.24920994793385e+06	1.17283137460429e-02,0.00000000000000e+00	2.42991144514107e-05,0.00000000000000e+00	2.42991144514073e-05,0.00000000000000e+00	1.17283137460426e-02,0.00000000000000e+00
2.25439491235101e+06	1.17551124352695e-02,0.00000000000000e+00	2.44665577204686e-05,0.00000000000000e+00	2.44665577204733e-05,0.00000000000000e+00	1.17551124352668e-02,0.00000000000000e+00
2.25959182934559e+06	1.17819604164762e-02,0.00000000000000e+00	2.46351048937755e-05,0.00000000000000e+00	2.46351048937703e-05,0.00000000000000e+00	1.17819604164785e-02,0.00000000000000e+00
2.26480072647111e+06	1.18088575933469e-02,0.00000000000000e+00	2.48047622417400e-05,0.00000000000000e+00	2.48047622417429e-05,0.00000000000000e+00	1.18088575933487e-02,0.00000000000000e+00
2.27002163134462e+06	1.18358038665958e-02,0.00000000000000e+00	2.49755360513123e-05,0.00000000000000e+00	2.49755360513033e-05,0.00000000000000e+00	1.18358038665947e-02,0.00000000000000e+00
2.27525457164686e+06	1.18627991338855e-02,0.00000000000000e+00	2.51474326254903e-05,0.00000000000000e+00	2.51474326254900e-05,0.00000000000000e+00	1.18627991338861e-02,0.00000000000000e+00
2.28049957512233e+06	1.18898432898746e-02,0.00000000000000e+00	2.53204582831572e-05,0.00000000000000e+00	2.53204582831592e-05,0.00000000000000e+00	1.18898432898729e-02,0.00000000000000e+00
2.28575666957954e+06	1.19169362260738e-02,0.00000000000000e+00	2.54946193584320e-05,0.00000000000000e+00	2.54946193584300e-05,0.00000000000000e+00	1.19169362260775e-02,0.00000000000000e+00
2.29102588289106e+06	1.19440778309292e-02,0.00000000000000e+00	2.56699222005904e-05,0.00000000000000e+00	2.56699222005897e-05,0.00000000000000e+00	1.19440778309272e-02,0.00000000000000e+00
2.29630724299376e+06	1.19712679896491e-02,0.00000000000000e+00	2.58463731734336e-05,0.00000000000000e+00	2.58463731734320e-05,0.00000000000000e+00	1.19712679896487e-02,0.00000000000000e+00
2.30160077788886e+06	1.19985065842763e-02,0.00000000000000e+00	2.60239786550303e-05,0.00000000000000e+00	2.60239786550358e-05,0.00000000000000e+00	1.19985065842755e-02,0.00000000000000e+00
2.30690651564218e+06	1.20257934936037e-02,0.00000000000000e+00	2.62027450373273e-05,0.00000000000000e+00	2.62027450373296e-05,0.00000000000000e+00	1.20257934936040e-02,0.00000000000000e+00
2.31222448438419e+06	1.20531285931255e-02,0.00000000000000e+00	2.63826787255974e-05,0.00000000000000e+00	2.63826787255975e-05,0.00000000000000e+00	1.20531285931271e-02,0.00000000000000e+00
2.31755471231024e+06	1.20805117550188e-02,0.00000000000000e+00	2.65637861381623e-05,0.00000000000000e+00	2.65637861381646e-05,0.00000000000000e+00	1.20805117550193e-02,0.00000000000000e+00
2.32289722768068e+06	1.21079428480892e-02,0.00000000000000e+00	2.67460737058587e-05,0.00000000000000e+00	2.67460737058497e-05,0.00000000000000e+00	1.21079428480864e-02,0.00000000000000e+00
2.32825205882097e+06	1.21354217377302e-02,0.00000000000000e+00	2.69295478716045e-05,0.00000000000000e+00	2.69295478716043e-05,0.00000000000000e+00	1.21354217377332e-02,0.00000000000000e+00
2.33361923412192e+06	1.21629482859184e-02,0.00000000000000e+00	2.71142150900427e-05,0.00000000000000e+00	2.71142150900376e-05,0.00000000000000e+00	1.21629482859156e-02,0.00000000000000e+00
2.33899878203973e+06	1.21905223511024e-02,0.00000000000000e+00	2.73000818268787e-05,0.00000000000000e+00	2.73000818268784e-05,0.00000000000000e+00	1.21905223510995e-02,0.00000000000000e+00
2.34439073109625e+06	1.22181437882165e-02,0.00000000000000e+00	2.74871545585777e-05,0.00000000000000e+00	2.74871545585784e-05,0.00000000000000e+00	1.22181437882172e-02,0.00000000000000e+00
2.34979510987905e+06	1.22458124486406e-02,0.00000000000000e+00	2.76754397717979e-05,0.00000000000000e+00	2.76754397717989e-05,0.00000000000000e+00	1.22458124486427e-02,0.00000000000000e+00
2.35521194704161e+06	1.22735281801217e-02,0.00000000000000e+00	2.78649439628732e-05,0.00000000000000e+00	2.78649439628771e-05,0.00000000000000e+00	1.22735281801227e-02,0.00000000000000e+00
2.36064127130345e+06	1.23012908267591e-02,0.00000000000000e+00	2.80556736373101e-05,0.00000000000000e+00	2.80556736373107e-05,0.00000000000000e+00	1.23012908267566e-02,0.00000000000000e+00
2.36608311145032e+06	1.23291002289358e-02,0.00000000000000e+00	2.82476353092965e-05,0.00000000000000e+00	2.82476353092972e-05,0.00000000000000e+00	1.23291002289377e-02,0.00000000000000e+00
2.37153749633431e+06	1.23569562233344e-02,0.00000000000000e+00	2.84408355011398e-05,0.00000000000000e+00	2.84408355011449e-05,0.00000000000000e+00	1.23569562233327e-02,0.00000000000000e+00
2.37700445487403e+06	1.23848586428089e-02,0.00000000000000e+00	2.86352807427113e-05,0.00000000000000e+00	2.86352807427120e-05,0.00000000000000e+00	1.23848586428117e-02,0.00000000000000e+00
2.38248401605474e+06	1.24128073164115e-02,0.00000000000000e+00	2.88309775708476e-05,0.00000000000000e+00	2.88309775708498e-05,0.00000000000000e+00	1.24128073164157e-02,0.00000000000000e+00
2.38797620892854e+06	1.24408020693205e-02,0.00000000000000e+00	2.90279325288234e-05,0.00000000000000e+00	2.90279325288253e-05,0.00000000000000e+00	1.24408020693213e-02,0.00000000000000e+00
2.39348106261448e+06	1.24688427227821e-02,0.00000000000000e+00	2.92261521658017e-05,0.00000000000000e+00	2.92261521658045e-05,0.00000000000000e+00	1.24688427227810e-02,0.00000000000000e+00
2.39899860629875e+06	1.24969290940918e-02,0.00000000000000e+00	2.94256430361546e-05,0.00000000000000e+00	2.94256430361573e-05,0.00000000000000e+00	1.24969290940921e-02,0.00000000000000e+00
2.40452886923482e+06	1.25250609965424e-02,0.00000000000000e+00	2.96264116988912e-05,0.00000000000000e+00	2.96264116988905e-05,0.00000000000000e+00	1.25250609965447e-02,0.00000000000000e+00
2.41007188074358e+06	1.25532382393717e-02,0.00000000000000e+00	2.98284647169543e-05,0.00000000000000e+00	2.98284647169557e-05,0.00000000000000e+00	1.25532382393715e-02,0.00000000000000e+00
2.41562767021355e+06	1.25814606277173e-02,0.00000000000000e+00	3.00318086567790e-05,0.00000000000000e+00	3.00318086567813e-05,0.00000000000000e+00	1.25814606277188e-02,0.00000000000000e+00
2.42119626710095e+06	1.26097279625832e-02,0.00000000000000e+00	3.02364500874157e-05,0.00000000000000e+00	3.02364500874184e-05,0.00000000000000e+00	1.26097279625852e-02,0.00000000000000e+00
2.42677770092994e+06	1.26380400407769e-02,0.00000000000000e+00	3.04423955799658e-05,0.00000000000000e+00	3.04423955799702e-05,0.00000000000000e+00	1.26380400407786e-02,0.00000000000000e+00
2.43237200129273e+06	1.26663966548809e-02,0.00000000000000e+00	3.06496517069541e-05,0.00000000000000e+00	3.06496517069556e-05,0.00000000000000e+00	1.26663966548787e-02,0.00000000000000e+00
2.43797919784972e+06	1.26947975931666e-02,0.00000000000000e+00	3.08582250414818e-05,0.00000000000000e+00	3.08582250414804e-05,0.00000000000000e+00	1.26947975931661e-02,0.00000000000000e+00
2.44359932032973e+06	1.27232426396136e-02,0.00000000000000e+00	3.10681221566808e-05,0.00000000000000e+00	3.10681221566827e-05,0.00000000000000e+00	1.27232426396113e-02,0.00000000000000e+00
2.44923239853009e+06	1.27517315738003e-02,0.00000000000000e+00	3.12793496249056e-05,0.00000000000000e+00	3.12793496249026e-05,0.00000000000000e+00	1.27517315738008e-02,0.00000000000000e+00
2.45487846231680e+06	1.27802641709019e-02,0.00000000000000e+00	3.14919140170432e-05,0.00000000000000e+00	3.14919140170419e-05,0.00000000000000e+00	1.27802641709008e-02,0.00000000000000e+00
2.46053754162475e+06	1.28088402016011e-02,0.00000000000000e+00	3.17058219016697e-05,0.00000000000000e+00	3.17058219016678e-05,0.00000000000000e+00	1.28088402015967e-02,0.00000000000000e+00
2.46620966645781e+06	1.28374594320614e-02,0.00000000000000e+00	3.19210798443943e-05,0.00000000000000e+00	3.19210798443962e-05,0.00000000000000e+00	1.28374594320585e-02,0.00000000000000e+00
2.47189486688901e+06	1.28661216238792e-02,0.00000000000000e+00	3.21376944070187e-05,0.00000000000000e+00	3.21376944070180e-05,0.00000000000000e+00	1.28661216238828e-02,0.00000000000000e+00
2.47759317306073e+06	1.28948265340647e-02,0.00000000000000e+00	3.23556721467972e-05,0.00000000000000e+00	3.23556721468003e-05,0.00000000000000e+00	1.28948265340682e-02,0.00000000000000e+00
2.48330461518481e+06	1.29235739149162e-02,0.00000000000000e+00	3.25750196155216e-05,0.00000000000000e+00	3.25750196155202e-05,0.00000000000000e+00	1.29235739149137e-02,0.00000000000000e+00
2.48902922354276e+06	1.29523635140285e-02,0.00000000000000e+00	3.27957433588066e-05,0.00000000000000e+00	3.27957433588068e-05,0.00000000000000e+00	1.29523635140314e-02,0.00000000000000e+00
2.49476702848587e+06	1.29811950742430e-02,0.00000000000000e+00	3.30178499151754e-05,0.00000000000000e+00	3.30178499151732e-05,0.00000000000000e+00	1.29811950742470e-02,0.00000000000000e+00
2.50051806043543e+06	1.30100683335845e-02,0.00000000000000e+00	3.32413458152294e-05,0.00000000000000e+00	3.32413458152309e-05,0.00000000000000e+00	1.30100683335823e-02,0.00000000000000e+00
2.50628234988282e+06	1.30389830251898e-02,0.00000000000000e+00	3.34662375807935e-05,0.00000000000000e+00	3.34662375807950e-05,0.00000000000000e+00	1.30389830251875e-02,0.00000000000000e+00
2.51205992738974e+06	1.30679388772977e-02,0.00000000000000e+00	3.36925317239783e-05,0.00000000000000e+00	3.36925317239804e-05,0.00000000000000e+00	1.30679388772991e-02,0.00000000000000e+00
2.51785082358832e+06	1.30969356131832e-02,0.00000000000000e+00	3.39202347463362e-05,0.00000000000000e+00	3.39202347463335e-05,0.00000000000000e+00	1.30969356131800e-02,0.00000000000000e+00
2.52365506918133e+06	1.31259729510861e-02,0.00000000000000e+00	3.41493531378800e-05,0.00000000000000e+00	3.41493531378788e-05,0.00000000000000e+00	1.31259729510844e-02,0.00000000000000e+00
2.52947269494229e+06	1.31550506041830e-02,0.00000000000000e+00	3.43798933761706e-05,0.00000000000000e+00	3.43798933761708e-05,0.00000000000000e+00	1.31550506041842e-02,0.00000000000000e+00
2.53530373171568e+06	1.31841682805422e-02,0.00000000000000e+00	3.46118619253633e-05,0.00000000000000e+00	3.46118619253651e-05,0.00000000000000e+00	1.31841682805421e-02,0.00000000000000e+00
2.54114821041707e+06	1.32133256830460e-02,0.00000000000000e+00	3.48452652352436e-05,0.00000000000000e+00	3.48452652352453e-05,0.00000000000000e+00	1.32133256830445e-02,0.00000000000000e+00
2.54700616203331e+06	1.32425225093486e-02,0.00000000000000e+00	3.50801097402673e-05,0.00000000000000e+00	3.50801097402679e-05,0.00000000000000e+00	1.32425225093486e-02,0.00000000000000e+00
2.55287761762267e+06	1.32717584518350e-02,0.00000000000000e+00	3.53164018584253e-05,0.00000000000000e+00	3.53164018584260e-05,0.00000000000000e+00	1.32717584518381e-02,0.00000000000000e+00
2.55876260831503e+06	1.33010331975610e-02,0.00000000000000e+00	3.55541479903647e-05,0.00000000000000e+00	3.55541479903662e-05,0.00000000000000e+00	1.33010331975621e-02,0.00000000000000e+00
2.56466116531203e+06	1.33303464281992e-02,0.00000000000000e+00	3.57933545183134e-05,0.00000000000000e+00	3.57933545183096e-05,0.00000000000000e+00	1.33303464282012e-02,0.00000000000000e+00
2.57057331988722e+06	1.33596978199767e-02,0.00000000000000e+00	3.60340278049541e-05,0.00000000000000e+00	3.60340278049548e-05,0.00000000000000e+00	1.33596978199765e-02,0.00000000000000e+00
2.57649910338625e+06	1.33890870436465e-02,0.00000000000000e+00	3.62761741923995e-05,0.00000000000000e+00	3.62761741923997e-05,0.00000000000000e+00	1.33890870436450e-02,0.00000000000000e+00
2.58243854722705e+06	1.34185137644201e-02,0.00000000000000e+00	3.65198000011498e-05,0.00000000000000e+00	3.65198000011490e-05,0.00000000000000e+00	1.34185137644157e-02,0.00000000000000e+00
2.58839168289996e+06	1.34479776418912e-02,0.00000000000000e+00	3.67649115288215e-05,0.00000000000000e+00	3.67649115288239e-05,0.00000000000000e+00	1.34479776418892e-02,0.00000000000000e+00
2.59435854196790e+06	1.34774783300341e-02,0.00000000000000e+00	3.70115150492108e-05,0.00000000000000e+00	3.70115150492122e-05,0.00000000000000e+00	1.34774783300372e-02,0.00000000000000e+00
2.60033915606656e+06	1.35070154771166e-02,0.00000000000000e+00	3.72596168110315e-05,0.00000000000000e+00	3.72596168110296e-05,0.00000000000000e+00	1.35070154771151e-02,0.00000000000000e+00
2.60633355690458e+06	1.35365887256312e-02,0.00000000000000e+00	3.75092230366626e-05,0.00000000000000e+00	3.75092230366622e-05,0.00000000000000e+00	1.35365887256306e-02,0.00000000000000e+00
2.61234177626367e+06	1.35661977122749e-02,0.00000000000000e+00	3.77603399212084e-05,0.00000000000000e+00	3.77603399212109e-05,0.00000000000000e+00	1.35661977122749e-02,0.00000000000000e+00
2.61836384599880e+06	1.35958420678760e-02,0.00000000000000e+00	3.80129736310724e-05,0.00000000000000e+00	3.80129736310722e-05,0.00000000000000e+00	1.35958420678749e-02,0.00000000000000e+00
2.62439979803839e+06	1.36255214173405e-02,0.00000000000000e+00	3.82671303027849e-05,0.00000000000000e+00	3.82671303027839e-05,0.00000000000000e+00	1.36255214173398e-02,0.00000000000000e+00
2.63044966438446e+06	1.36552353796116e-02,0.00000000000000e+00	3.85228160418467e-05,0.00000000000000e+00	3.85228160418472e-05,0.00000000000000e+00	1.36552353796106e-02,0.00000000000000e+00
2.63651347711280e+06	1.36849835675889e-02,0.00000000000000e+00	3.87800369213180e-05,0.00000000000000e+00	3.87800369213182e-05,0.00000000000000e+00	1.36849835675887e-02,0.00000000000000e+00
2.64259126837313e+06	1.37147655880947e-02,0.00000000000000e+00	3.90387989807141e-05,0.00000000000000e+00	3.90387989807128e-05,0.00000000000000e+00	1.37147655880973e-02,0.00000000000000e+00
2.64868307038931e+06	1.37445810418309e-02,0.00000000000000e+00	3.92991082244590e-05,0.00000000000000e+00	3.92991082244599e-05,0.00000000000000e+00	1.37445810418311e-02,0.00000000000000e+00
2.65478891545946e+06	1.37744295232668e-02,0.00000000000000e+00	3.95609706208786e-05,0.00000000000000e+00	3.95609706208788e-05,0.00000000000000e+00	1.37744295232663e-02,0.00000000000000e+00
2.66090883595616e+06	1.38043106206561e-02,0.00000000000000e+00	3.98243921005598e-05,0.00000000000000e+00	3.98243921005598e-05,0.00000000000000e+00	1.38043106206583e-02,0.00000000000000e+00
2.66704286432663e+06	1.38342239159479e-02,0.00000000000000e+00	4.00893785551815e-05,0.00000000000000e+00	4.00893785551810e-05,0.00000000000000e+00	1.38342239159442e-02,0.00000000000000e+00
2.67319103309287e+06	1.38641689846927e-02,0.00000000000000e+00	4.03559358360158e-05,0.00000000000000e+00	4.03559358360161e-05,0.00000000000000e+00	1.38641689846945e-02,0.00000000000000e+00
2.67935337485185e+06	1.38941453960927e-02,0.00000000000000e+00	4.06240697526245e-05,0.00000000000000e+00	4.06240697526248e-05,0.00000000000000e+00	1.38941453960947e-02,0.00000000000000e+00
2.68552992227571e+06	1.39241527128225e-02,0.00000000000000e+00	4.08937860713730e-05,0.00000000000000e+00	4.08937860713728e-05,0.00000000000000e+00	1.39241527128202e-02,0.00000000000000e+00
2.69172070811188e+06	1.39541904910460e-02,0.00000000000000e+00	4.11650905139298e-05,0.00000000000000e+00	4.11650905139291e-05,0.00000000000000e+00	1.39541904910463e-02,0.00000000000000e+00
2.69792576518329e+06	1.39842582803702e-02,0.00000000000000e+00	4.14379887560285e-05,0.00000000000000e+00	4.14379887560285e-05,0.00000000000000e+00	1.39842582803686e-02,0.00000000000000e+00
2.70414512638854e+06	1.40143556237390e-02,0.00000000000000e+00	4.17124864257096e-05,0.00000000000000e+00	4.17124864257096e-05,0.00000000000000e+00	1.40143556237393e-02,0.00000000000000e+00
2.71037882470205e+06	1.40444820574198e-02,0.00000000000000e+00	4.19885891019253e-05,0.00000000000000e+00	4.19885891019253e-05,0.00000000000000e+00	1.40444820574211e-02,0.00000000000000e+00
2.71662689317429e+06	1.40746371109166e-02,0.00000000000000e+00	4.22663023130681e-05,0.00000000000000e+00	4.22663023130683e-05,0.00000000000000e+00	1.40746371109180e-02,0.00000000000000e+00
2.72288936493188e+06	1.41048203069504e-02,0.00000000000000e+00	4.25456315353843e-05,0.00000000000000e+00	4.25456315353843e-05,0.00000000000000e+00	1.41048203069475e-02,0.00000000000000e+00
2.72916627317783e+06	1.41350311613618e-02,0.00000000000000e+00	4.28265821913484e-05,0.00000000000000e+00	4.28265821913484e-05,0.00000000000000e+00	1.41350311613610e-02,0.00000000000000e+00
2.73545765119168e+06	1.41652691831048e-02,0.00000000000000e+00	4.31091596482126e-05,0.00000000000000e+00	4.31091596482126e-05,0.00000000000000e+00	1.41652691831039e-02,0.00000000000000e+00
2.74176353232969e+06	1.41955338741446e-02,0.00000000000000e+00	4.33933692162090e-05,0.00000000000000e+00	4.33933692162091e-05,0.00000000000000e+00	1.41955338741438e-02,0.00000000000000e+00
2.74808395002501e+06	1.42258247294152e-02,0.00000000000000e+00	4.36792161470733e-05,0.00000000000000e+00	4.36792161470732e-05,0.00000000000000e+00	1.42258247294153e-02,0.00000000000000e+00
2.75441893778787e+06	1.42561412367975e-02,0.00000000000000e+00	4.39667056323722e-05,0.00000000000000e+00	4.39667056323722e-05,0.00000000000000e+00	1.42561412367992e-02,0.00000000000000e+00
2.76076852920575e+06	1.42864828770212e-02,0.00000000000000e+00	4.42558428016750e-05,0.00000000000000e+00	4.42558428016750e-05,0.00000000000000e+00	1.42864828770222e-02,0.00000000000000e+00
2.76713275794354e+06	1.43168491236249e-02,0.00000000000000e+00	4.45466327211014e-05,0.00000000000000e+00	4.45466327211006e-05,0.00000000000000e+00	1.43168491236241e-02,0.00000000000000e+00
2.77351165774376e+06	1.43472394429048e-02,0.00000000000000e+00	4.48390803914179e-05,0.00000000000000e+00	4.48390803914178e-05,0.00000000000000e+00	1.43472394429054e-02,0.00000000000000e+00
2.77990526242669e+06	1.43776532938671e-02,0.00000000000000e+00	4.51331907464032e-05,0.00000000000000e+00	4.51331907464033e-05,0.00000000000000e+00	1.43776532938669e-02,0.00000000000000e+00
2.78631360589058e+06	1.44080901281473e-02,0.00000000000000e+00	4.54289686509869e-05,0.00000000000000e+00	4.54289686509867e-05,0.00000000000000e+00	1.44080901281459e-02,0.00000000000000e+00
2.79273672211185e+06	1.44385493899888e-02,0.00000000000000e+00	4.57264188996039e-05,0.00000000000000e+00	4.57264188996032e-05,0.00000000000000e+00	1.44385493899886e-02,0.00000000000000e+00
2.79917464514521e+06	1.44690305161727e-02,0.00000000000000e+00	4.60255462142890e-05,0.00000000000000e+00	4.60255462142902e-05,0.00000000000000e+00	1.44690305161739e-02,0.00000000000000e+00
2.80562740912389e+06	1.44995329359497e-02,0.00000000000000e+00	4.63263552428476e-05,0.00000000000000e+00	4.63263552428484e-05,0.00000000000000e+00	1.44995329359497e-02,0.00000000000000e+00
2.81209504825981e+06	1.45300560710165e-02,0.00000000000000e+00	4.66288505571481e-05,0.00000000000000e+00	4.66288505571486e-05,0.00000000000000e+00	1.45300560710164e-02,0.00000000000000e+00
2.81857759684373e+06	1.45605993354342e-02,0.00000000000000e+00	4.69330366509985e-05,0.00000000000000e+00	4.69330366509990e-05,0.00000000000000e+00	1.45605993354317e-02,0.00000000000000e+00
2.82507508924549e+06	1.45911621355967e-02,0.00000000000000e+00	4.72389179386009e-05,0.00000000000000e+00	4.72389179386023e-05,0.00000000000000e+00	1.45911621355974e-02,0.00000000000000e+00
2.83158755991414e+06	1.46217438701729e-02,0.00000000000000e+00	4.75464987523204e-05,0.00000000000000e+00	4.75464987523195e-05,0.00000000000000e+00	1.46217438701721e-02,0.00000000000000e+00
2.83811504337816e+06	1.46523439300351e-02,0.00000000000000e+00	4.78557833409323e-05,0.00000000000000e+00	4.78557833409307e-05,0.00000000000000e+00	1.46523439300368e-02,0.00000000000000e+00
2.84465757424562e+06	1.46829616982340e-02,0.00000000000000e+00	4.81667758676463e-05,0.00000000000000e+00	4.81667758676457e-05,0.00000000000000e+00	1.46829616982354e-02,0.00000000000000e+00
2.85121518720435e+06	1.47135965499326e-02,0.00000000000000e+00	4.84794804080963e-05,0.00000000000000e+00	4.84794804080958e-05,0.00000000000000e+00	1.47135965499334e-02,0.00000000000000e+00
2.85778791702218e+06	1.47442478523539e-02,0.00000000000000e+00	4.87939009484008e-05,0.00000000000000e+00	4.87939009483989e-05,0.00000000000000e+00	1.47442478523528e-02,0.00000000000000e+00
2.86437579854706e+06	1.47749149647270e-02,0.00000000000000e+00	4.91100413830660e-05,0.00000000000000e+00	4.91100413830668e-05,0.00000000000000e+00	1.47749149647283e-02,0.00000000000000e+00
2.87097886670729e+06	1.48055972382534e-02,0.00000000000000e+00	4.94279055130697e-05,0.00000000000000e+00	4.94279055130693e-05,0.00000000000000e+00	1.48055972382558e-02,0.00000000000000e+00
2.87759715651167e+06	1.48362940160427e-02,0.00000000000000e+00	4.97474970436058e-05,0.00000000000000e+00	4.97474970436045e-05,0.00000000000000e+00	1.48362940160428e-02,0.00000000000000e+00
2.88423070304971e+06	1.48670046330571e-02,0.00000000000000e+00	5.00688195822654e-05,0.00000000000000e+00	5.00688195822644e-05,0.00000000000000e+00	1.48670046330569e-02,0.00000000000000e+00
2.89087954149183e+06	1.48977284160768e-02,0.00000000000000e+00	5.03918766367557e-05,0.00000000000000e+00	5.03918766367566e-05,0.00000000000000e+00	1.48977284160758e-02,0.00000000000000e+00
2.89754370708950e+06	1.49284646836443e-02,0.00000000000000e+00	5.07166716128788e-05,0.00000000000000e+00	5.07166716128770e-05,0.00000000000000e+00	1.49284646836440e-02,0.00000000000000e+00
2.90422323517546e+06	1.49592127460062e-02,0.00000000000000e+00	5.10432078122061e-05,0.00000000000000e+00	5.10432078122031e-05,0.00000000000000e+00	1.49592127460071e-02,0.00000000000000e+00
2.91091816116391e+06	1.49899719050905e-02,0.00000000000000e+00	5.13714884302092e-05,0.00000000000000e+00	5.13714884302088e-05,0.00000000000000e+00	1.49899719050912e-02,0.00000000000000e+00
2.91762852055067e+06	1.50207414544349e-02,0.00000000000000e+00	5.17015165538935e-05,0.00000000000000e+00	5.17015165538927e-05,0.00000000000000e+00	1.50207414544362e-02,0.00000000000000e+00
2.92435434891341e+06	1.50515206791504e-02,0.00000000000000e+00	5.20332951596522e-05,0.00000000000000e+00	5.20332951596506e-05,0.00000000000000e+00	1.50515206791486e-02,0.00000000000000e+00
2.93109568191180e+06	1.50823088558687e-02,0.00000000000000e+00	5.23668271109760e-05,0.00000000000000e+00	5.23668271109732e-05,0.00000000000000e+00	1.50823088558685e-02,0.00000000000000e+00
2.93785255528771e+06	1.51131052527101e-02,0.00000000000000e+00	5.27021151562734e-05,0.00000000000000e+00	5.27021151562800e-05,0.00000000000000e+00	1.51131052527078e-02,0.00000000000000e+00
2.94462500486541e+06	1.51439091292302e-02,0.00000000000000e+00	5.30391619267415e-05,0.00000000000000e+00	5.30391619267434e-05,0.00000000000000e+00	1.51439091292283e-02,0.00000000000000e+00
2.95141306655176e+06	1.51747197363601e-02,0.00000000000000e+00	5.33779699337795e-05,0.00000000000000e+00	5.33779699337806e-05,0.00000000000000e+00	1.51747197363583e-02,0.00000000000000e+00
2.95821677633639e+06	1.52055363164055e-02,0.00000000000000e+00	5.37185415669586e-05,0.00000000000000e+00	5.37185415669590e-05,0.00000000000000e+00	1.52055363164064e-02,0.00000000000000e+00
2.96503617029188e+06	1.52363581029501e-02,0.00000000000000e+00	5.40608790916800e-05,0.00000000000000e+00	5.40608790916798e-05,0.00000000000000e+00	1.52363581029528e-02,0.00000000000000e+00
2.97187128457399e+06	1.52671843208672e-02,0.00000000000000e+00	5.44049846467153e-05,0.00000000000000e+00	5.44049846467125e-05,0.00000000000000e+00	1.52671843208671e-02,0.00000000000000e+00
2.97872215542180e+06	1.52980141862231e-02,0.00000000000000e+00	5.47508602418823e-05,0.00000000000000e+00	5.47508602418844e-05,0.00000000000000e+00	1.52980141862243e-02,0.00000000000000e+00
2.98558881915796e+06	1.53288469062849e-02,0.00000000000000e+00	5.50985077558887e-05,0.00000000000000e+00	5.50985077558870e-05,0.00000000000000e+00	1.53288469062854e-02,0.00000000000000e+00
2.99247131218884e+06	1.53596816794583e-02,0.00000000000000e+00	5.54479289335557e-05,0.00000000000000e+00	5.54479289335542e-05,0.00000000000000e+00	1.53596816794570e-02,0.00000000000000e+00
2.99936967100472e+06	1.53905176952521e-02,0.00000000000000e+00	5.57991253839105e-05,0.00000000000000e+00	5.57991253839064e-05,0.00000000000000e+00	1.53905176952506e-02,0.00000000000000e+00
3.00628393218002e+06	1.54213541342309e-02,0.00000000000000e+00	5.61520985772873e-05,0.00000000000000e+00	5.61520985772877e-05,0.00000000000000e+00	1.54213541342309e-02,0.00000000000000e+00
3.01321413237346e+06	1.54521901680080e-02,0.00000000000000e+00	5.65068498431690e-05,0.00000000000000e+00	5.65068498431691e-05,0.00000000000000e+00	1.54521901680069e-02,0.00000000000000e+00
3.02016030832827e+06	1.54830249591703e-02,0.00000000000000e+00	5.68633803677119e-05,0.00000000000000e+00	5.68633803677072e-05,0.00000000000000e+00	1.54830249591711e-02,0.00000000000000e+00
3.02712249687239e+06	1.55138576612700e-02,0.00000000000000e+00	5.72216911911336e-05,0.00000000000000e+00	5.72216911911320e-05,0.00000000000000e+00	1.55138576612680e-02,0.00000000000000e+00
3.03410073491864e+06	1.55446874187815e-02,0.00000000000000e+00	5.75817832054709e-05,0.00000000000000e+00	5.75817832054662e-05,0.00000000000000e+00	1.55446874187829e-02,0.00000000000000e+00
3.04109505946496e+06	1.55755133670799e-02,0.00000000000000e+00	5.79436571519341e-05,0.00000000000000e+00	5.79436571519333e-05,0.00000000000000e+00	1.55755133670814e-02,0.00000000000000e+00
3.04810550759455e+06	1.56063346323833e-02,0.00000000000000e+00	5.83073136183282e-05,0.00000000000000e+00	5.83073136183329e-05,0.00000000000000e+00	1.56063346323810e-02,0.00000000000000e+00
3.05513211647612e+06	1.56371503317458e-02,0.00000000000000e+00	5.86727530366360e-05,0.00000000000000e+00	5.86727530366343e-05,0.00000000000000e+00	1.56371503317465e-02,0.00000000000000e+00
3.06217492336403e+06	1.56679595730269e-02,0.00000000000000e+00	5.90399756805408e-05,0.00000000000000e+00	5.90399756805394e-05,0.00000000000000e+00	1.56679595730264e-02,0.00000000000000e+00
3.06923396559856e+06	1.56987614548484e-02,0.00000000000000e+00	5.94089816626952e-05,0.00000000000000e+00	5.94089816626941e-05,0.00000000000000e+00	1.56987614548488e-02,0.00000000000000e+00
3.07630928060604e+06	1.57295550665797e-02,0.00000000000000e+00	5.97797709323550e-05,0.00000000000000e+00	5.97797709323558e-05,0.00000000000000e+00	1.57295550665787e-02,0.00000000000000e+00
3.08340090589909e+06	1.57603394883027e-02,0.00000000000000e+00	6.01523432726093e-05,0.00000000000000e+00	6.01523432726135e-05,0.00000000000000e+00	1.57603394883033e-02,0.00000000000000e+00
3.09050887907680e+06	1.57911137907966e-02,0.00000000000000e+00	6.05266982979682e-05,0.00000000000000e+00	6.05266982979701e-05,0.00000000000000e+00	1.57911137907967e-02,0.00000000000000e+00
3.09763323782493e+06	1.58218770355074e-02,0.00000000000000e+00	6.09028354515765e-05,0.00000000000000e+00	6.09028354515812e-05,0.00000000000000e+00	1.58218770355089e-02,0.00000000000000e+00
3.10477401991613e+06	1.58526282745358e-02,0.00000000000000e+00	6.12807540029546e-05,0.00000000000000e+00	6.12807540029592e-05,0.00000000000000e+00	1.58526282745349e-02,0.00000000000000e+00
3.11193126321012e+06	1.58833665505951e-02,0.00000000000000e+00	6.16604530449564e-05,0.00000000000000e+00	6.16604530449595e-05,0.00000000000000e+00	1.58833665505964e-02,0.00000000000000e+00
3.11910500565387e+06	1.59140908970156e-02,0.00000000000000e+00	6.20419314912873e-05,0.00000000000000e+00	6.20419314912962e-05,0.00000000000000e+00	1.59140908970151e-02,0.00000000000000e+00
3.12629528528188e+06	1.59448003377205e-02,0.00000000000000e+00	6.24251880741619e-05,0.00000000000000e+00	6.24251880741627e-05,0.00000000000000e+00	1.59448003377203e-02,0.00000000000000e+00
3.13350214021627e+06	1.59754938871883e-02,0.00000000000000e+00	6.28102213411936e-05,0.00000000000000e+00	6.28102213412012e-05,0.00000000000000e+00	1.59754938871881e-02,0.00000000000000e+00
3.14072560866707e+06	1.60061705504757e-02,0.00000000000000e+00	6.31970296531930e-05,0.00000000000000e+00	6.31970296531872e-05,0.00000000000000e+00	1.60061705504778e-02,0.00000000000000e+00
3.14796572893241e+06	1.60368293231833e-02,0.00000000000000e+00	6.35856111810810e-05,0.00000000000000e+00	6.35856111810826e-05,0.00000000000000e+00	1.60368293231828e-02,0.00000000000000e+00
3.15522253939866e+06	1.60674691914186e-02,0.00000000000000e+00	6.39759639035745e-05,0.00000000000000e+00	6.39759639035772e-05,0.00000000000000e+00	1.60674691914194e-02,0.00000000000000e+00
3.16249607854073e+06	1.60980891318370e-02,0.00000000000000e+00	6.43680856043765e-05,0.00000000000000e+00	6.43680856043757e-05,0.00000000000000e+00	1.60980891318374e-02,0.00000000000000e+00
3.16978638492219e+06	1.61286881116022e-02,0.00000000000000e+00	6.47619738695279e-05,0.00000000000000e+00	6.47619738695297e-05,0.00000000000000e+00	1.61286881116001e-02,0.00000000000000e+00
3.17709349719552e+06	1.61592650883727e-02,0.00000000000000e+00	6.51576260847838e-05,0.00000000000000e+00	6.51576260847798e-05,0.00000000000000e+00	1.61592650883747e-02,0.00000000000000e+00
3.18441745410231e+06	1.61898190103292e-02,0.00000000000000e+00	6.55550394328490e-05,0.00000000000000e+00	6.55550394328524e-05,0.00000000000000e+00	1.61898190103304e-02,0.00000000000000e+00
3.19175829447343e+06	1.62203488161406e-02,0.00000000000000e+00	6.59542108907243e-05,0.00000000000000e+00	6.59542108907331e-05,0.00000000000000e+00	1.62203488161396e-02,0.00000000000000e+00
3.19911605722930e+06	1.62508534349568e-02,0.00000000000000e+00	6.63551372271211e-05,0.00000000000000e+00	6.63551372271122e-05,0.00000000000000e+00	1.62508534349546e-02,0.00000000000000e+00
3.20649078138005e+06	1.62813317864427e-02,0.00000000000000e+00	6.67578149997206e-05,0.00000000000000e+00	6.67578149997134e-05,0.00000000000000e+00	1.62813317864422e-02,0.00000000000000e+00
3.21388250602572e+06	1.63117827807591e-02,0.00000000000000e+00	6.71622405524225e-05,0.00000000000000e+00	6.71622405524217e-05,0.00000000000000e+00	1.63117827807598e-02,0.00000000000000e+00
3.22129127035651e+06	1.63422053185604e-02,0.00000000000000e+00	6.75684100128839e-05,0.00000000000000e+00	6.75684100128745e-05,0.00000000000000e+00	1.63422053185611e-02,0.00000000000000e+00
3.22871711365294e+06	1.63725982910229e-02,0.00000000000000e+00	6.79763192896028e-05,0.00000000000000e+00	6.79763192896049e-05,0.00000000000000e+00	1.63725982910237e-02,0.00000000000000e+00
3.23616007528610e+06	1.64029605798159e-02,0.00000000000000e+00	6.83859640695155e-05,0.00000000000000e+00	6.83859640695181e-05,0.00000000000000e+00	1.64029605798172e-02,0.00000000000000e+00
3.24362019471782e+06	1.64332910571568e-02,0.00000000000000e+00	6.87973398149634e-05,0.00000000000000e+00	6.87973398149735e-05,0.00000000000000e+00	1.64332910571591e-02,0.00000000000000e+00
3.25109751150093e+06	1.64635885857927e-02,0.00000000000000e+00	6.92104417615564e-05,0.00000000000000e+00	6.92104417615572e-05,0.00000000000000e+00	1.64635885857915e-02,0.00000000000000e+00
3.25859206527941e+06	1.64938520190031e-02,0.00000000000000e+00	6.96252649149956e-05,0.00000000000000e+00	6.96252649149958e-05,0.00000000000000e+00	1.64938520190042e-02,0.00000000000000e+00
3.26610389578863e+06	1.65240802006636e-02,0.00000000000000e+00	7.00418040488571e-05,0.00000000000000e+00	7.00418040488575e-05,0.00000000000000e+00	1.65240802006629e-02,0.00000000000000e+00
3.27363304285558e+06	1.65542719652107e-02,0.00000000000000e+00	7.04600537017009e-05,0.00000000000000e+00	7.04600537017161e-05,0.00000000000000e+00	1.65542719652123e-02,0.00000000000000e+00
3.28117954639904e+06	1.65844261377010e-02,0.00000000000000e+00	7.08800081745071e-05,0.00000000000000e+00	7.08800081745008e-05,0.00000000000000e+00	1.65844261377013e-02,0.00000000000000e+00
3.28874344642983e+06	1.66145415338061e-02,0.00000000000000e+00	7.13016615281775e-05,0.00000000000000e+00	7.13016615281874e-05,0.00000000000000e+00	1.66145415338064e-02,0.00000000000000e+00
3.29632478305098e+06	1.66446169598554e-02,0.00000000000000e+00	7.17250075807663e-05,0.00000000000000e+00	7.17250075807560e-05,0.00000000000000e+00	1.66446169598553e-02,0.00000000000000e+00
3.30392359645799e+06	1.66746512128507e-02,0.00000000000000e+00	7.21500399050356e-05,0.00000000000000e+00	7.21500399050466e-05,0.00000000000000e+00	1.66746512128528e-02,0.00000000000000e+00
3.31153992693902e+06	1.67046430805184e-02,0.00000000000000e+00	7.25767518258980e-05,0.00000000000000e+00	7.25767518259028e-05,0.00000000000000e+00	1.67046430805177e-02,0.00000000000000e+00
3.31917381487508e+06	1.67345913413016e-02,0.00000000000000e+00	7.30051364176515e-05,0.00000000000000e+00	7.30051364176420e-05,0.00000000000000e+00	1.67345913413024e-02,0.00000000000000e+00
3.32682530074030e+06	1.67644947644253e-02,0.00000000000000e+00	7.34351865017610e-05,0.00000000000000e+00	7.34351865017702e-05,0.00000000000000e+00	1.67644947644269e-02,0.00000000000000e+00
3.33449442510209e+06	1.67943521099346e-02,0.00000000000000e+00	7.38668946441034e-05,0.00000000000000e+00	7.38668946441031e-05,0.00000000000000e+00	1.67943521099357e-02,0.00000000000000e+00
3.34218122862138e+06	1.68241621287139e-02,0.00000000000000e+00	7.43002531526071e-05,0.00000000000000e+00	7.43002531526126e-05,0.00000000000000e+00	1.68241621287112e-02,0.00000000000000e+00
3.34988575205283e+06	1.68539235625257e-02,0.00000000000000e+00	7.47352540745560e-05,0.00000000000000e+00	7.47352540745438e-05,0.00000000000000e+00	1.68539235625272e-02,0.00000000000000e+00
3.35760803624508e+06	1.68836351440914e-02,0.00000000000000e+00	7.51718891944780e-05,0.00000000000000e+00	7.51718891944700e-05,0.00000000000000e+00	1.68836351440924e-02,0.00000000000000e+00
3.36534812214089e+06	1.69132955970994e-02,0.00000000000000e+00	7.56101500313543e-05,0.00000000000000e+00	7.56101500313628e-05,0.00000000000000e+00	1.69132955970996e-02,0.00000000000000e+00
3.37310605077744e+06	1.69429036362636e-02,0.00000000000000e+00	7.60500278366583e-05,0.00000000000000e+00	7.60500278366805e-05,0.00000000000000e+00	1.69429036362651e-02,0.00000000000000e+00
3.38088186328649e+06	1.69724579673869e-02,0.00000000000000e+00	7.64915135914292e-05,0.00000000000000e+00	7.64915135914253e-05,0.00000000000000e+00	1.69724579673865e-02,0.00000000000000e+00
3.38867560089462e+06	1.70019572874054e-02,0.00000000000000e+00	7.69345980042492e-05,0.00000000000000e+00	7.69345980042543e-05,0.00000000000000e+00	1.70019572874037e-02,0.00000000000000e+00
3.39648730492345e+06	1.70314002844457e-02,0.00000000000000e+00	7.73792715089907e-05,0.00000000000000e+00	7.73792715090022e-05,0.00000000000000e+00	1.70314002844439e-02,0.00000000000000e+00
3.40431701678986e+06	1.70607856378890e-02,0.00000000000000e+00	7.78255242623612e-05,0.00000000000000e+00	7.78255242623660e-05,0.00000000000000e+00	1.70607856378883e-02,0.00000000000000e+00
3.41216477800620e+06	1.70901120184369e-02,0.00000000000000e+00	7.82733461416031e-05,0.00000000000000e+00	7.82733461416127e-05,0.00000000000000e+00	1.70901120184341e-02,0.00000000000000e+00
3.42003063018053e+06	1.71193780881519e-02,0.00000000000000e+00	7.87227267423979e-05,0.00000000000000e+00	7.87227267423704e-05,0.00000000000000e+00	1.71193780881527e-02,0.00000000000000e+00
3.42791461501681e+06	1.71485825005770e-02,0.00000000000000e+00	7.91736553765444e-05,0.00000000000000e+00	7.91736553765325e-05,0.00000000000000e+00	1.71485825005796e-02,0.00000000000000e+00
3.43581677431513e+06	1.71777239007579e-02,0.00000000000000e+00	7.96261210699949e-05,0.00000000000000e+00	7.96261210699956e-05,0.00000000000000e+00	1.71777239007567e-02,0.00000000000000e+00
3.44373714997197e+06	1.72068009253240e-02,0.00000000000000e+00	8.00801125605200e-05,0.00000000000000e+00	8.00801125605132e-05,0.00000000000000e+00	1.72068009253243e-02,0.00000000000000e+00
3.45167578398036e+06	1.72358122025906e-02,0.00000000000000e+00	8.05356182956879e-05,0.00000000000000e+00	8.05356182956863e-05,0.00000000000000e+00	1.72358122025904e-02,0.00000000000000e+00
3.45963271843016e+06	1.72647563526311e-02,0.00000000000000e+00	8.09926264310250e-05,0.00000000000000e+00	8.09926264310391e-05,0.00000000000000e+00	1.72647563526298e-02,0.00000000000000e+00
3.46760799550823e+06	1.72936319873224e-02,0.00000000000000e+00	8.14511248275806e-05,0.00000000000000e+00	8.14511248275790e-05,0.00000000000000e+00	1.72936319873246e-02,0.00000000000000e+00
3.47560165749871e+06	1.73224377105001e-02,0.00000000000000e+00	8.19111010505414e-05,0.00000000000000e+00	8.19111010505074e-05,0.00000000000000e+00	1.73224377104999e-02,0.00000000000000e+00
3.48361374678318e+06	1.73511721179819e-02,0.00000000000000e+00	8.23725423666713e-05,0.00000000000000e+00	8.23725423666831e-05,0.00000000000000e+00	1.73511721179834e-02,0.00000000000000e+00
3.49164430584096e+06	1.73798337976952e-02,0.00000000000000e+00	8.28354357431358e-05,0.00000000000000e+00	8.28354357431339e-05,0.00000000000000e+00	1.73798337976961e-02,0.00000000000000e+00
3.49969337724927e+06	1.74084213297608e-02,0.00000000000000e+00	8.32997678450626e-05,0.00000000000000e+00	8.32997678450608e-05,0.00000000000000e+00	1.74084213297613e-02,0.00000000000000e+00
3.50776100368348e+06	1.74369332866068e-02,0.00000000000000e+00	8.37655250342737e-05,0.00000000000000e+00	8.37655250342846e-05,0.00000000000000e+00	1.74369332866065e-02,0.00000000000000e+00
3.51584722791734e+06	1.74653682330342e-02,0.00000000000000e+00	8.42326933672629e-05,0.00000000000000e+00	8.42326933672646e-05,0.00000000000000e+00	1.74653682330320e-02,0.00000000000000e+00
3.52395209282321e+06	1.74937247263601e-02,0.00000000000000e+00	8.47012585936483e-05,0.00000000000000e+00	8.47012585936567e-05,0.00000000000000e+00	1.74937247263609e-02,0.00000000000000e+00
3.53207564137228e+06	1.75220013165103e-02,0.00000000000000e+00	8.51712061544471e-05,0.00000000000000e+00	8.51712061544671e-05,0.00000000000000e+00	1.75220013165089e-02,0.00000000000000e+00
3.54021791663480e+06	1.75501965461242e-02,0.00000000000000e+00	8.56425211808015e-05,0.00000000000000e+00	8.56425211807854e-05,0.00000000000000e+00	1.75501965461240e-02,0.00000000000000e+00
3.54837896178028e+06	1.75783089506768e-02,0.00000000000000e+00	8.61151884922228e-05,0.00000000000000e+00	8.61151884922368e-05,0.00000000000000e+00	1.75783089506775e-02,0.00000000000000e+00
3.55655882007780e+06	1.76063370585962e-02,0.00000000000000e+00	8.65891925951827e-05,0.00000000000000e+00	8.65891925951700e-05,0.00000000000000e+00	1.76063370585963e-02,0.00000000000000e+00
3.56475753489613e+06	1.76342793913773e-02,0.00000000000000e+00	8.70645176819972e-05,0.00000000000000e+00	8.70645176819920e-05,0.00000000000000e+00	1.76342793913768e-02,0.00000000000000e+00
3.57297514970405e+06	1.76621344637160e-02,0.00000000000000e+00	8.75411476292123e-05,0.00000000000000e+00	8.75411476291937e-05,0.00000000000000e+00	1.76621344637172e-02,0.00000000000000e+00
3.58121170807054e+06	1.76899007836300e-02,0.00000000000000e+00	8.80190659964968e-05,0.00000000000000e+00	8.80190659965194e-05,0.00000000000000e+00	1.76899007836308e-02,0.00000000000000e+00
3.58946725366500e+06	1.77175768525887e-02,0.00000000000000e+00	8.84982560254594e-05,0.00000000000000e+00	8.84982560254518e-05,0.00000000000000e+00	1.77175768525886e-02,0.00000000000000e+00
3.59774183025753e+06	1.77451611656556e-02,0.00000000000000e+00	8.89787006385538e-05,0.00000000000000e+00	8.89787006385514e-05,0.00000000000000e+00	1.77451611656565e-02,0.00000000000000e+00
3.60603548171909e+06	1.77726522116104e-02,0.00000000000000e+00	8.94603824380773e-05,0.00000000000000e+00	8.94603824380834e-05,0.00000000000000e+00	1.77726522116115e-02,0.00000000000000e+00
3.61434825202180e+06	1.78000484731098e-02,0.00000000000000e+00	8.99432837050437e-05,0.00000000000000e+00	8.99432837050475e-05,0.00000000000000e+00	1.78000484731110e-02,0.00000000000000e+00
3.62268018523915e+06	1.78273484268107e-02,0.00000000000000e+00	9.04273863984729e-05,0.00000000000000e+00	9.04273863984813e-05,0.00000000000000e+00	1.78273484268121e-02,0.00000000000000e+00
3.63103132554622e+06	1.78545505435420e-02,0.00000000000000e+00	9.09126721546060e-05,0.00000000000000e+00	9.09126721545828e-05,0.00000000000000e+00	1.78545505435420e-02,0.00000000000000e+00
3.63940171721992e+06	1.78816532884191e-02,0.00000000000000e+00	9.13991222857691e-05,0.00000000000000e+00	9.13991222857610e-05,0.00000000000000e+00	1.78816532884200e-02,0.00000000000000e+00
3.64779140463922e+06	1.79086551210462e-02,0.00000000000000e+00	9.18867177802293e-05,0.00000000000000e+00	9.18867177802330e-05,0.00000000000000e+00	1.79086551210457e-02,0.00000000000000e+00
3.65620043228543e+06	1.79355544956270e-02,0.00000000000000e+00	9.23754393013773e-05,0.00000000000000e+00	9.23754393013789e-05,0.00000000000000e+00	1.79355544956272e-02,0.00000000000000e+00
3.66462884474237e+06	1.79623498611633e-02,0.00000000000000e+00	9.28652671871527e-05,0.00000000000000e+00	9.28652671871399e-05,0.00000000000000e+00	1.79623498611638e-02,0.00000000000000e+00
3.67307668669664e+06	1.79890396615932e-02,0.00000000000000e+00	9.33561814496695e-05,0.00000000000000e+00	9.33561814496644e-05,0.00000000000000e+00	1.79890396615943e-02,0.00000000000000e+00
3.68154400293786e+06	1.80156223359831e-02,0.00000000000000e+00	9.38481617750066e-05,0.00000000000000e+00	9.38481617750047e-05,0.00000000000000e+00	1.80156223359832e-02,0.00000000000000e+00
3.69003083835889e+06	1.80420963186670e-02,0.00000000000000e+00	9.43411875228250e-05,0.00000000000000e+00	9.43411875228280e-05,0.00000000000000e+00	1.80420963186664e-02,0.00000000000000e+00
3.69853723795610e+06	1.80684600394520e-02,0.00000000000000e+00	9.48352377261744e-05,0.00000000000000e+00	9.48352377261700e-05,0.00000000000000e+00	1.80684600394514e-02,0.00000000000000e+00
3.70706324682957e+06	1.80947119237835e-02,0.00000000000000e+00	9.53302910916049e-05,0.00000000000000e+00	9.53302910916076e-05,0.00000000000000e+00	1.80947119237834e-02,0.00000000000000e+00
3.71560891018334e+06	1.81208503929288e-02,0.00000000000000e+00	9.58263259989441e-05,0.00000000000000e+00	9.58263259989370e-05,0.00000000000000e+00	1.81208503929268e-02,0.00000000000000e+00
3.72417427332568e+06	1.81468738641525e-02,0.00000000000000e+00	9.63233205016089e-05,0.00000000000000e+00	9.63233205016055e-05,0.00000000000000e+00	1.81468738641525e-02,0.00000000000000e+00
3.73275938166929e+06	1.81727807509257e-02,0.00000000000000e+00	9.68212523267198e-05,0.00000000000000e+00	9.68212523267308e-05,0.00000000000000e+00	1.81727807509265e-02,0.00000000000000e+00
3.74136428073155e+06	1.81985694631047e-02,0.00000000000000e+00	9.73200988754014e-05,0.00000000000000e+00	9.73200988754092e-05,0.00000000000000e+00	1.81985694631033e-02,0.00000000000000e+00
3.74998901613478e+06	1.82242384071114e-02,0.00000000000000e+00	9.78198372232180e-05,0.00000000000000e+00	9.78198372232199e-05,0.00000000000000e+00	1.82242384071117e-02,0.00000000000000e+00
3.75863363360648e+06	1.82497859861722e-02,0.00000000000000e+00	9.83204441206824e-05,0.00000000000000e+00	9.83204441206698e-05,0.00000000000000e+00	1.82497859861736e-02,0.00000000000000e+00
3.76729817897955e+06	1.82752106004793e-02,0.00000000000000e+00	9.88218959936787e-05,0.00000000000000e+00	9.88218959936765e-05,0.00000000000000e+00	1.82752106004784e-02,0.00000000000000e+00
3.77598269819253e+06	1.83005106474124e-02,0.00000000000000e+00	9.93241689443653e-05,0.00000000000000e+00	9.93241689443608e-05,0.00000000000000e+00	1.83005106474127e-02,0.00000000000000e+00
3.78468723728989e+06	1.83256845217561e-02,0.00000000000000e+00	9.98272387519298e-05,0.00000000000000e+00	9.98272387519280e-05,0.00000000000000e+00	1.83256845217546e-02,0.00000000000000e+00
3.79341184242224e+06	1.83507306158891e-02,0.00000000000000e+00	1.00331080873475e-04,0.00000000000000e+00	1.00331080873469e-04,0.00000000000000e+00	1.83507306158897e-02,0.00000000000000e+00
3.80215655984654e+06	1.83756473200315e-02,0.00000000000000e+00	1.00835670444963e-04,0.00000000000000e+00	1.00835670444964e-04,0.00000000000000e+00	1.83756473200316e-02,0.00000000000000e+00
3.81092143592644e+06	1.84004330224294e-02,0.00000000000000e+00	1.01340982282338e-04,0.00000000000000e+00	1.01340982282337e-04,0.00000000000000e+00	1.84004330224288e-02,0.00000000000000e+00
3.81970651713242e+06	1.84250861095930e-02,0.00000000000000e+00	1.01846990882942e-04,0.00000000000000e+00	1.01846990882936e-04,0.00000000000000e+00	1.84250861095927e-02,0.00000000000000e+00
3.82851185004211e+06	1.84496049665257e-02,0.00000000000000e+00	1.02353670426505e-04,0.00000000000000e+00	1.02353670426527e-04,0.00000000000000e+00	1.84496049665254e-02,0.00000000000000e+00
3.83733748134052e+06	1.84739879769430e-02,0.00000000000000e+00	1.02860994777027e-04,0.00000000000000e+00	1.02860994777039e-04,0.00000000000000e+00	1.84739879769425e-02,0.00000000000000e+00
3.84618345782026e+06	1.84982335235039e-02,0.00000000000000e+00	1.03368937483815e-04,0.00000000000000e+00	1.03368937483811e-04,0.00000000000000e+00	1.84982335235036e-02,0.00000000000000e+00
3.85504982638181e+06	1.85223399880502e-02,0.00000000000000e+00	1.03877471783604e-04,0.00000000000000e+00	1.03877471783616e-04,0.00000000000000e+00	1.85223399880508e-02,0.00000000000000e+00
3.86393663403379e+06	1.85463057518412e-02,0.00000000000000e+00	1.04386570602024e-04,0.00000000000000e+00	1.04386570602025e-04,0.00000000000000e+00	1.85463057518413e-02,0.00000000000000e+00
3.87284392789316e+06	1.85701291957939e-02,0.00000000000000e+00	1.04896206555759e-04,0.00000000000000e+00	1.04896206555756e-04,0.00000000000000e+00	1.85701291957947e-02,0.00000000000000e+00
3.88177175518550e+06	1.85938087007225e-02,0.00000000000000e+00	1.05406351954293e-04,0.00000000000000e+00	1.05406351954288e-04,0.00000000000000e+00	1.85938087007218e-02,0.00000000000000e+00
3.89072016324527e+06	1.86173426475884e-02,0.00000000000000e+00	1.05916978802164e-04,0.00000000000000e+00	1.05916978802175e-04,0.00000000000000e+00	1.86173426475876e-02,0.00000000000000e+00
3.89968919951603e+06	1.86407294177484e-02,0.00000000000000e+00	1.06428058801321e-04,0.00000000000000e+00	1.06428058801317e-04,0.00000000000000e+00	1.86407294177478e-02,0.00000000000000e+00
3.90867891155073e+06	1.86639673932103e-02,0.00000000000000e+00	1.06939563353231e-04,0.00000000000000e+00	1.06939563353245e-04,0.00000000000000e+00	1.86639673932098e-02,0.00000000000000e+00
3.91768934701192e+06	1.86870549568734e-02,0.00000000000000e+00	1.07451463561504e-04,0.00000000000000e+00	1.07451463561525e-04,0.00000000000000e+00	1.86870549568736e-02,0.00000000000000e+00
3.92672055367203e+06	1.87099904928043e-02,0.00000000000000e+00	1.07963730234734e-04,0.00000000000000e+00	1.07963730234740e-04,0.00000000000000e+00	1.87099904928046e-02,0.00000000000000e+00
3.93577257941363e+06	1.87327723864895e-02,0.00000000000000e+00	1.08476333888575e-04,0.00000000000000e+00	1.08476333888561e-04,0.00000000000000e+00	1.87327723864890e-02,0.00000000000000e+00
3.94484547222965e+06	1.87553990250822e-02,0.00000000000000e+00	1.08989244749120e-04,0.00000000000000e+00	1.08989244749099e-04,0.00000000000000e+00	1.87553990250821e-02,0.00000000000000e+00
3.95393928022366e+06	1.87778687976984e-02,0.00000000000000e+00	1.09502432755894e-04,0.00000000000000e+00	1.09502432755921e-04,0.00000000000000e+00	1.87778687976987e-02,0.00000000000000e+00
3.96305405161013e+06	1.88001800956574e-02,0.00000000000000e+00	1.10015867564667e-04,0.00000000000000e+00	1.10015867564658e-04,0.00000000000000e+00	1.88001800956574e-02,0.00000000000000e+00
3.97218983471468e+06	1.88223313127650e-02,0.00000000000000e+00	1.10529518550623e-04,0.00000000000000e+00	1.10529518550636e-04,0.00000000000000e+00	1.88223313127646e-02,0.00000000000000e+00
3.98134667797431e+06	1.88443208455824e-02,0.00000000000000e+00	1.11043354811945e-04,0.00000000000000e+00	1.11043354811939e-04,0.00000000000000e+00	1.88443208455817e-02,0.00000000000000e+00
3.99052462993770e+06	1.88661470936984e-02,0.00000000000000e+00	1.11557345173246e-04,0.00000000000000e+00	1.11557345173222e-04,0.00000000000000e+00	1.88661470936986e-02,0.00000000000000e+00
3.99972373926542e+06	1.88878084600179e-02,0.00000000000000e+00	1.12071458188742e-04,0.00000000000000e+00	1.12071458188727e-04,0.00000000000000e+00	1.88878084600174e-02,0.00000000000000e+00
4.00894405473026e+06	1.89093033510192e-02,0.00000000000000e+00	1.12585662146602e-04,0.00000000000000e+00	1.12585662146583e-04,0.00000000000000e+00	1.89093033510194e-02,0.00000000000000e+00
4.01818562521739e+06	1.89306301770612e-02,0.00000000000000e+00	1.13099925072222e-04,0.00000000000000e+00	1.13099925072213e-04,0.00000000000000e+00	1.89306301770613e-02,0.00000000000000e+00
4.02744849972471e+06	1.89517873526448e-02,0.00000000000000e+00	1.13614214732493e-04,0.00000000000000e+00	1.13614214732505e-04,0.00000000000000e+00	1.89517873526441e-02,0.00000000000000e+00
4.03673272736306e+06	1.89727732967102e-02,0.00000000000000e+00	1.14128498639754e-04,0.00000000000000e+00	1.14128498639745e-04,0.00000000000000e+00	1.89727732967098e-02,0.00000000000000e+00
4.04603835735648e+06	1.89935864329210e-02,0.00000000000000e+00	1.14642744055764e-04,0.00000000000000e+00	1.14642744055771e-04,0.00000000000000e+00	1.89935864329210e-02,0.00000000000000e+00
4.05536543904250e+06	1.90142251899503e-02,0.00000000000000e+00	1.15156917996706e-04,0.00000000000000e+00	1.15156917996708e-04,0.00000000000000e+00	1.90142251899509e-02,0.00000000000000e+00
4.06471402187238e+06	1.90346880017781e-02,0.00000000000000e+00	1.15670987236768e-04,0.00000000000000e+00	1.15670987236752e-04,0.00000000000000e+00	1.90346880017781e-02,0.00000000000000e+00
4.07408415541137e+06	1.90549733079754e-02,0.00000000000000e+00	1.16184918313249e-04,0.00000000000000e+00	1.16184918313230e-04,0.00000000000000e+00	1.90549733079753e-02,0.00000000000000e+00
4.08347588933899e+06	1.90750795539991e-02,0.00000000000000e+00	1.16698677531174e-04,0.00000000000000e+00	1.16698677531164e-04,0.00000000000000e+00	1.90750795539997e-02,0.00000000000000e+00
4.09288927344928e+06	1.90950051914983e-02,0.00000000000000e+00	1.17212230968045e-04,0.00000000000000e+00	1.17212230968013e-04,0.00000000000000e+00	1.90950051914986e-02,0.00000000000000e+00
4.10232435765106e+06	1.91147486785912e-02,0.00000000000000e+00	1.17725544478609e-04,0.00000000000000e+00	1.17725544478607e-04,0.00000000000000e+00	1.91147486785909e-02,0.00000000000000e+00
4.11178119196822e+06	1.91343084801784e-02,0.00000000000000e+00	1.18238583700297e-04,0.00000000000000e+00	1.18238583700303e-04,0.00000000000000e+00	1.91343084801796e-02,0.00000000000000e+00
4.12125982653993e+06	1.91536830682391e-02,0.00000000000000e+00	1.18751314058076e-04,0.00000000000000e+00	1.18751314058081e-04,0.00000000000000e+00	1.91536830682395e-02,0.00000000000000e+00
4.13076031162099e+06	1.91728709221259e-02,0.00000000000000e+00	1.19263700769845e-04,0.00000000000000e+00	1.19263700769826e-04,0.00000000000000e+00	1.91728709221260e-02,0.00000000000000e+00
4.14028269758201e+06	1.91918705288693e-02,0.00000000000000e+00	1.19775708851766e-04,0.00000000000000e+00	1.19775708851764e-04,0.00000000000000e+00	1.91918705288684e-02,0.00000000000000e+00
4.14982703490975e+06	1.92106803834762e-02,0.00000000000000e+00	1.20287303123927e-04,0.00000000000000e+00	1.20287303123950e-04,0.00000000000000e+00	1.92106803834766e-02,0.00000000000000e+00
4.15939337420732e+06	1.92292989892417e-02,0.00000000000000e+00	1.20798448216183e-04,0.00000000000000e+00	1.20798448216180e-04,0.00000000000000e+00	1.92292989892415e-02,0.00000000000000e+00
4.16898176619451e+06	1.92477248580403e-02,0.00000000000000e+00	1.21309108573322e-04,0.00000000000000e+00	1.21309108573321e-04,0.00000000000000e+00	1.92477248580405e-02,0.00000000000000e+00
4.17859226170801e+06	1.92659565106373e-02,0.00000000000000e+00	1.21819248461323e-04,0.00000000000000e+00	1.21819248461327e-04,0.00000000000000e+00	1.92659565106374e-02,0.00000000000000e+00
4.18822491170171e+06	1.92839924769886e-02,0.00000000000000e+00	1.22328831973469e-04,0.00000000000000e+00	1.22328831973497e-04,0.00000000000000e+00	1.92839924769887e-02,0.00000000000000e+00
4.19787976724698e+06	1.93018312965513e-02,0.00000000000000e+00	1.22837823036400e-04,0.00000000000000e+00	1.22837823036387e-04,0.00000000000000e+00	1.93018312965514e-02,0.00000000000000e+00
4.20755687953288e+06	1.93194715185827e-02,0.00000000000000e+00	1.23346185415854e-04,0.00000000000000e+00	1.23346185415841e-04,0.00000000000000e+00	1.93194715185822e-02,0.00000000000000e+00
4.21725629986651e+06	1.93369117024459e-02,0.00000000000000e+00	1.23853882723627e-04,0.00000000000000e+00	1.23853882723628e-04,0.00000000000000e+00	1.93369117024463e-02,0.00000000000000e+00
4.22697807967322e+06	1.93541504179184e-02,0.00000000000000e+00	1.24360878423699e-04,0.00000000000000e+00	1.24360878423694e-04,0.00000000000000e+00	1.93541504179183e-02,0.00000000000000e+00
4.23672227049693e+06	1.93711862454955e-02,0.00000000000000e+00	1.24867135838722e-04,0.00000000000000e+00	1.24867135838730e-04,0.00000000000000e+00	1.93711862454954e-02,0.00000000000000e+00
4.24648892400036e+06	1.93880177766919e-02,0.00000000000000e+00	1.25372618156836e-04,0.00000000000000e+00	1.25372618156840e-04,0.00000000000000e+00	1.93880177766919e-02,0.00000000000000e+00
4.25627809196535e+06	1.94046436143506e-02,0.00000000000000e+00	1.25877288438327e-04,0.00000000000000e+00	1.25877288438303e-04,0.00000000000000e+00	1.94046436143505e-02,0.00000000000000e+00
4.26608982629308e+06	1.94210623729416e-02,0.00000000000000e+00	1.26381109622262e-04,0.00000000000000e+00	1.26381109622272e-04,0.00000000000000e+00	1.94210623729419e-02,0.00000000000000e+00
4.27592417900439e+06	1.94372726788715e-02,0.00000000000000e+00	1.26884044533964e-04,0.00000000000000e+00	1.26884044533964e-04,0.00000000000000e+00	1.94372726788719e-02,0.00000000000000e+00
4.28578120224004e+06	1.94532731707821e-02,0.00000000000000e+00	1.27386055891434e-04,0.00000000000000e+00	1.27386055891426e-04,0.00000000000000e+00	1.94532731707820e-02,0.00000000000000e+00
4.29566094826099e+06	1.94690624998489e-02,0.00000000000000e+00	1.27887106312813e-04,0.00000000000000e+00	1.27887106312800e-04,0.00000000000000e+00	1.94690624998488e-02,0.00000000000000e+00
4.30556346944867e+06	1.94846393300924e-02,0.00000000000000e+00	1.28387158323586e-04,0.00000000000000e+00	1.28387158323594e-04,0.00000000000000e+00	1.94846393300925e-02,0.00000000000000e+00
4.31548881830526e+06	1.95000023386662e-02,0.00000000000000e+00	1.28886174363944e-04,0.00000000000000e+00	1.28886174363959e-04,0.00000000000000e+00	1.95000023386663e-02,0.00000000000000e+00
4.32543704745396e+06	1.95151502161640e-02,0.00000000000000e+00	1.29384116796041e-04,0.00000000000000e+00	1.29384116796046e-04,0.00000000000000e+00	1.95151502161637e-02,0.00000000000000e+00
4.33540820963931e+06	1.95300816669118e-02,0.00000000000000e+00	1.29880947911539e-04,0.00000000000000e+00	1.29880947911534e-04,0.00000000000000e+00	1.95300816669117e-02,0.00000000000000e+00
4.34540235772741e+06	1.95447954092682e-02,0.00000000000000e+00	1.30376629939089e-04,0.00000000000000e+00	1.30376629939096e-04,0.00000000000000e+00	1.95447954092682e-02,0.00000000000000e+00
4.35541954470624e+06	1.95592901759140e-02,0.00000000000000e+00	1.30871125052367e-04,0.00000000000000e+00	1.30871125052354e-04,0.00000000000000e+00	1.95592901759139e-02,0.00000000000000e+00
4.36545982368592e+06	1.95735647141495e-02,0.00000000000000e+00	1.31364395377091e-04,0.00000000000000e+00	1.31364395377101e-04,0.00000000000000e+00	1.95735647141497e-02,0.00000000000000e+00
4.37552324789903e+06	1.95876177861824e-02,0.00000000000000e+00	1.31856402999461e-04,0.00000000000000e+00	1.31856402999453e-04,0.00000000000000e+00	1.95876177861826e-02,0.00000000000000e+00
4.38560987070082e+06	1.96014481694188e-02,0.00000000000000e+00	1.32347109973856e-04,0.00000000000000e+00	1.32347109973859e-04,0.00000000000000e+00	1.96014481694186e-02,0.00000000000000e+00
4.39571974556957e+06	1.96150546567470e-02,0.00000000000000e+00	1.32836478330529e-04,0.00000000000000e+00	1.32836478330549e-04,0.00000000000000e+00	1.96150546567471e-02,0.00000000000000e+00
4.40585292610683e+06	1.96284360568265e-02,0.00000000000000e+00	1.33324470084062e-04,0.00000000000000e+00	1.33324470084050e-04,0.00000000000000e+00	1.96284360568264e-02,0.00000000000000e+00
4.41600946603772e+06	1.96415911943686e-02,0.00000000000000e+00	1.33811047240762e-04,0.00000000000000e+00	1.33811047240766e-04,0.00000000000000e+00	1.96415911943688e-02,0.00000000000000e+00
4.42618941921119e+06	1.96545189104150e-02,0.00000000000000e+00	1.34296171807588e-04,0.00000000000000e+00	1.34296171807563e-04,0.00000000000000e+00	1.96545189104148e-02,0.00000000000000e+00
4.43639283960036e+06	1.96672180626175e-02,0.00000000000000e+00	1.34779805799587e-04,0.00000000000000e+00	1.34779805799605e-04,0.00000000000000e+00	1.96672180626174e-02,0.00000000000000e+00
4.44661978130272e+06	1.96796875255119e-02,0.00000000000000e+00	1.35261911248909e-04,0.00000000000000e+00	1.35261911248908e-04,0.00000000000000e+00	1.96796875255119e-02,0.00000000000000e+00
4.45687029854053e+06	1.96919261907901e-02,0.00000000000000e+00	1.35742450212146e-04,0.00000000000000e+00	1.35742450212140e-04,0.00000000000000e+00	1.96919261907900e-02,0.00000000000000e+00
4.46714444566098e+06	1.97039329675693e-02,0.00000000000000e+00	1.36221384779558e-04,0.00000000000000e+00	1.36221384779560e-04,0.00000000000000e+00	1.97039329675692e-02,0.00000000000000e+00
4.47744227713659e+06	1.97157067826588e-02,0.00000000000000e+00	1.36698677082854e-04,0.00000000000000e+00	1.36698677082849e-04,0.00000000000000e+00	1.97157067826587e-02,0.00000000000000e+00
4.48776384756545e+06	1.97272465808205e-02,0.00000000000000e+00	1.37174289303875e-04,0.00000000000000e+00	1.37174289303874e-04,0.00000000000000e+00	1.97272465808206e-02,0.00000000000000e+00
4.49810921167148e+06	1.97385513250330e-02,0.00000000000000e+00	1.37648183682910e-04,0.00000000000000e+00	1.37648183682902e-04,0.00000000000000e+00	1.97385513250332e-02,0.00000000000000e+00
4.50847842430477e+06	1.97496199967429e-02,0.00000000000000e+00	1.38120322527456e-04,0.00000000000000e+00	1.38120322527451e-04,0.00000000000000e+00	1.97496199967430e-02,0.00000000000000e+00
4.51887154044187e+06	1.97604515961205e-02,0.00000000000000e+00	1.38590668220169e-04,0.00000000000000e+00	1.38590668220172e-04,0.00000000000000e+00	1.97604515961206e-02,0.00000000000000e+00
4.52928861518603e+06	1.97710451423083e-02,0.00000000000000e+00	1.39059183228060e-04,0.00000000000000e+00	1.39059183228054e-04,0.00000000000000e+00	1.97710451423081e-02,0.00000000000000e+00
4.53972970376756e+06	1.97813996736649e-02,0.00000000000000e+00	1.39525830110362e-04,0.00000000000000e+00	1.39525830110368e-04,0.00000000000000e+00	1.97813996736648e-02,0.00000000000000e+00
4.55019486154405e+06	1.97915142480083e-02,0.00000000000000e+00	1.39990571527926e-04,0.00000000000000e+00	1.39990571527920e-04,0.00000000000000e+00	1.97915142480085e-02,0.00000000000000e+00
4.56068414400075e+06	1.98013879428529e-02,0.00000000000000e+00	1.40453370250996e-04,0.00000000000000e+00	1.40453370250994e-04,0.00000000000000e+00	1.98013879428530e-02,0.00000000000000e+00
4.57119760675077e+06	1.98110198556416e-02,0.00000000000000e+00	1.40914189168223e-04,0.00000000000000e+00	1.40914189168232e-04,0.00000000000000e+00	1.98110198556417e-02,0.00000000000000e+00
4.58173530553546e+06	1.98204091039752e-02,0.00000000000000e+00	1.41372991295190e-04,0.00000000000000e+00	1.41372991295194e-04,0.00000000000000e+00	1.98204091039753e-02,0.00000000000000e+00
4.59229729622464e+06	1.98295548258374e-02,0.00000000000000e+00	1.41829739783101e-04,0.00000000000000e+00	1.41829739783106e-04,0.00000000000000e+00	1.98295548258375e-02,0.00000000000000e+00
4.60288363481693e+06	1.98384561798157e-02,0.00000000000000e+00	1.42284397927252e-04,0.00000000000000e+00	1.42284397927251e-04,0.00000000000000e+00	1.98384561798157e-02,0.00000000000000e+00
4.61349437744005e+06	1.98471123453149e-02,0.00000000000000e+00	1.42736929175687e-04,0.00000000000000e+00	1.42736929175695e-04,0.00000000000000e+00	1.98471123453149e-02,0.00000000000000e+00
4.62412958035110e+06	1.98555225227710e-02,0.00000000000000e+00	1.43187297137549e-04,0.00000000000000e+00	1.43187297137566e-04,0.00000000000000e+00	1.98555225227710e-02,0.00000000000000e+00
4.63478929993687e+06	1.98636859338543e-02,0.00000000000000e+00	1.43635465592310e-04,0.00000000000000e+00	1.43635465592321e-04,0.00000000000000e+00	1.98636859338543e-02,0.00000000000000e+00
4.64547359271412e+06	1.98716018216728e-02,0.00000000000000e+00	1.44081398497524e-04,0.00000000000000e+00	1.44081398497526e-04,0.00000000000000e+00	1.98716018216728e-02,0.00000000000000e+00
4.65618251532992e+06	1.98792694509680e-02,0.00000000000000e+00	1.44525059997759e-04,0.00000000000000e+00	1.44525059997773e-04,0.00000000000000e+00	1.98792694509680e-02,0.00000000000000e+00
4.66691612456191e+06	1.98866881083055e-02,0.00000000000000e+00	1.44966414433190e-04,0.00000000000000e+00	1.44966414433188e-04,0.00000000000000e+00	1.98866881083054e-02,0.00000000000000e+00
4.67767447731862e+06	1.98938571022620e-02,0.00000000000000e+00	1.45405426347871e-04,0.00000000000000e+00	1.45405426347872e-04,0.00000000000000e+00	1.98938571022620e-02,0.00000000000000e+00
4.68845763063975e+06	1.99007757636052e-02,0.00000000000000e+00	1.45842060498126e-04,0.00000000000000e+00	1.45842060498121e-04,0.00000000000000e+00	1.99007757636052e-02,0.00000000000000e+00
4.69926564169652e+06	1.99074434454701e-02,0.00000000000000e+00	1.46276281861417e-04,0.00000000000000e+00	1.46276281861406e-04,0.00000000000000e+00	1.99074434454701e-02,0.00000000000000e+00
4.71009856779193e+06	1.99138595235278e-02,0.00000000000000e+00	1.46708055643951e-04,0.00000000000000e+00	1.46708055643947e-04,0.00000000000000e+00	1.99138595235278e-02,0.00000000000000e+00
4.72095646636106e+06	1.99200233961509e-02,0.00000000000000e+00	1.47137347289513e-04,0.00000000000000e+00	1.47137347289526e-04,0.00000000000000e+00	1.99200233961509e-02,0.00000000000000e+00
4.73183939497142e+06	1.99259344845721e-02,0.00000000000000e+00	1.47564122487934e-04,0.00000000000000e+00	1.47564122487934e-04,0.00000000000000e+00	1.99259344845720e-02,0.00000000000000e+00
4.74274741132322e+06	1.99315922330365e-02,0.00000000000000e+00	1.47988347182674e-04,0.00000000000000e+00	1.47988347182675e-04,0.00000000000000e+00	1.99315922330365e-02,0.00000000000000e+00
4.75368057324966e+06	1.99369961089501e-02,0.00000000000000e+00	1.48409987579200e-04,0.00000000000000e+00	1.48409987579198e-04,0.00000000000000e+00	1.99369961089501e-02,0.00000000000000e+00
4.76463893871728e+06	1.99421456030200e-02,0.00000000000000e+00	1.48829010153446e-04,0.00000000000000e+00	1.48829010153447e-04,0.00000000000000e+00	1.99421456030201e-02,0.00000000000000e+00
4.77562256582626e+06	1.99470402293908e-02,0.00000000000000e+00	1.49245381659455e-04,0.00000000000000e+00	1.49245381659453e-04,0.00000000000000e+00	1.99470402293908e-02,0.00000000000000e+00
4.78663151281068e+06	1.99516795257734e-02,0.00000000000000e+00	1.49659069137366e-04,0.00000000000000e+00	1.49659069137369e-04,0.00000000000000e+00	1.99516795257734e-02,0.00000000000000e+00
4.79766583803888e+06	1.99560630535688e-02,0.00000000000000e+00	1.50070039921415e-04,0.00000000000000e+00	1.50070039921418e-04,0.00000000000000e+00	1.99560630535688e-02,0.00000000000000e+00
4.80872560001377e+06	1.99601903979850e-02,0.00000000000000e+00	1.50478261647727e-04,0.00000000000000e+00	1.50478261647727e-04,0.00000000000000e+00	1.99601903979850e-02,0.00000000000000e+00
4.81981085737309e+06	1.99640611681483e-02,0.00000000000000e+00	1.50883702261911e-04,0.00000000000000e+00	1.50883702261913e-04,0.00000000000000e+00	1.99640611681483e-02,0.00000000000000e+00
4.83092166888978e+06	1.99676749972079e-02,0.00000000000000e+00	1.51286330026826e-04,0.00000000000000e+00	1.51286330026823e-04,0.00000000000000e+00	1.99676749972079e-02,0.00000000000000e+00
4.84205809347226e+06	1.99710315424345e-02,0.00000000000000e+00	1.51686113530087e-04,0.00000000000000e+00	1.51686113530081e-04,0.00000000000000e+00	1.99710315424345e-02,0.00000000000000e+00
4.85322019016473e+06	1.99741304853121e-02,0.00000000000000e+00	1.52083021691510e-04,0.00000000000000e+00	1.52083021691506e-04,0.00000000000000e+00	1.99741304853121e-02,0.00000000000000e+00
4.86440801814753e+06	1.99769715316238e-02,0.00000000000000e+00	1.52477023770476e-04,0.00000000000000e+00	1.52477023770474e-04,0.00000000000000e+00	1.99769715316238e-02,0.00000000000000e+00
4.87562163673740e+06	1.99795544115309e-02,0.00000000000000e+00	1.52868089373171e-04,0.00000000000000e+00	1.52868089373172e-04,0.00000000000000e+00	1.99795544115309e-02,0.00000000000000e+00
4.88686110538784e+06	1.99818788796460e-02,0.00000000000000e+00	1.53256188459823e-04,0.00000000000000e+00	1.53256188459826e-04,0.00000000000000e+00	1.99818788796460e-02,0.00000000000000e+00
4.89812648368939e+06	1.99839447150984e-02,0.00000000000000e+00	1.53641291351606e-04,0.00000000000000e+00	1.53641291351605e-04,0.00000000000000e+00	1.99839447150984e-02,0.00000000000000e+00
4.90941783136996e+06	1.99857517215941e-02,0.00000000000000e+00	1.54023368737705e-04,0.00000000000000e+00	1.54023368737702e-04,0.00000000000000e+00	1.99857517215941e-02,0.00000000000000e+00
4.92073520829515e+06	1.99872997274688e-02,0.00000000000000e+00	1.54402391682085e-04,0.00000000000000e+00	1.54402391682086e-04,0.00000000000000e+00	1.99872997274688e-02,0.00000000000000e+00
4.93207867446858e+06	1.99885885857339e-02,0.00000000000000e+00	1.54778331630104e-04,0.00000000000000e+00	1.54778331630104e-04,0.00000000000000e+00	1.99885885857339e-02,0.00000000000000e+00
4.94344829003216e+06	1.99896181741164e-02,0.00000000000000e+00	1.55151160415414e-04,0.00000000000000e+00	1.55151160415413e-04,0.00000000000000e+00	1.99896181741164e-02,0.00000000000000e+00
4.95484411526647e+06	1.99903883950915e-02,0.00000000000000e+00	1.55520850265996e-04,0.00000000000000e+00	1.55520850265996e-04,0.00000000000000e+00	1.99903883950916e-02,0.00000000000000e+00
4.96626621059104e+06	1.99908991759093e-02,0.00000000000000e+00	1.55887373810804e-04,0.00000000000000e+00	1.55887373810804e-04,0.00000000000000e+00	1.99908991759093e-02,0.00000000000000e+00
4.97771463656468e+06	1.99911504686139e-02,0.00000000000000e+00	1.56250704085898e-04,0.00000000000000e+00	1.56250704085898e-04,0.00000000000000e+00	1.99911504686139e-02,0.00000000000000e+00
4.98918945388580e+06	1.99911422500562e-02,0.00000000000000e+00	1.56610814540416e-04,0.00000000000000e+00	1.56610814540416e-04,0.00000000000000e+00	1.99911422500562e-02,0.00000000000000e+00
5.00069072339276e+06	1.99908745219004e-02,0.00000000000000e+00	1.56967679042685e-04,0.00000000000000e+00	1.56967679042685e-04,0.00000000000000e+00	1.99908745219004e-02,0.00000000000000e+00
5.01221850606412e+06	1.99903473106227e-02,0.00000000000000e+00	1.57321271885819e-04,0.00000000000000e+00	1.57321271885818e-04,0.00000000000000e+00	1.99903473106227e-02,0.00000000000000e+00
5.02377286301905e+06	1.99895606675044e-02,0.00000000000000e+00	1.57671567793571e-04,0.00000000000000e+00	1.57671567793573e-04,0.00000000000000e+00	1.99895606675044e-02,0.00000000000000e+00
5.03535385551760e+06	1.99885146686173e-02,0.00000000000000e+00	1.58018541925740e-04,0.00000000000000e+00	1.58018541925739e-04,0.00000000000000e+00	1.99885146686174e-02,0.00000000000000e+00
5.04696154496104e+06	1.99872094148033e-02,0.00000000000000e+00	1.58362169883536e-04,0.00000000000000e+00	1.58362169883535e-04,0.00000000000000e+00	1.99872094148033e-02,0.00000000000000e+00
5.05859599289218e+06	1.99856450316460e-02,0.00000000000000e+00	1.58702427714904e-04,0.00000000000000e+00	1.58702427714903e-04,0.00000000000000e+00	1.99856450316460e-02,0.00000000000000e+00
5.07025726099571e+06	1.99838216694375e-02,0.00000000000000e+00	1.59039291919375e-04,0.00000000000000e+00	1.59039291919375e-04,0.00000000000000e+00	1.99838216694375e-02,0.00000000000000e+00
5.08194541109850e+06	1.99817395031364e-02,0.00000000000000e+00	1.59372739453395e-04,0.00000000000000e+00	1.59372739453395e-04,0.00000000000000e+00	1.99817395031364e-02,0.00000000000000e+00
5.09366050516997e+06	1.99793987323207e-02,0.00000000000000e+00	1.59702747734547e-04,0.00000000000000e+00	1.59702747734546e-04,0.00000000000000e+00	1.99793987323207e-02,0.00000000000000e+00
5.10540260532238e+06	1.99767995811334e-02,0.00000000000000e+00	1.60029294646559e-04,0.00000000000000e+00	1.60029294646557e-04,0.00000000000000e+00	1.99767995811334e-02,0.00000000000000e+00
5.11717177381118e+06	1.99739422982216e-02,0.00000000000000e+00	1.60352358543620e-04,0.00000000000000e+00	1.60352358543618e-04,0.00000000000000e+00	1.99739422982216e-02,0.00000000000000e+00
5.12896807303532e+06	1.99708271566690e-02,0.00000000000000e+00	1.60671918254755e-04,0.00000000000000e+00	1.60671918254762e-04,0.00000000000000e+00	1.99708271566690e-02,0.00000000000000e+00
5.14079156553761e+06	1.99674544539220e-02,0.00000000000000e+00	1.60987953087665e-04,0.00000000000000e+00	1.60987953087662e-04,0.00000000000000e+00	1.99674544539220e-02,0.00000000000000e+00
5.15264231400504e+06	1.99638245117091e-02,0.00000000000000e+00	1.61300442832989e-04,0.00000000000000e+00	1.61300442832984e-04,0.00000000000000e+00	1.99638245117091e-02,0.00000000000000e+00
5.16452038126908e+06	1.99599376759541e-02,0.00000000000000e+00	1.61609367768085e-04,0.00000000000000e+00	1.61609367768085e-04,0.00000000000000e+00	1.99599376759541e-02,0.00000000000000e+00
5.17642583030607e+06	1.99557943166825e-02,0.00000000000000e+00	1.61914708660467e-04,0.00000000000000e+00	1.61914708660470e-04,0.00000000000000e+00	1.99557943166825e-02,0.00000000000000e+00
5.18835872423751e+06	1.99513948279222e-02,0.00000000000000e+00	1.62216446771355e-04,0.00000000000000e+00	1.62216446771351e-04,0.00000000000000e+00	1.99513948279221e-02,0.00000000000000e+00
5.20031912633043e+06	1.99467396275969e-02,0.00000000000000e+00	1.62514563859068e-04,0.00000000000000e+00	1.62514563859069e-04,0.00000000000000e+00	1.99467396275969e-02,0.00000000000000e+00
5.21230709999768e+06	1.99418291574144e-02,0.00000000000000e+00	1.62809042181910e-04,0.00000000000000e+00	1.62809042181913e-04,0.00000000000000e+00	1.99418291574144e-02,0.00000000000000e+00
5.22432270879830e+06	1.99366638827480e-02,0.00000000000000e+00	1.63099864501328e-04,0.00000000000000e+00	1.63099864501328e-04,0.00000000000000e+00	1.99366638827480e-02,0.00000000000000e+00
5.23636601643785e+06	1.99312442925116e-02,0.00000000000000e+00	1.63387014084591e-04,0.00000000000000e+00	1.63387014084594e-04,0.00000000000000e+00	1.99312442925116e-02,0.00000000000000e+00
5.24843708676877e+06	1.99255708990294e-02,0.00000000000000e+00	1.63670474707454e-04,0.00000000000000e+00	1.63670474707452e-04,0.00000000000000e+00	1.99255708990294e-02,0.00000000000000e+00
5.26053598379065e+06	1.99196442378994e-02,0.00000000000000e+00	1.63950230656507e-04,0.00000000000000e+00	1.63950230656503e-04,0.00000000000000e+00	1.99196442378994e-02,0.00000000000000e+00
5.27266277165064e+06	1.99134648678500e-02,0.00000000000000e+00	1.64226266731391e-04,0.00000000000000e+00	1.64226266731388e-04,0.00000000000000e+00	1.99134648678500e-02,0.00000000000000e+00
5.28481751464377e+06	1.99070333705929e-02,0.00000000000000e+00	1.64498568246964e-04,0.00000000000000e+00	1.64498568246969e-04,0.00000000000000e+00	1.99070333705929e-02,0.00000000000000e+00
5.29700027721328e+06	1.99003503506678e-02,0.00000000000000e+00	1.64767121035291e-04,0.00000000000000e+00	1.64767121035287e-04,0.00000000000000e+00	1.99003503506679e-02,0.00000000000000e+00
5.30921112395096e+06	1.98934164352834e-02,0.00000000000000e+00	1.65031911446985e-04,0.00000000000000e+00	1.65031911447002e-04,0.00000000000000e+00	1.98934164352834e-02,0.00000000000000e+00
5.32145011959750e+06	1.98862322741509e-02,0.00000000000000e+00	1.65292926353415e-04,0.00000000000000e+00	1.65292926353414e-04,0.00000000000000e+00	1.98862322741509e-02,0.00000000000000e+00
5.33371732904284e+06	1.98787985393141e-02,0.00000000000000e+00	1.65550153147314e-04,0.00000000000000e+00	1.65550153147311e-04,0.00000000000000e+00	1.98787985393142e-02,0.00000000000000e+00
5.34601281732650e+06	1.98711159249725e-02,0.00000000000000e+00	1.65803579744548e-04,0.00000000000000e+00	1.65803579744558e-04,0.00000000000000e+00	1.98711159249726e-02,0.00000000000000e+00
5.35833664963794e+06	1.98631851472994e-02,0.00000000000000e+00	1.66053194584927e-04,0.00000000000000e+00	1.66053194584915e-04,0.00000000000000e+00	1.98631851472995e-02,0.00000000000000e+00
5.37068889131689e+06	1.98550069442550e-02,0.00000000000000e+00	1.66298986632911e-04,0.00000000000000e+00	1.66298986632908e-04,0.00000000000000e+00	1.98550069442551e-02,0.00000000000000e+00
5.38306960785371e+06	1.98465820753946e-02,0.00000000000000e+00	1.66540945378683e-04,0.00000000000000e+00	1.66540945378690e-04,0.00000000000000e+00	1.98465820753945e-02,0.00000000000000e+00
5.39547886488972e+06	1.98379113216703e-02,0.00000000000000e+00	1.66779060838233e-04,0.00000000000000e+00	1.66779060838226e-04,0.00000000000000e+00	1.98379113216703e-02,0.00000000000000e+00
5.40791672821756e+06	1.98289954852308e-02,0.00000000000000e+00	1.67013323553848e-04,0.00000000000000e+00	1.67013323553838e-04,0.00000000000000e+00	1.98289954852307e-02,0.00000000000000e+00
5.42038326378156e+06	1.98198353892112e-02,0.00000000000000e+00	1.67243724594319e-04,0.00000000000000e+00	1.67243724594317e-04,0.00000000000000e+00	1.98198353892113e-02,0.00000000000000e+00
5.43287853767804e+06	1.98104318775257e-02,0.00000000000000e+00	1.67470255554831e-04,0.00000000000000e+00	1.67470255554830e-04,0.00000000000000e+00	1.98104318775259e-02,0.00000000000000e+00
5.44540261615570e+06	1.98007858146467e-02,0.00000000000000e+00	1.67692908556881e-04,0.00000000000000e+00	1.67692908556883e-04,0.00000000000000e+00	1.98007858146467e-02,0.00000000000000e+00
5.45795556561595e+06	1.97908980853855e-02,0.00000000000000e+00	1.67911676247743e-04,0.00000000000000e+00	1.67911676247737e-04,0.00000000000000e+00	1.97908980853856e-02,0.00000000000000e+00
5.47053745261330e+06	1.97807695946693e-02,0.00000000000000e+00	1.68126551800024e-04,0.00000000000000e+00	1.68126551800029e-04,0.00000000000000e+00	1.97807695946693e-02,0.00000000000000e+00
5.48314834385564e+06	1.97704012673071e-02,0.00000000000000e+00	1.68337528911095e-04,0.00000000000000e+00	1.68337528911086e-04,0.00000000000000e+00	1.97704012673069e-02,0.00000000000000e+00
5.49578830620467e+06	1.97597940477578e-02,0.00000000000000e+00	1.68544601801990e-04,0.00000000000000e+00	1.68544601801982e-04,0.00000000000000e+00	1.97597940477579e-02,0.00000000000000e+00
5.50845740667620e+06	1.97489488998950e-02,0.00000000000000e+00	1.68747765216548e-04,0.00000000000000e+00	1.68747765216547e-04,0.00000000000000e+00	1.97489488998950e-02,0.00000000000000e+00
5.52115571244056e+06	1.97378668067596e-02,0.00000000000000e+00	1.68947014420096e-04,0.00000000000000e+00	1.68947014420093e-04,0.00000000000000e+00	1.97378668067596e-02,0.00000000000000e+00
5.53388329082289e+06	1.97265487703176e-02,0.00000000000000e+00	1.69142345198248e-04,0.00000000000000e+00	1.69142345198245e-04,0.00000000000000e+00	1.97265487703175e-02,0.00000000000000e+00
5.54664020930355e+06	1.97149958112104e-02,0.00000000000000e+00	1.69333753855345e-04,0.00000000000000e+00	1.69333753855346e-04,0.00000000000000e+00	1.97149958112102e-02,0.00000000000000e+00
5.55942653551845e+06	1.97032089684988e-02,0.00000000000000e+00	1.69521237212540e-04,0.00000000000000e+00	1.69521237212530e-04,0.00000000000000e+00	1.97032089684990e-02,0.00000000000000e+00
5.57224233725941e+06	1.96911892994105e-02,0.00000000000000e+00	1.69704792606274e-04,0.00000000000000e+00	1.69704792606253e-04,0.00000000000000e+00	1.96911892994104e-02,0.00000000000000e+00
5.58508768247454e+06	1.96789378790762e-02,0.00000000000000e+00	1.69884417886244e-04,0.00000000000000e+00	1.69884417886222e-04,0.00000000000000e+00	1.96789378790762e-02,0.00000000000000e+00
5.59796263926859e+06	1.96664558002681e-02,0.00000000000000e+00	1.70060111413052e-04,0.00000000000000e+00	1.70060111413068e-04,0.00000000000000e+00	1.96664558002682e-02,0.00000000000000e+00
5.61086727590329e+06	1.96537441731324e-02,0.00000000000000e+00	1.70231872056145e-04,0.00000000000000e+00	1.70231872056152e-04,0.00000000000000e+00	1.96537441731327e-02,0.00000000000000e+00
5.62380166079775e+06	1.96408041249225e-02,0.00000000000000e+00	1.70399699191458e-04,0.00000000000000e+00	1.70399699191447e-04,0.00000000000000e+00	1.96408041249223e-02,0.00000000000000e+00
5.63676586252877e+06	1.96276367997212e-02,0.00000000000000e+00	1.70563592698261e-04,0.00000000000000e+00	1.70563592698258e-04,0.00000000000000e+00	1.96276367997216e-02,0.00000000000000e+00
5.64975994983128e+06	1.96142433581718e-02,0.00000000000000e+00	1.70723552957147e-04,0.00000000000000e+00	1.70723552957144e-04,0.00000000000000e+00	1.96142433581719e-02,0.00000000000000e+00
5.66278399159862e+06	1.96006249771952e-02,0.00000000000000e+00	1.70879580846768e-04,0.00000000000000e+00	1.70879580846749e-04,0.00000000000000e+00	1.96006249771951e-02,0.00000000000000e+00
5.67583805688298e+06	1.95867828497124e-02,0.00000000000000e+00	1.71031677740834e-04,0.00000000000000e+00	1.71031677740840e-04,0.00000000000000e+00	1.95867828497123e-02,0.00000000000000e+00
5.68892221489569e+06	1.95727181843617e-02,0.00000000000000e+00	1.71179845505210e-04,0.00000000000000e+00	1.71179845505188e-04,0.00000000000000e+00	1.95727181843615e-02,0.00000000000000e+00
5.70203653500768e+06	1.95584322052101e-02,0.00000000000000e+00	1.71324086494140e-04,0.00000000000000e+00	1.71324086494135e-04,0.00000000000000e+00	1.95584322052102e-02,0.00000000000000e+00
5.71518108674975e+06	1.95439261514734e-02,0.00000000000000e+00	1.71464403547515e-04,0.00000000000000e+00	1.71464403547518e-04,0.00000000000000e+00	1.95439261514737e-02,0.00000000000000e+00
5.72835593981302e+06	1.95292012772189e-02,0.00000000000000e+00	1.71600799986707e-04,0.00000000000000e+00	1.71600799986697e-04,0.00000000000000e+00	1.95292012772191e-02,0.00000000000000e+00
5.74156116404924e+06	1.95142588510799e-02,0.00000000000000e+00	1.71733279611260e-04,0.00000000000000e+00	1.71733279611249e-04,0.00000000000000e+00	1.95142588510798e-02,0.00000000000000e+00
5.75479682947120e+06	1.94991001559607e-02,0.00000000000000e+00	1.71861846694913e-04,0.00000000000000e+00	1.71861846694892e-04,0.00000000000000e+00	1.94991001559606e-02,0.00000000000000e+00
5.76806300625307e+06	1.94837264887410e-02,0.00000000000000e+00	1.71986505981842e-04,0.00000000000000e+00	1.71986505981846e-04,0.00000000000000e+00	1.94837264887411e-02,0.00000000000000e+00
5.78135976473081e+06	1.94681391599850e-02,0.00000000000000e+00	1.72107262682636e-04,0.00000000000000e+00	1.72107262682608e-04,0.00000000000000e+00	1.94681391599850e-02,0.00000000000000e+00
5.79468717540250e+06	1.94523394936371e-02,0.00000000000000e+00	1.72224122469862e-04,0.00000000000000e+00	1.72224122469854e-04,0.00000000000000e+00	1.94523394936370e-02,0.00000000000000e+00
5.80804530892876e+06	1.94363288267278e-02,0.00000000000000e+00	1.72337091474105e-04,0.00000000000000e+00	1.72337091474085e-04,0.00000000000000e+00	1.94363288267276e-02,0.00000000000000e+00
5.82143423613307e+06	1.94201085090724e-02,0.00000000000000e+00	1.72446176279474e-04,0.00000000000000e+00	1.72446176279479e-04,0.00000000000000e+00	1.94201085090723e-02,0.00000000000000e+00
5.83485402800219e+06	1.94036799029724e-02,0.00000000000000e+00	1.72551383919239e-04,0.00000000000000e+00	1.72551383919250e-04,0.00000000000000e+00	1.94036799029724e-02,0.00000000000000e+00
5.84830475568653e+06	1.93870443829109e-02,0.00000000000000e+00	1.72652721871054e-04,0.00000000000000e+00	1.72652721871067e-04,0.00000000000000e+00	1.93870443829108e-02,0.00000000000000e+00
5.86178649050050e+06	1.93702033352488e-02,0.00000000000000e+00	1.72750198052448e-04,0.00000000000000e+00	1.72750198052471e-04,0.00000000000000e+00	1.93702033352486e-02,0.00000000000000e+00
5.87529930392291e+06	1.93531581579274e-02,0.00000000000000e+00	1.72843820815948e-04,0.00000000000000e+00	1.72843820815972e-04,0.00000000000000e+00	1.93531581579276e-02,0.00000000000000e+00
5.88884326759738e+06	1.93359102601592e-02,0.00000000000000e+00	1.72933598944369e-04,0.00000000000000e+00	1.72933598944362e-04,0.00000000000000e+00	1.93359102601597e-02,0.00000000000000e+00
5.90241845333262e+06	1.93184610621301e-02,0.00000000000000e+00	1.73019541645383e-04,0.00000000000000e+00	1.73019541645389e-04,0.00000000000000e+00	1.93184610621299e-02,0.00000000000000e+00
5.91602493310294e+06	1.93008119946840e-02,0.00000000000000e+00	1.73101658547253e-04,0.00000000000000e+00	1.73101658547242e-04,0.00000000000000e+00	1.93008119946838e-02,0.00000000000000e+00
5.92966277904854e+06	1.92829644990292e-02,0.00000000000000e+00	1.73179959692928e-04,0.00000000000000e+00	1.73179959692934e-04,0.00000000000000e+00	1.92829644990295e-02,0.00000000000000e+00
5.94333206347590e+06	1.92649200264316e-02,0.00000000000000e+00	1.73254455535322e-04,0.00000000000000e+00	1.73254455535333e-04,0.00000000000000e+00	1.92649200264314e-02,0.00000000000000e+00
5.95703285885823e+06	1.92466800379041e-02,0.00000000000000e+00	1.73325156931764e-04,0.00000000000000e+00	1.73325156931762e-04,0.00000000000000e+00	1.92466800379035e-02,0.00000000000000e+00
5.97076523783577e+06	1.92282460039059e-02,0.00000000000000e+00	1.73392075138740e-04,0.00000000000000e+00	1.73392075138713e-04,0.00000000000000e+00	1.92282460039060e-02,0.00000000000000e+00
5.98452927321623e+06	1.92096194040421e-02,0.00000000000000e+00	1.73455221806298e-04,0.00000000000000e+00	1.73455221806288e-04,0.00000000000000e+00	1.92096194040420e-02,0.00000000000000e+00
5.99832503797515e+06	1.91908017267536e-02,0.00000000000000e+00	1.73514608972810e-04,0.00000000000000e+00	1.73514608972805e-04,0.00000000000000e+00	1.91908017267535e-02,0.00000000000000e+00
6.01215260525631e+06	1.91717944690158e-02,0.00000000000000e+00	1.73570249059222e-04,0.00000000000000e+00	1.73570249059225e-04,0.00000000000000e+00	1.91717944690162e-02,0.00000000000000e+00
6.02601204837209e+06	1.91525991360407e-02,0.00000000000000e+00	1.73622154863208e-04,0.00000000000000e+00	1.73622154863199e-04,0.00000000000000e+00	1.91525991360401e-02,0.00000000000000e+00
6.03990344080388e+06	1.91332172409609e-02,0.00000000000000e+00	1.73670339553980e-04,0.00000000000000e+00	1.73670339553977e-04,0.00000000000000e+00	1.91332172409608e-02,0.00000000000000e+00
6.05382685620246e+06	1.91136503045490e-02,0.00000000000000e+00	1.73714816665940e-04,0.00000000000000e+00	1.73714816665916e-04,0.00000000000000e+00	1.91136503045493e-02,0.00000000000000e+00
6.06778236838838e+06	1.90938998548975e-02,0.00000000000000e+00	1.73755600093263e-04,0.00000000000000e+00	1.73755600093253e-04,0.00000000000000e+00	1.90938998548978e-02,0.00000000000000e+00
6.08177005135240e+06	1.90739674271314e-02,0.00000000000000e+00	1.73792704083974e-04,0.00000000000000e+00	1.73792704083960e-04,0.00000000000000e+00	1.90739674271315e-02,0.00000000000000e+00
6.09578997925581e+06	1.90538545631061e-02,0.00000000000000e+00	1.73826143233892e-04,0.00000000000000e+00	1.73826143233889e-04,0.00000000000000e+00	1.90538545631057e-02,0.00000000000000e+00
6.10984222643087e+06	1.90335628111076e-02,0.00000000000000e+00	1.73855932480737e-04,0.00000000000000e+00	1.73855932480739e-04,0.00000000000000e+00	1.90335628111076e-02,0.00000000000000e+00
6.12392686738120e+06	1.90130937255618e-02,0.00000000000000e+00	1.73882087098314e-04,0.00000000000000e+00	1.73882087098323e-04,0.00000000000000e+00	1.90130937255622e-02,0.00000000000000e+00
6.13804397678216e+06	1.89924488667378e-02,0.00000000000000e+00	1.73904622690111e-04,0.00000000000000e+00	1.73904622690127e-04,0.00000000000000e+00	1.89924488667381e-02,0.00000000000000e+00
6.15219362948126e+06	1.89716298004522e-02,0.00000000000000e+00	1.73923555183610e-04,0.00000000000000e+00	1.73923555183601e-04,0.00000000000000e+00	1.89716298004516e-02,0.00000000000000e+00
6.16637590049855e+06	1.89506380977818e-02,0.00000000000000e+00	1.73938900823886e-04,0.00000000000000e+00	1.73938900823887e-04,0.00000000000000e+00	1.89506380977815e-02,0.00000000000000e+00
6.18059086502702e+06	1.89294753347677e-02,0.00000000000000e+00	1.73950676167661e-04,0.00000000000000e+00	1.73950676167647e-04,0.00000000000000e+00	1.89294753347675e-02,0.00000000000000e+00
6.19483859843300e+06	1.89081430921376e-02,0.00000000000000e+00	1.73958898077000e-04,0.00000000000000e+00	1.73958898077028e-04,0.00000000000000e+00	1.89081430921376e-02,0.00000000000000e+00
6.20911917625655e+06	1.88866429550074e-02,0.00000000000000e+00	1.73963583713456e-04,0.00000000000000e+00	1.73963583713437e-04,0.00000000000000e+00	1.88866429550076e-02,0.00000000000000e+00
6.22343267421187e+06	1.88649765126040e-02,0.00000000000000e+00	1.73964750531296e-04,0.00000000000000e+00	1.73964750531291e-04,0.00000000000000e+00	1.88649765126032e-02,0.00000000000000e+00
6.23777916818771e+06	1.88431453579811e-02,0.00000000000000e+00	1.73962416271810e-04,0.00000000000000e+00	1.73962416271830e-04,0.00000000000000e+00	1.88431453579807e-02,0.00000000000000e+00
6.25215873424775e+06	1.88211510877375e-02,0.00000000000000e+00	1.73956598956853e-04,0.00000000000000e+00	1.73956598956860e-04,0.00000000000000e+00	1.88211510877371e-02,0.00000000000000e+00
6.26657144863101e+06	1.87989953017417e-02,0.00000000000000e+00	1.73947316882636e-04,0.00000000000000e+00	1.73947316882641e-04,0.00000000000000e+00	1.87989953017411e-02,0.00000000000000e+00
6.28101738775227e+06	1.87766796028500e-02,0.00000000000000e+00	1.73934588613376e-04,0.00000000000000e+00	1.73934588613402e-04,0.00000000000000e+00	1.87766796028492e-02,0.00000000000000e+00
6.29549662820246e+06	1.87542055966422e-02,0.00000000000000e+00	1.73918432975281e-04,0.00000000000000e+00	1.73918432975289e-04,0.00000000000000e+00	1.87542055966413e-02,0.00000000000000e+00
6.31000924674909e+06	1.87315748911367e-02,0.00000000000000e+00	1.73898869049881e-04,0.00000000000000e+00	1.73898869049891e-04,0.00000000000000e+00	1.87315748911365e-02,0.00000000000000e+00
6.32455532033659e+06	1.87087890965334e-02,0.00000000000000e+00	1.73875916168247e-04,0.00000000000000e+00	1.73875916168273e-04,0.00000000000000e+00	1.87087890965335e-02,0.00000000000000e+00
6.33913492608681e+06	1.86858498249403e-02,0.00000000000000e+00	1.73849593904425e-04,0.00000000000000e+00	1.73849593904419e-04,0.00000000000000e+00	1.86858498249408e-02,0.00000000000000e+00
6.35374814129937e+06	1.86627586901134e-02,0.00000000000000e+00	1.73819922069159e-04,0.00000000000000e+00	1.73819922069143e-04,0.00000000000000e+00	1.86627586901133e-02,0.00000000000000e+00
6.36839504345208e+06	1.86395173071844e-02,0.00000000000000e+00	1.73786920703656e-04,0.00000000000000e+00	1.73786920703637e-04,0.00000000000000e+00	1.86395173071848e-02,0.00000000000000e+00
6.38307571020135e+06	1.86161272924218e-02,0.00000000000000e+00	1.73750610073618e-04,0.00000000000000e+00	1.73750610073635e-04,0.00000000000000e+00	1.86161272924212e-02,0.00000000000000e+00
6.39779021938262e+06	1.85925902629502e-02,0.00000000000000e+00	1.73711010662719e-04,0.00000000000000e+00	1.73711010662725e-04,0.00000000000000e+00	1.85925902629512e-02,0.00000000000000e+00
6.41253864901076e+06	1.85689078365170e-02,0.00000000000000e+00	1.73668143166303e-04,0.00000000000000e+00	1.73668143166303e-04,0.00000000000000e+00	1.85689078365173e-02,0.00000000000000e+00
6.42732107728046e+06	1.85450816312298e-02,0.00000000000000e+00	1.73622028485518e-04,0.00000000000000e+00	1.73622028485532e-04,0.00000000000000e+00	1.85450816312294e-02,0.00000000000000e+00
6.44213758256669e+06	1.85211132653085e-02,0.00000000000000e+00	1.73572687720865e-04,0.00000000000000e+00	1.73572687720884e-04,0.00000000000000e+00	1.85211132653067e-02,0.00000000000000e+00
6.45698824342510e+06	1.84970043568470e-02,0.00000000000000e+00	1.73520142166207e-04,0.00000000000000e+00	1.73520142166217e-04,0.00000000000000e+00	1.84970043568477e-02,0.00000000000000e+00
6.47187313859239e+06	1.84727565235705e-02,0.00000000000000e+00	1.73464413302417e-04,0.00000000000000e+00	1.73464413302433e-04,0.00000000000000e+00	1.84727565235698e-02,0.00000000000000e+00
6.48679234698681e+06	1.84483713825861e-02,0.00000000000000e+00	1.73405522791548e-04,0.00000000000000e+00	1.73405522791540e-04,0.00000000000000e+00	1.84483713825859e-02,0.00000000000000e+00
6.50174594770851e+06	1.84238505501526e-02,0.00000000000000e+00	1.73343492470346e-04,0.00000000000000e+00	1.73343492470353e-04,0.00000000000000e+00	1.84238505501525e-02,0.00000000000000e+00
6.51673402004000e+06	1.83991956414566e-02,0.00000000000000e+00	1.73278344344723e-04,0.00000000000000e+00	1.73278344344721e-04,0.00000000000000e+00	1.83991956414556e-02,0.00000000000000e+00
6.53175664344654e+06	1.83744082703630e-02,0.00000000000000e+00	1.73210100583289e-04,0.00000000000000e+00	1.73210100583288e-04,0.00000000000000e+00	1.83744082703636e-02,0.00000000000000e+00
6.54681389757658e+06	1.83494900492076e-02,0.00000000000000e+00	1.73138783511461e-04,0.00000000000000e+00	1.73138783511460e-04,0.00000000000000e+00	1.83494900492080e-02,0.00000000000000e+00
6.56190586226220e+06	1.83244425885585e-02,0.00000000000000e+00	1.73064415605720e-04,0.00000000000000e+00	1.73064415605726e-04,0.00000000000000e+00	1.83244425885577e-02,0.00000000000000e+00
6.57703261751948e+06	1.82992674969991e-02,0.00000000000000e+00	1.72987019487340e-04,0.00000000000000e+00	1.72987019487343e-04,0.00000000000000e+00	1.82992674970000e-02,0.00000000000000e+00
6.59219424354897e+06	1.82739663809177e-02,0.00000000000000e+00	1.72906617916755e-04,0.00000000000000e+00	1.72906617916751e-04,0.00000000000000e+00	1.82739663809171e-02,0.00000000000000e+00
6.60739082073611e+06	1.82485408442837e-02,0.00000000000000e+00	1.72823233787717e-04,0.00000000000000e+00	1.72823233787714e-04,0.00000000000000e+00	1.82485408442841e-02,0.00000000000000e+00
6.62262242965164e+06	1.82229924884459e-02,0.00000000000000e+00	1.72736890121362e-04,0.00000000000000e+00	1.72736890121351e-04,0.00000000000000e+00	1.82229924884478e-02,0.00000000000000e+00
6.63788915105202e+06	1.81973229119146e-02,0.00000000000000e+00	1.72647610060415e-04,0.00000000000000e+00	1.72647610060407e-04,0.00000000000000e+00	1.81973229119141e-02,0.00000000000000e+00
6.65319106587990e+06	1.81715337101644e-02,0.00000000000000e+00	1.72555416863814e-04,0.00000000000000e+00	1.72555416863816e-04,0.00000000000000e+00	1.81715337101634e-02,0.00000000000000e+00
6.66852825526451e+06	1.81456264754247e-02,0.00000000000000e+00	1.72460333900629e-04,0.00000000000000e+00	1.72460333900606e-04,0.00000000000000e+00	1.81456264754247e-02,0.00000000000000e+00
6.68390080052210e+06	1.81196027964996e-02,0.00000000000000e+00	1.72362384644580e-04,0.00000000000000e+00	1.72362384644576e-04,0.00000000000000e+00	1.81196027964993e-02,0.00000000000000e+00
6.69930878315637e+06	1.80934642585526e-02,0.00000000000000e+00	1.72261592668722e-04,0.00000000000000e+00	1.72261592668718e-04,0.00000000000000e+00	1.80934642585541e-02,0.00000000000000e+00
6.71475228485890e+06	1.80672124429280e-02,0.00000000000000e+00	1.72157981639487e-04,0.00000000000000e+00	1.72157981639496e-04,0.00000000000000e+00	1.80672124429279e-02,0.00000000000000e+00
6.73023138750963e+06	1.80408489269611e-02,0.00000000000000e+00	1.72051575311675e-04,0.00000000000000e+00	1.72051575311676e-04,0.00000000000000e+00	1.80408489269613e-02,0.00000000000000e+00
6.74574617317719e+06	1.80143752837899e-02,0.00000000000000e+00	1.71942397522674e-04,0.00000000000000e+00	1.71942397522676e-04,0.00000000000000e+00	1.80143752837907e-02,0.00000000000000e+00
6.76129672411944e+06	1.79877930821766e-02,0.00000000000000e+00	1.71830472187231e-04,0.00000000000000e+00	1.71830472187231e-04,0.00000000000000e+00	1.79877930821757e-02,0.00000000000000e+00
6.77688312278386e+06	1.79611038863331e-02,0.00000000000000e+00	1.71715823292359e-04,0.00000000000000e+00	1.71715823292351e-04,0.00000000000000e+00	1.79611038863338e-02,0.00000000000000e+00
6.79250545180798e+06	1.79343092557441e-02,0.00000000000000e+00	1.71598474891656e-04,0.00000000000000e+00	1.71598474891661e-04,0.00000000000000e+00	1.79343092557439e-02,0.00000000000000e+00
6.80816379401982e+06	1.79074107449954e-02,0.00000000000000e+00	1.71478451100534e-04,0.00000000000000e+00	1.71478451100539e-04,0.00000000000000e+00	1.79074107449948e-02,0.00000000000000e+00
6.82385823243838e+06	1.78804099036028e-02,0.00000000000000e+00	1.71355776090874e-04,0.00000000000000e+00	1.71355776090889e-04,0.00000000000000e+00	1.78804099036033e-02,0.00000000000000e+00
6.83958885027398e+06	1.78533082758638e-02,0.00000000000000e+00	1.71230474086110e-04,0.00000000000000e+00	1.71230474086112e-04,0.00000000000000e+00	1.78533082758636e-02,0.00000000000000e+00
6.85535573092881e+06	1.78261074006798e-02,0.00000000000000e+00	1.71102569355962e-04,0.00000000000000e+00	1.71102569355978e-04,0.00000000000000e+00	1.78261074006791e-02,0.00000000000000e+00
6.87115895799730e+06	1.77988088114019e-02,0.00000000000000e+00	1.70972086211811e-04,0.00000000000000e+00	1.70972086211814e-04,0.00000000000000e+00	1.77988088114024e-02,0.00000000000000e+00
6.88699861526657e+06	1.77714140356900e-02,0.00000000000000e+00	1.70839049001579e-04,0.00000000000000e+00	1.70839049001598e-04,0.00000000000000e+00	1.77714140356903e-02,0.00000000000000e+00
6.90287478671693e+06	1.77439245953469e-02,0.00000000000000e+00	1.70703482105077e-04,0.00000000000000e+00	1.70703482105069e-04,0.00000000000000e+00	1.77439245953464e-02,0.00000000000000e+00
6.91878755652224e+06	1.77163420061774e-02,0.00000000000000e+00	1.70565409929101e-04,0.00000000000000e+00	1.70565409929074e-04,0.00000000000000e+00	1.77163420061776e-02,0.00000000000000e+00
6.93473700905043e+06	1.76886677778531e-02,0.00000000000000e+00	1.70424856902791e-04,0.00000000000000e+00	1.70424856902796e-04,0.00000000000000e+00	1.76886677778519e-02,0.00000000000000e+00
6.95072322886392e+06	1.76609034137530e-02,0.00000000000000e+00	1.70281847473248e-04,0.00000000000000e+00	1.70281847473264e-04,0.00000000000000e+00	1.76609034137542e-02,0.00000000000000e+00
6.96674630072003e+06	1.76330504108484e-02,0.00000000000000e+00	1.70136406100463e-04,0.00000000000000e+00	1.70136406100459e-04,0.00000000000000e+00	1.76330504108479e-02,0.00000000000000e+00
6.98280630957152e+06	1.76051102595525e-02,0.00000000000000e+00	1.69988557253428e-04,0.00000000000000e+00	1.69988557253405e-04,0.00000000000000e+00	1.76051102595518e-02,0.00000000000000e+00
6.99890334056694e+06	1.75770844435994e-02,0.00000000000000e+00	1.69838325405166e-04,0.00000000000000e+00	1.69838325405133e-04,0.00000000000000e+00	1.75770844435995e-02,0.00000000000000e+00
7.01503747905116e+06	1.75489744399176e-02,0.00000000000000e+00	1.69685735028666e-04,0.00000000000000e+00	1.69685735028674e-04,0.00000000000000e+00	1.75489744399171e-02,0.00000000000000e+00
7.03120881056576e+06	1.75207817184981e-02,0.00000000000000e+00	1.69530810592757e-04,0.00000000000000e+00	1.69530810592748e-04,0.00000000000000e+00	1.75207817184983e-02,0.00000000000000e+00
7.04741742084954e+06	1.74925077422833e-02,0.00000000000000e+00	1.69373576557408e-04,0.00000000000000e+00	1.69373576557443e-04,0.00000000000000e+00	1.74925077422843e-02,0.00000000000000e+00
7.06366339583893e+06	1.74641539670516e-02,0.00000000000000e+00	1.69214057370067e-04,0.00000000000000e+00	1.69214057370084e-04,0.00000000000000e+00	1.74641539670515e-02,0.00000000000000e+00
7.07994682166849e+06	1.74357218412897e-02,0.00000000000000e+00	1.69052277461197e-04,0.00000000000000e+00	1.69052277461188e-04,0.00000000000000e+00	1.74357218412889e-02,0.00000000000000e+00
7.09626778467130e+06	1.74072128060897e-02,0.00000000000000e+00	1.68888261240409e-04,0.00000000000000e+00	1.68888261240438e-04,0.00000000000000e+00	1.74072128060908e-02,0.00000000000000e+00
7.11262637137950e+06	1.73786282950592e-02,0.00000000000000e+00	1.68722033092776e-04,0.00000000000000e+00	1.68722033092761e-04,0.00000000000000e+00	1.73786282950590e-02,0.00000000000000e+00
7.12902266852468e+06	1.73499697341805e-02,0.00000000000000e+00	1.68553617374345e-04,0.00000000000000e+00	1.68553617374327e-04,0.00000000000000e+00	1.73499697341803e-02,0.00000000000000e+00
7.14545676303837e+06	1.73212385417501e-02,0.00000000000000e+00	1.68383038408996e-04,0.00000000000000e+00	1.68383038409004e-04,0.00000000000000e+00	1.73212385417510e-02,0.00000000000000e+00
7.16192874205251e+06	1.72924361282481e-02,0.00000000000000e+00	1.68210320484309e-04,0.00000000000000e+00	1.68210320484301e-04,0.00000000000000e+00	1.72924361282478e-02,0.00000000000000e+00
7.17843869289989e+06	1.72635638962633e-02,0.00000000000000e+00	1.68035487847892e-04,0.00000000000000e+00	1.68035487847909e-04,0.00000000000000e+00	1.72635638962638e-02,0.00000000000000e+00
7.19498670311463e+06	1.72346232403896e-02,0.00000000000000e+00	1.67858564704090e-04,0.00000000000000e+00	1.67858564704094e-04,0.00000000000000e+00	1.72346232403908e-02,0.00000000000000e+00
7.21157286043263e+06	1.72056155471487e-02,0.00000000000000e+00	1.67679575210068e-04,0.00000000000000e+00	1.67679575210052e-04,0.00000000000000e+00	1.72056155471505e-02,0.00000000000000e+00
7.22819725279205e+06	1.71765421948993e-02,0.00000000000000e+00	1.67498543472567e-04,0.00000000000000e+00	1.67498543472543e-04,0.00000000000000e+00	1.71765421948990e-02,0.00000000000000e+00
7.24485996833376e+06	1.71474045537504e-02,0.00000000000000e+00	1.67315493544557e-04,0.00000000000000e+00	1.67315493544554e-04,0.00000000000000e+00	1.71474045537495e-02,0.00000000000000e+00
7.26156109540181e+06	1.71182039854798e-02,0.00000000000000e+00	1.67130449421729e-04,0.00000000000000e+00	1.67130449421723e-04,0.00000000000000e+00	1.71182039854808e-02,0.00000000000000e+00
7.27830072254392e+06	1.70889418434830e-02,0.00000000000000e+00	1.66943435039506e-04,0.00000000000000e+00	1.66943435039499e-04,0.00000000000000e+00	1.70889418434829e-02,0.00000000000000e+00
7.29507893851194e+06	1.70596194726601e-02,0.00000000000000e+00	1.66754474269563e-04,0.00000000000000e+00	1.66754474269570e-04,0.00000000000000e+00	1.70596194726614e-02,0.00000000000000e+00
7.31189583226228e+06	1.70302382093762e-02,0.00000000000000e+00	1.66563590916965e-04,0.00000000000000e+00	1.66563590916953e-04,0.00000000000000e+00	1.70302382093777e-02,0.00000000000000e+00
7.32875149295644e+06	1.70007993813792e-02,0.00000000000000e+00	1.66370808716933e-04,0.00000000000000e+00	1.66370808716930e-04,0.00000000000000e+00	1.70007993813801e-02,0.00000000000000e+00
7.34564600996147e+06	1.69713043077373e-02,0.00000000000000e+00	1.66176151331988e-04,0.00000000000000e+00	1.66176151331993e-04,0.00000000000000e+00	1.69713043077358e-02,0.00000000000000e+00
7.36257947285041e+06	1.69417542987732e-02,0.00000000000000e+00	1.65979642349075e-04,0.00000000000000e+00	1.65979642349063e-04,0.00000000000000e+00	1.69417542987745e-02,0.00000000000000e+00
7.37955197140278e+06	1.69121506560202e-02,0.00000000000000e+00	1.65781305276495e-04,0.00000000000000e+00	1.65781305276508e-04,0.00000000000000e+00	1.69121506560199e-02,0.00000000000000e+00
7.39656359560510e+06	1.68824946721511e-02,0.00000000000000e+00	1.65581163541551e-04,0.00000000000000e+00	1.65581163541542e-04,0.00000000000000e+00	1.68824946721482e-02,0.00000000000000e+00
7.41361443565130e+06	1.68527876309095e-02,0.00000000000000e+00	1.65379240487244e-04,0.00000000000000e+00	1.65379240487234e-04,0.00000000000000e+00	1.68527876309066e-02,0.00000000000000e+00
7.43070458194323e+06	1.68230308070956e-02,0.00000000000000e+00	1.65175559370234e-04,0.00000000000000e+00	1.65175559370238e-04,0.00000000000000e+00	1.68230308070959e-02,0.00000000000000e+00
7.44783412509114e+06	1.67932254664966e-02,0.00000000000000e+00	1.64970143357923e-04,0.00000000000000e+00	1.64970143357921e-04,0.00000000000000e+00	1.67932254664977e-02,0.00000000000000e+00
7.46500315591418e+06	1.67633728658360e-02,0.00000000000000e+00	1.64763015526016e-04,0.00000000000000e+00	1.64763015526009e-04,0.00000000000000e+00	1.67633728658370e-02,0.00000000000000e+00
7.48221176544084e+06	1.67334742527309e-02,0.00000000000000e+00	1.64554198856033e-04,0.00000000000000e+00	1.64554198856025e-04,0.00000000000000e+00	1.67334742527321e-02,0.00000000000000e+00
7.49946004490944e+06	1.67035308656634e-02,0.00000000000000e+00	1.64343716233109e-04,0.00000000000000e+00	1.64343716233112e-04,0.00000000000000e+00	1.67035308656661e-02,0.00000000000000e+00
7.51674808576865e+06	1.66735439339380e-02,0.00000000000000e+00	1.64131590443479e-04,0.00000000000000e+00	1.64131590443475e-04,0.00000000000000e+00	1.66735439339370e-02,0.00000000000000e+00
7.53407597967795e+06	1.66435146776335e-02,0.00000000000000e+00	1.63917844172437e-04,0.00000000000000e+00	1.63917844172429e-04,0.00000000000000e+00	1.66435146776345e-02,0.00000000000000e+00
7.55144381850809e+06	1.66134443075783e-02,0.00000000000000e+00	1.63702500001786e-04,0.00000000000000e+00	1.63702500001780e-04,0.00000000000000e+00	1.66134443075782e-02,0.00000000000000e+00
7.56885169434163e+06	1.65833340253201e-02,0.00000000000000e+00	1.63485580408139e-04,0.00000000000000e+00	1.63485580408143e-04,0.00000000000000e+00	1.65833340253190e-02,0.00000000000000e+00
7.58629969947340e+06	1.65531850230912e-02,0.00000000000000e+00	1.63267107760611e-04,0.00000000000000e+00	1.63267107760606e-04,0.00000000000000e+00	1.65531850230913e-02,0.00000000000000e+00
7.60378792641099e+06	1.65229984838023e-02,0.00000000000000e+00	1.63047104318935e-04,0.00000000000000e+00	1.63047104318945e-04,0.00000000000000e+00	1.65229984837991e-02,0.00000000000000e+00
7.62131646787522e+06	1.64927755809737e-02,0.00000000000000e+00	1.62825592231431e-04,0.00000000000000e+00	1.62825592231432e-04,0.00000000000000e+00	1.64927755809740e-02,0.00000000000000e+00
7.63888541680069e+06	1.64625174787675e-02,0.00000000000000e+00	1.62602593533126e-04,0.00000000000000e+00	1.62602593533129e-04,0.00000000000000e+00	1.64625174787671e-02,0.00000000000000e+00
7.65649486633621e+06	1.64322253319201e-02,0.00000000000000e+00	1.62378130144024e-04,0.00000000000000e+00	1.62378130144022e-04,0.00000000000000e+00	1.64322253319221e-02,0.00000000000000e+00
7.67414490984534e+06	1.64019002857692e-02,0.00000000000000e+00	1.62152223867372e-04,0.00000000000000e+00	1.62152223867369e-04,0.00000000000000e+00	1.64019002857680e-02,0.00000000000000e+00
7.69183564090683e+06	1.63715434761824e-02,0.00000000000000e+00	1.61924896387699e-04,0.00000000000000e+00	1.61924896387697e-04,0.00000000000000e+00	1.63715434761825e-02,0.00000000000000e+00
7.70956715331519e+06	1.63411560296057e-02,0.00000000000000e+00	1.61696169269589e-04,0.00000000000000e+00	1.61696169269591e-04,0.00000000000000e+00	1.63411560296052e-02,0.00000000000000e+00
7.72733954108114e+06	1.63107390630033e-02,0.00000000000000e+00	1.61466063955747e-04,0.00000000000000e+00	1.61466063955748e-04,0.00000000000000e+00	1.63107390630042e-02,0.00000000000000e+00
7.74515289843210e+06	1.62802936838720e-02,0.00000000000000e+00	1.61234601765594e-04,0.00000000000000e+00	1.61234601765597e-04,0.00000000000000e+00	1.62802936838725e-02,0.00000000000000e+00
7.76300731981272e+06	1.62498209902384e-02,0.00000000000000e+00	1.61001803893972e-04,0.00000000000000e+00	1.61001803893978e-04,0.00000000000000e+00	1.62498209902397e-02,0.00000000000000e+00
7.78090289988537e+06	1.62193220706221e-02,0.00000000000000e+00	1.60767691409314e-04,0.00000000000000e+00	1.60767691409308e-04,0.00000000000000e+00	1.62193220706227e-02,0.00000000000000e+00
7.79883973353062e+06	1.61887980040755e-02,0.00000000000000e+00	1.60532285252671e-04,0.00000000000000e+00	1.60532285252672e-04,0.00000000000000e+00	1.61887980040743e-02,0.00000000000000e+00
7.81681791584779e+06	1.61582498601382e-02,0.00000000000000e+00	1.60295606236240e-04,0.00000000000000e+00	1.60295606236242e-04,0.00000000000000e+00	1.61582498601379e-02,0.00000000000000e+00
7.83483754215541e+06	1.61276786988722e-02,0.00000000000000e+00	1.60057675042139e-04,0.00000000000000e+00	1.60057675042140e-04,0.00000000000000e+00	1.61276786988739e-02,0.00000000000000e+00
7.85289870799175e+06	1.60970855708542e-02,0.00000000000000e+00	1.59818512221190e-04,0.00000000000000e+00	1.59818512221189e-04,0.00000000000000e+00	1.60970855708544e-02,0.00000000000000e+00
7.87100150911530e+06	1.60664715171650e-02,0.00000000000000e+00	1.59578138191802e-04,0.00000000000000e+00	1.59578138191805e-04,0.00000000000000e+00	1.60664715171664e-02,0.00000000000000e+00
7.88914604150532e+06	1.60358375694060e-02,0.00000000000000e+00	1.59336573238763e-04,0.00000000000000e+00	1.59336573238771e-04,0.00000000000000e+00	1.60358375694046e-02,0.00000000000000e+00
7.90733240136231e+06	1.60051847497119e-02,0.00000000000000e+00	1.59093837512473e-04,0.00000000000000e+00	1.59093837512472e-04,0.00000000000000e+00	1.60051847497112e-02,0.00000000000000e+00
7.92556068510854e+06	1.59745140707430e-02,0.00000000000000e+00	1.58849951027553e-04,0.00000000000000e+00	1.58849951027546e-04,0.00000000000000e+00	1.59745140707466e-02,0.00000000000000e+00
7.94383098938855e+06	1.59438265357208e-02,0.00000000000000e+00	1.58604933662092e-04,0.00000000000000e+00	1.58604933662095e-04,0.00000000000000e+00	1.59438265357193e-02,0.00000000000000e+00
7.96214341106969e+06	1.59131231384082e-02,0.00000000000000e+00	1.58358805156972e-04,0.00000000000000e+00	1.58358805156976e-04,0.00000000000000e+00	1.59131231384074e-02,0.00000000000000e+00
7.98049804724259e+06	1.58824048631441e-02,0.00000000000000e+00	1.58111585114565e-04,0.00000000000000e+00	1.58111585114562e-04,0.00000000000000e+00	1.58824048631449e-02,0.00000000000000e+00
7.99889499522169e+06	1.58516726848596e-02,0.00000000000000e+00	1.57863292998229e-04,0.00000000000000e+00	1.57863292998227e-04,0.00000000000000e+00	1.58516726848600e-02,0.00000000000000e+00
8.00000000000000e+06	1.58498285997514e-02,0.00000000000000e+00	1.57848363960268e-04,0.00000000000000e+00	1.57848363960284e-04,0.00000000000000e+00	1.58498285997530e-02,0.00000000000000e+00
