Freq.	mag(I(RCoil1))	mag(I(RCoil2))	mag(I(RLoad))	mag(I(RSource))
2.00000000000000e+06	1.90738267244034e-02,0.00000000000000e+00	5.71476980810784e-05,0.00000000000000e+00	5.71476980810784e-05,0.00000000000000e+00	1.90738267244034e-02,0.00000000000000e+00
2.00461047615580e+06	1.90698758667720e-02,0.00000000000000e+00	5.72557118145430e-05,0.00000000000000e+00	5.72557118145430e-05,0.00000000000000e+00	1.90698758667723e-02,0.00000000000000e+00
2.00923158055679e+06	1.90659092449795e-02,0.00000000000000e+00	5.73638299204751e-05,0.00000000000000e+00	5.73638299204751e-05,0.00000000000000e+00	1.90659092449797e-02,0.00000000000000e+00
2.01386333770361e+06	1.90619268065400e-02,0.00000000000000e+00	5.74720518415907e-05,0.00000000000000e+00	5.74720518415907e-05,0.00000000000000e+00	1.90619268065403e-02,0.00000000000000e+00
2.01850577215337e+06	1.90579284988838e-02,0.00000000000000e+00	5.75803770157989e-05,0.00000000000000e+00	5.75803770157989e-05,0.00000000000000e+00	1.90579284988834e-02,0.00000000000000e+00
2.02315890851980e+06	1.90539142693498e-02,0.00000000000000e+00	5.76888048761769e-05,0.00000000000000e+00	5.76888048761769e-05,0.00000000000000e+00	1.90539142693506e-02,0.00000000000000e+00
2.02782277147336e+06	1.90498840651954e-02,0.00000000000000e+00	5.77973348509488e-05,0.00000000000000e+00	5.77973348509488e-05,0.00000000000000e+00	1.90498840651953e-02,0.00000000000000e+00
2.03249738574139e+06	1.90458378335896e-02,0.00000000000000e+00	5.79059663634865e-05,0.00000000000000e+00	5.79059663634865e-05,0.00000000000000e+00	1.90458378335896e-02,0.00000000000000e+00
2.03718277610823e+06	1.90417755216217e-02,0.00000000000000e+00	5.80146988322858e-05,0.00000000000000e+00	5.80146988322858e-05,0.00000000000000e+00	1.90417755216223e-02,0.00000000000000e+00
2.04187896741536e+06	1.90376970762931e-02,0.00000000000000e+00	5.81235316709254e-05,0.00000000000000e+00	5.81235316709254e-05,0.00000000000000e+00	1.90376970762924e-02,0.00000000000000e+00
2.04658598456151e+06	1.90336024445228e-02,0.00000000000000e+00	5.82324642880927e-05,0.00000000000000e+00	5.82324642880927e-05,0.00000000000000e+00	1.90336024445234e-02,0.00000000000000e+00
2.05130385250281e+06	1.90294915731496e-02,0.00000000000000e+00	5.83414960875253e-05,0.00000000000000e+00	5.83414960875253e-05,0.00000000000000e+00	1.90294915731504e-02,0.00000000000000e+00
2.05603259625295e+06	1.90253644089338e-02,0.00000000000000e+00	5.84506264680317e-05,0.00000000000000e+00	5.84506264680317e-05,0.00000000000000e+00	1.90253644089336e-02,0.00000000000000e+00
2.06077224088323e+06	1.90212208985464e-02,0.00000000000000e+00	5.85598548234367e-05,0.00000000000000e+00	5.85598548234367e-05,0.00000000000000e+00	1.90212208985463e-02,0.00000000000000e+00
2.06552281152279e+06	1.90170609885843e-02,0.00000000000000e+00	5.86691805425900e-05,0.00000000000000e+00	5.86691805425900e-05,0.00000000000000e+00	1.90170609885842e-02,0.00000000000000e+00
2.07028433335869e+06	1.90128846255664e-02,0.00000000000000e+00	5.87786030093516e-05,0.00000000000000e+00	5.87786030093516e-05,0.00000000000000e+00	1.90128846255667e-02,0.00000000000000e+00
2.07505683163602e+06	1.90086917559288e-02,0.00000000000000e+00	5.88881216025472e-05,0.00000000000000e+00	5.88881216025472e-05,0.00000000000000e+00	1.90086917559283e-02,0.00000000000000e+00
2.07984033165812e+06	1.90044823260304e-02,0.00000000000000e+00	5.89977356959851e-05,0.00000000000000e+00	5.89977356959851e-05,0.00000000000000e+00	1.90044823260311e-02,0.00000000000000e+00
2.08463485878661e+06	1.90002562821595e-02,0.00000000000000e+00	5.91074446584222e-05,0.00000000000000e+00	5.91074446584222e-05,0.00000000000000e+00	1.90002562821590e-02,0.00000000000000e+00
2.08944043844160e+06	1.89960135705196e-02,0.00000000000000e+00	5.92172478535466e-05,0.00000000000000e+00	5.92172478535466e-05,0.00000000000000e+00	1.89960135705187e-02,0.00000000000000e+00
2.09425709610180e+06	1.89917541372406e-02,0.00000000000000e+00	5.93271446399640e-05,0.00000000000000e+00	5.93271446399640e-05,0.00000000000000e+00	1.89917541372411e-02,0.00000000000000e+00
2.09908485730464e+06	1.89874779283840e-02,0.00000000000000e+00	5.94371343711869e-05,0.00000000000000e+00	5.94371343711869e-05,0.00000000000000e+00	1.89874779283842e-02,0.00000000000000e+00
2.10392374764644e+06	1.89831848899315e-02,0.00000000000000e+00	5.95472163956104e-05,0.00000000000000e+00	5.95472163956104e-05,0.00000000000000e+00	1.89831848899310e-02,0.00000000000000e+00
2.10877379278251e+06	1.89788749677908e-02,0.00000000000000e+00	5.96573900564997e-05,0.00000000000000e+00	5.96573900564997e-05,0.00000000000000e+00	1.89788749677920e-02,0.00000000000000e+00
2.11363501842731e+06	1.89745481078041e-02,0.00000000000000e+00	5.97676546919706e-05,0.00000000000000e+00	5.97676546919706e-05,0.00000000000000e+00	1.89745481078040e-02,0.00000000000000e+00
2.11850745035458e+06	1.89702042557332e-02,0.00000000000000e+00	5.98780096349766e-05,0.00000000000000e+00	5.98780096349766e-05,0.00000000000000e+00	1.89702042557331e-02,0.00000000000000e+00
2.12339111439745e+06	1.89658433572780e-02,0.00000000000000e+00	5.99884542133024e-05,0.00000000000000e+00	5.99884542133024e-05,0.00000000000000e+00	1.89658433572775e-02,0.00000000000000e+00
2.12828603644863e+06	1.89614653580651e-02,0.00000000000000e+00	6.00989877495350e-05,0.00000000000000e+00	6.00989877495350e-05,0.00000000000000e+00	1.89614653580647e-02,0.00000000000000e+00
2.13319224246051e+06	1.89570702036463e-02,0.00000000000000e+00	6.02096095610305e-05,0.00000000000000e+00	6.02096095610305e-05,0.00000000000000e+00	1.89570702036468e-02,0.00000000000000e+00
2.13810975844531e+06	1.89526578395180e-02,0.00000000000000e+00	6.03203189599524e-05,0.00000000000000e+00	6.03203189599524e-05,0.00000000000000e+00	1.89526578395183e-02,0.00000000000000e+00
2.14303861047521e+06	1.89482282110983e-02,0.00000000000000e+00	6.04311152531978e-05,0.00000000000000e+00	6.04311152531978e-05,0.00000000000000e+00	1.89482282110986e-02,0.00000000000000e+00
2.14797882468249e+06	1.89437812637470e-02,0.00000000000000e+00	6.05419977424255e-05,0.00000000000000e+00	6.05419977424255e-05,0.00000000000000e+00	1.89437812637465e-02,0.00000000000000e+00
2.15293042725967e+06	1.89393169427526e-02,0.00000000000000e+00	6.06529657240097e-05,0.00000000000000e+00	6.06529657240097e-05,0.00000000000000e+00	1.89393169427517e-02,0.00000000000000e+00
2.15789344445965e+06	1.89348351933378e-02,0.00000000000000e+00	6.07640184890359e-05,0.00000000000000e+00	6.07640184890359e-05,0.00000000000000e+00	1.89348351933388e-02,0.00000000000000e+00
2.16286790259587e+06	1.89303359606736e-02,0.00000000000000e+00	6.08751553233014e-05,0.00000000000000e+00	6.08751553233014e-05,0.00000000000000e+00	1.89303359606731e-02,0.00000000000000e+00
2.16785382804240e+06	1.89258191898542e-02,0.00000000000000e+00	6.09863755072731e-05,0.00000000000000e+00	6.09863755072731e-05,0.00000000000000e+00	1.89258191898536e-02,0.00000000000000e+00
2.17285124723413e+06	1.89212848259209e-02,0.00000000000000e+00	6.10976783160980e-05,0.00000000000000e+00	6.10976783160980e-05,0.00000000000000e+00	1.89212848259209e-02,0.00000000000000e+00
2.17786018666686e+06	1.89167328138507e-02,0.00000000000000e+00	6.12090630195604e-05,0.00000000000000e+00	6.12090630195604e-05,0.00000000000000e+00	1.89167328138503e-02,0.00000000000000e+00
2.18288067289751e+06	1.89121630985630e-02,0.00000000000000e+00	6.13205288821021e-05,0.00000000000000e+00	6.13205288821021e-05,0.00000000000000e+00	1.89121630985631e-02,0.00000000000000e+00
2.18791273254418e+06	1.89075756249164e-02,0.00000000000000e+00	6.14320751627705e-05,0.00000000000000e+00	6.14320751627705e-05,0.00000000000000e+00	1.89075756249161e-02,0.00000000000000e+00
2.19295639228637e+06	1.89029703377132e-02,0.00000000000000e+00	6.15437011152369e-05,0.00000000000000e+00	6.15437011152369e-05,0.00000000000000e+00	1.89029703377127e-02,0.00000000000000e+00
2.19801167886504e+06	1.88983471816978e-02,0.00000000000000e+00	6.16554059877611e-05,0.00000000000000e+00	6.16554059877611e-05,0.00000000000000e+00	1.88983471816973e-02,0.00000000000000e+00
2.20307861908283e+06	1.88937061015553e-02,0.00000000000000e+00	6.17671890231746e-05,0.00000000000000e+00	6.17671890231746e-05,0.00000000000000e+00	1.88937061015558e-02,0.00000000000000e+00
2.20815723980414e+06	1.88890470419294e-02,0.00000000000000e+00	6.18790494589067e-05,0.00000000000000e+00	6.18790494589067e-05,0.00000000000000e+00	1.88890470419284e-02,0.00000000000000e+00
2.21324756795533e+06	1.88843699473910e-02,0.00000000000000e+00	6.19909865269047e-05,0.00000000000000e+00	6.19909865269047e-05,0.00000000000000e+00	1.88843699473908e-02,0.00000000000000e+00
2.21834963052480e+06	1.88796747624727e-02,0.00000000000000e+00	6.21029994536762e-05,0.00000000000000e+00	6.21029994536762e-05,0.00000000000000e+00	1.88796747624725e-02,0.00000000000000e+00
2.22346345456318e+06	1.88749614316479e-02,0.00000000000000e+00	6.22150874602450e-05,0.00000000000000e+00	6.22150874602450e-05,0.00000000000000e+00	1.88749614316481e-02,0.00000000000000e+00
2.22858906718345e+06	1.88702298993425e-02,0.00000000000000e+00	6.23272497621519e-05,0.00000000000000e+00	6.23272497621519e-05,0.00000000000000e+00	1.88702298993431e-02,0.00000000000000e+00
2.23372649556112e+06	1.88654801099332e-02,0.00000000000000e+00	6.24394855694383e-05,0.00000000000000e+00	6.24394855694383e-05,0.00000000000000e+00	1.88654801099338e-02,0.00000000000000e+00
2.23887576693430e+06	1.88607120077441e-02,0.00000000000000e+00	6.25517940866191e-05,0.00000000000000e+00	6.25517940866191e-05,0.00000000000000e+00	1.88607120077444e-02,0.00000000000000e+00
2.24403690860392e+06	1.88559255370577e-02,0.00000000000000e+00	6.26641745127005e-05,0.00000000000000e+00	6.26641745127005e-05,0.00000000000000e+00	1.88559255370572e-02,0.00000000000000e+00
2.24920994793385e+06	1.88511206421029e-02,0.00000000000000e+00	6.27766260411307e-05,0.00000000000000e+00	6.27766260411307e-05,0.00000000000000e+00	1.88511206421030e-02,0.00000000000000e+00
2.25439491235101e+06	1.88462972670674e-02,0.00000000000000e+00	6.28891478598087e-05,0.00000000000000e+00	6.28891478598087e-05,0.00000000000000e+00	1.88462972670683e-02,0.00000000000000e+00
2.25959182934559e+06	1.88414553560984e-02,0.00000000000000e+00	6.30017391510770e-05,0.00000000000000e+00	6.30017391510771e-05,0.00000000000000e+00	1.88414553560985e-02,0.00000000000000e+00
2.26480072647111e+06	1.88365948532938e-02,0.00000000000000e+00	6.31143990916917e-05,0.00000000000000e+00	6.31143990916917e-05,0.00000000000000e+00	1.88365948532935e-02,0.00000000000000e+00
2.27002163134462e+06	1.88317157027104e-02,0.00000000000000e+00	6.32271268528114e-05,0.00000000000000e+00	6.32271268528114e-05,0.00000000000000e+00	1.88317157027093e-02,0.00000000000000e+00
2.27525457164686e+06	1.88268178483634e-02,0.00000000000000e+00	6.33399215999988e-05,0.00000000000000e+00	6.33399215999989e-05,0.00000000000000e+00	1.88268178483633e-02,0.00000000000000e+00
2.28049957512233e+06	1.88219012342348e-02,0.00000000000000e+00	6.34527824932056e-05,0.00000000000000e+00	6.34527824932056e-05,0.00000000000000e+00	1.88219012342346e-02,0.00000000000000e+00
2.28575666957954e+06	1.88169658042623e-02,0.00000000000000e+00	6.35657086867473e-05,0.00000000000000e+00	6.35657086867473e-05,0.00000000000000e+00	1.88169658042610e-02,0.00000000000000e+00
2.29102588289106e+06	1.88120115023407e-02,0.00000000000000e+00	6.36786993292944e-05,0.00000000000000e+00	6.36786993292944e-05,0.00000000000000e+00	1.88120115023415e-02,0.00000000000000e+00
2.29630724299376e+06	1.88070382723465e-02,0.00000000000000e+00	6.37917535638918e-05,0.00000000000000e+00	6.37917535638918e-05,0.00000000000000e+00	1.88070382723459e-02,0.00000000000000e+00
2.30160077788886e+06	1.88020460581012e-02,0.00000000000000e+00	6.39048705278922e-05,0.00000000000000e+00	6.39048705278922e-05,0.00000000000000e+00	1.88020460581008e-02,0.00000000000000e+00
2.30690651564218e+06	1.87970348034028e-02,0.00000000000000e+00	6.40180493529899e-05,0.00000000000000e+00	6.40180493529899e-05,0.00000000000000e+00	1.87970348034029e-02,0.00000000000000e+00
2.31222448438419e+06	1.87920044520168e-02,0.00000000000000e+00	6.41312891651903e-05,0.00000000000000e+00	6.41312891651903e-05,0.00000000000000e+00	1.87920044520154e-02,0.00000000000000e+00
2.31755471231024e+06	1.87869549476716e-02,0.00000000000000e+00	6.42445890848103e-05,0.00000000000000e+00	6.42445890848104e-05,0.00000000000000e+00	1.87869549476722e-02,0.00000000000000e+00
2.32289722768068e+06	1.87818862340719e-02,0.00000000000000e+00	6.43579482264460e-05,0.00000000000000e+00	6.43579482264460e-05,0.00000000000000e+00	1.87818862340729e-02,0.00000000000000e+00
2.32825205882097e+06	1.87767982548940e-02,0.00000000000000e+00	6.44713656989990e-05,0.00000000000000e+00	6.44713656989990e-05,0.00000000000000e+00	1.87767982548947e-02,0.00000000000000e+00
2.33361923412192e+06	1.87716909537786e-02,0.00000000000000e+00	6.45848406056155e-05,0.00000000000000e+00	6.45848406056154e-05,0.00000000000000e+00	1.87716909537791e-02,0.00000000000000e+00
2.33899878203973e+06	1.87665642743453e-02,0.00000000000000e+00	6.46983720437158e-05,0.00000000000000e+00	6.46983720437158e-05,0.00000000000000e+00	1.87665642743447e-02,0.00000000000000e+00
2.34439073109625e+06	1.87614181601868e-02,0.00000000000000e+00	6.48119591049795e-05,0.00000000000000e+00	6.48119591049795e-05,0.00000000000000e+00	1.87614181601872e-02,0.00000000000000e+00
2.34979510987905e+06	1.87562525548748e-02,0.00000000000000e+00	6.49256008753183e-05,0.00000000000000e+00	6.49256008753183e-05,0.00000000000000e+00	1.87562525548753e-02,0.00000000000000e+00
2.35521194704161e+06	1.87510674019566e-02,0.00000000000000e+00	6.50392964348839e-05,0.00000000000000e+00	6.50392964348839e-05,0.00000000000000e+00	1.87510674019576e-02,0.00000000000000e+00
2.36064127130345e+06	1.87458626449575e-02,0.00000000000000e+00	6.51530448580376e-05,0.00000000000000e+00	6.51530448580376e-05,0.00000000000000e+00	1.87458626449576e-02,0.00000000000000e+00
2.36608311145032e+06	1.87406382273841e-02,0.00000000000000e+00	6.52668452133728e-05,0.00000000000000e+00	6.52668452133728e-05,0.00000000000000e+00	1.87406382273841e-02,0.00000000000000e+00
2.37153749633431e+06	1.87353940927238e-02,0.00000000000000e+00	6.53806965636772e-05,0.00000000000000e+00	6.53806965636772e-05,0.00000000000000e+00	1.87353940927245e-02,0.00000000000000e+00
2.37700445487403e+06	1.87301301844465e-02,0.00000000000000e+00	6.54945979659238e-05,0.00000000000000e+00	6.54945979659238e-05,0.00000000000000e+00	1.87301301844460e-02,0.00000000000000e+00
2.38248401605474e+06	1.87248464460051e-02,0.00000000000000e+00	6.56085484712877e-05,0.00000000000000e+00	6.56085484712877e-05,0.00000000000000e+00	1.87248464460045e-02,0.00000000000000e+00
2.38797620892854e+06	1.87195428208411e-02,0.00000000000000e+00	6.57225471251204e-05,0.00000000000000e+00	6.57225471251204e-05,0.00000000000000e+00	1.87195428208407e-02,0.00000000000000e+00
2.39348106261448e+06	1.87142192523805e-02,0.00000000000000e+00	6.58365929669357e-05,0.00000000000000e+00	6.58365929669357e-05,0.00000000000000e+00	1.87142192523799e-02,0.00000000000000e+00
2.39899860629875e+06	1.87088756840359e-02,0.00000000000000e+00	6.59506850304102e-05,0.00000000000000e+00	6.59506850304102e-05,0.00000000000000e+00	1.87088756840363e-02,0.00000000000000e+00
2.40452886923482e+06	1.87035120592171e-02,0.00000000000000e+00	6.60648223433838e-05,0.00000000000000e+00	6.60648223433838e-05,0.00000000000000e+00	1.87035120592161e-02,0.00000000000000e+00
2.41007188074358e+06	1.86981283213119e-02,0.00000000000000e+00	6.61790039278229e-05,0.00000000000000e+00	6.61790039278229e-05,0.00000000000000e+00	1.86981283213112e-02,0.00000000000000e+00
2.41562767021355e+06	1.86927244137122e-02,0.00000000000000e+00	6.62932287998569e-05,0.00000000000000e+00	6.62932287998569e-05,0.00000000000000e+00	1.86927244137129e-02,0.00000000000000e+00
2.42119626710095e+06	1.86873002797987e-02,0.00000000000000e+00	6.64074959697175e-05,0.00000000000000e+00	6.64074959697175e-05,0.00000000000000e+00	1.86873002797981e-02,0.00000000000000e+00
2.42677770092994e+06	1.86818558629500e-02,0.00000000000000e+00	6.65218044417940e-05,0.00000000000000e+00	6.65218044417940e-05,0.00000000000000e+00	1.86818558629487e-02,0.00000000000000e+00
2.43237200129273e+06	1.86763911065344e-02,0.00000000000000e+00	6.66361532145642e-05,0.00000000000000e+00	6.66361532145642e-05,0.00000000000000e+00	1.86763911065350e-02,0.00000000000000e+00
2.43797919784972e+06	1.86709059539288e-02,0.00000000000000e+00	6.67505412806226e-05,0.00000000000000e+00	6.67505412806226e-05,0.00000000000000e+00	1.86709059539275e-02,0.00000000000000e+00
2.44359932032973e+06	1.86654003485003e-02,0.00000000000000e+00	6.68649676266812e-05,0.00000000000000e+00	6.68649676266812e-05,0.00000000000000e+00	1.86654003485000e-02,0.00000000000000e+00
2.44923239853009e+06	1.86598742336234e-02,0.00000000000000e+00	6.69794312335349e-05,0.00000000000000e+00	6.69794312335349e-05,0.00000000000000e+00	1.86598742336234e-02,0.00000000000000e+00
2.45487846231680e+06	1.86543275526721e-02,0.00000000000000e+00	6.70939310760746e-05,0.00000000000000e+00	6.70939310760746e-05,0.00000000000000e+00	1.86543275526723e-02,0.00000000000000e+00
2.46053754162475e+06	1.86487602490267e-02,0.00000000000000e+00	6.72084661232810e-05,0.00000000000000e+00	6.72084661232810e-05,0.00000000000000e+00	1.86487602490265e-02,0.00000000000000e+00
2.46620966645781e+06	1.86431722660717e-02,0.00000000000000e+00	6.73230353382159e-05,0.00000000000000e+00	6.73230353382159e-05,0.00000000000000e+00	1.86431722660717e-02,0.00000000000000e+00
2.47189486688901e+06	1.86375635471982e-02,0.00000000000000e+00	6.74376376780048e-05,0.00000000000000e+00	6.74376376780048e-05,0.00000000000000e+00	1.86375635471975e-02,0.00000000000000e+00
2.47759317306073e+06	1.86319340358059e-02,0.00000000000000e+00	6.75522720938595e-05,0.00000000000000e+00	6.75522720938595e-05,0.00000000000000e+00	1.86319340358068e-02,0.00000000000000e+00
2.48330461518481e+06	1.86262836753089e-02,0.00000000000000e+00	6.76669375310458e-05,0.00000000000000e+00	6.76669375310458e-05,0.00000000000000e+00	1.86262836753092e-02,0.00000000000000e+00
2.48902922354276e+06	1.86206124091289e-02,0.00000000000000e+00	6.77816329288966e-05,0.00000000000000e+00	6.77816329288966e-05,0.00000000000000e+00	1.86206124091284e-02,0.00000000000000e+00
2.49476702848587e+06	1.86149201806981e-02,0.00000000000000e+00	6.78963572207894e-05,0.00000000000000e+00	6.78963572207895e-05,0.00000000000000e+00	1.86149201806979e-02,0.00000000000000e+00
2.50051806043543e+06	1.86092069334738e-02,0.00000000000000e+00	6.80111093341807e-05,0.00000000000000e+00	6.80111093341807e-05,0.00000000000000e+00	1.86092069334734e-02,0.00000000000000e+00
2.50628234988282e+06	1.86034726109175e-02,0.00000000000000e+00	6.81258881905372e-05,0.00000000000000e+00	6.81258881905372e-05,0.00000000000000e+00	1.86034726109168e-02,0.00000000000000e+00
2.51205992738974e+06	1.85977171565204e-02,0.00000000000000e+00	6.82406927054133e-05,0.00000000000000e+00	6.82406927054133e-05,0.00000000000000e+00	1.85977171565198e-02,0.00000000000000e+00
2.51785082358832e+06	1.85919405137865e-02,0.00000000000000e+00	6.83555217883766e-05,0.00000000000000e+00	6.83555217883766e-05,0.00000000000000e+00	1.85919405137859e-02,0.00000000000000e+00
2.52365506918133e+06	1.85861426262384e-02,0.00000000000000e+00	6.84703743430304e-05,0.00000000000000e+00	6.84703743430304e-05,0.00000000000000e+00	1.85861426262392e-02,0.00000000000000e+00
2.52947269494229e+06	1.85803234374356e-02,0.00000000000000e+00	6.85852492670474e-05,0.00000000000000e+00	6.85852492670475e-05,0.00000000000000e+00	1.85803234374362e-02,0.00000000000000e+00
2.53530373171568e+06	1.85744828909456e-02,0.00000000000000e+00	6.87001454520880e-05,0.00000000000000e+00	6.87001454520880e-05,0.00000000000000e+00	1.85744828909454e-02,0.00000000000000e+00
2.54114821041707e+06	1.85686209303732e-02,0.00000000000000e+00	6.88150617838872e-05,0.00000000000000e+00	6.88150617838872e-05,0.00000000000000e+00	1.85686209303735e-02,0.00000000000000e+00
2.54700616203331e+06	1.85627374993460e-02,0.00000000000000e+00	6.89299971421762e-05,0.00000000000000e+00	6.89299971421762e-05,0.00000000000000e+00	1.85627374993461e-02,0.00000000000000e+00
2.55287761762267e+06	1.85568325415236e-02,0.00000000000000e+00	6.90449504007341e-05,0.00000000000000e+00	6.90449504007341e-05,0.00000000000000e+00	1.85568325415244e-02,0.00000000000000e+00
2.55876260831503e+06	1.85509060005986e-02,0.00000000000000e+00	6.91599204273598e-05,0.00000000000000e+00	6.91599204273598e-05,0.00000000000000e+00	1.85509060005989e-02,0.00000000000000e+00
2.56466116531203e+06	1.85449578202921e-02,0.00000000000000e+00	6.92749060838703e-05,0.00000000000000e+00	6.92749060838704e-05,0.00000000000000e+00	1.85449578202916e-02,0.00000000000000e+00
2.57057331988722e+06	1.85389879443654e-02,0.00000000000000e+00	6.93899062261278e-05,0.00000000000000e+00	6.93899062261278e-05,0.00000000000000e+00	1.85389879443650e-02,0.00000000000000e+00
2.57649910338625e+06	1.85329963166113e-02,0.00000000000000e+00	6.95049197039973e-05,0.00000000000000e+00	6.95049197039973e-05,0.00000000000000e+00	1.85329963166123e-02,0.00000000000000e+00
2.58243854722705e+06	1.85269828808672e-02,0.00000000000000e+00	6.96199453613705e-05,0.00000000000000e+00	6.96199453613705e-05,0.00000000000000e+00	1.85269828808664e-02,0.00000000000000e+00
2.58839168289996e+06	1.85209475810022e-02,0.00000000000000e+00	6.97349820361727e-05,0.00000000000000e+00	6.97349820361727e-05,0.00000000000000e+00	1.85209475810027e-02,0.00000000000000e+00
2.59435854196790e+06	1.85148903609338e-02,0.00000000000000e+00	6.98500285603426e-05,0.00000000000000e+00	6.98500285603426e-05,0.00000000000000e+00	1.85148903609357e-02,0.00000000000000e+00
2.60033915606656e+06	1.85088111646244e-02,0.00000000000000e+00	6.99650837598459e-05,0.00000000000000e+00	6.99650837598460e-05,0.00000000000000e+00	1.85088111646246e-02,0.00000000000000e+00
2.60633355690458e+06	1.85027099360757e-02,0.00000000000000e+00	7.00801464546807e-05,0.00000000000000e+00	7.00801464546807e-05,0.00000000000000e+00	1.85027099360757e-02,0.00000000000000e+00
2.61234177626367e+06	1.84965866193423e-02,0.00000000000000e+00	7.01952154588672e-05,0.00000000000000e+00	7.01952154588672e-05,0.00000000000000e+00	1.84965866193414e-02,0.00000000000000e+00
2.61836384599880e+06	1.84904411585200e-02,0.00000000000000e+00	7.03102895804423e-05,0.00000000000000e+00	7.03102895804424e-05,0.00000000000000e+00	1.84904411585204e-02,0.00000000000000e+00
2.62439979803839e+06	1.84842734977657e-02,0.00000000000000e+00	7.04253676214866e-05,0.00000000000000e+00	7.04253676214866e-05,0.00000000000000e+00	1.84842734977658e-02,0.00000000000000e+00
2.63044966438446e+06	1.84780835812860e-02,0.00000000000000e+00	7.05404483781187e-05,0.00000000000000e+00	7.05404483781188e-05,0.00000000000000e+00	1.84780835812854e-02,0.00000000000000e+00
2.63651347711280e+06	1.84718713533343e-02,0.00000000000000e+00	7.06555306404657e-05,0.00000000000000e+00	7.06555306404657e-05,0.00000000000000e+00	1.84718713533343e-02,0.00000000000000e+00
2.64259126837313e+06	1.84656367582301e-02,0.00000000000000e+00	7.07706131927160e-05,0.00000000000000e+00	7.07706131927160e-05,0.00000000000000e+00	1.84656367582311e-02,0.00000000000000e+00
2.64868307038931e+06	1.84593797403472e-02,0.00000000000000e+00	7.08856948130787e-05,0.00000000000000e+00	7.08856948130787e-05,0.00000000000000e+00	1.84593797403472e-02,0.00000000000000e+00
2.65478891545946e+06	1.84531002441186e-02,0.00000000000000e+00	7.10007742738240e-05,0.00000000000000e+00	7.10007742738240e-05,0.00000000000000e+00	1.84531002441190e-02,0.00000000000000e+00
2.66090883595616e+06	1.84467982140423e-02,0.00000000000000e+00	7.11158503412565e-05,0.00000000000000e+00	7.11158503412565e-05,0.00000000000000e+00	1.84467982140420e-02,0.00000000000000e+00
2.66704286432663e+06	1.84404735946767e-02,0.00000000000000e+00	7.12309217757386e-05,0.00000000000000e+00	7.12309217757386e-05,0.00000000000000e+00	1.84404735946772e-02,0.00000000000000e+00
2.67319103309287e+06	1.84341263306482e-02,0.00000000000000e+00	7.13459873316750e-05,0.00000000000000e+00	7.13459873316750e-05,0.00000000000000e+00	1.84341263306481e-02,0.00000000000000e+00
2.67935337485185e+06	1.84277563666500e-02,0.00000000000000e+00	7.14610457575443e-05,0.00000000000000e+00	7.14610457575444e-05,0.00000000000000e+00	1.84277563666501e-02,0.00000000000000e+00
2.68552992227571e+06	1.84213636474490e-02,0.00000000000000e+00	7.15760957958927e-05,0.00000000000000e+00	7.15760957958927e-05,0.00000000000000e+00	1.84213636474487e-02,0.00000000000000e+00
2.69172070811188e+06	1.84149481178747e-02,0.00000000000000e+00	7.16911361833155e-05,0.00000000000000e+00	7.16911361833155e-05,0.00000000000000e+00	1.84149481178759e-02,0.00000000000000e+00
2.69792576518329e+06	1.84085097228410e-02,0.00000000000000e+00	7.18061656504982e-05,0.00000000000000e+00	7.18061656504982e-05,0.00000000000000e+00	1.84085097228411e-02,0.00000000000000e+00
2.70414512638854e+06	1.84020484073342e-02,0.00000000000000e+00	7.19211829222253e-05,0.00000000000000e+00	7.19211829222254e-05,0.00000000000000e+00	1.84020484073340e-02,0.00000000000000e+00
2.71037882470205e+06	1.83955641164090e-02,0.00000000000000e+00	7.20361867173177e-05,0.00000000000000e+00	7.20361867173177e-05,0.00000000000000e+00	1.83955641164083e-02,0.00000000000000e+00
2.71662689317429e+06	1.83890567952103e-02,0.00000000000000e+00	7.21511757487395e-05,0.00000000000000e+00	7.21511757487395e-05,0.00000000000000e+00	1.83890567952103e-02,0.00000000000000e+00
2.72288936493188e+06	1.83825263889625e-02,0.00000000000000e+00	7.22661487235391e-05,0.00000000000000e+00	7.22661487235391e-05,0.00000000000000e+00	1.83825263889633e-02,0.00000000000000e+00
2.72916627317783e+06	1.83759728429718e-02,0.00000000000000e+00	7.23811043428643e-05,0.00000000000000e+00	7.23811043428643e-05,0.00000000000000e+00	1.83759728429716e-02,0.00000000000000e+00
2.73545765119168e+06	1.83693961026308e-02,0.00000000000000e+00	7.24960413020013e-05,0.00000000000000e+00	7.24960413020013e-05,0.00000000000000e+00	1.83693961026312e-02,0.00000000000000e+00
2.74176353232969e+06	1.83627961134175e-02,0.00000000000000e+00	7.26109582903268e-05,0.00000000000000e+00	7.26109582903268e-05,0.00000000000000e+00	1.83627961134169e-02,0.00000000000000e+00
2.74808395002501e+06	1.83561728209020e-02,0.00000000000000e+00	7.27258539913848e-05,0.00000000000000e+00	7.27258539913848e-05,0.00000000000000e+00	1.83561728209020e-02,0.00000000000000e+00
2.75441893778787e+06	1.83495261707472e-02,0.00000000000000e+00	7.28407270828386e-05,0.00000000000000e+00	7.28407270828385e-05,0.00000000000000e+00	1.83495261707460e-02,0.00000000000000e+00
2.76076852920575e+06	1.83428561087038e-02,0.00000000000000e+00	7.29555762365040e-05,0.00000000000000e+00	7.29555762365040e-05,0.00000000000000e+00	1.83428561087029e-02,0.00000000000000e+00
2.76713275794354e+06	1.83361625806270e-02,0.00000000000000e+00	7.30704001183798e-05,0.00000000000000e+00	7.30704001183798e-05,0.00000000000000e+00	1.83361625806280e-02,0.00000000000000e+00
2.77351165774376e+06	1.83294455324638e-02,0.00000000000000e+00	7.31851973885950e-05,0.00000000000000e+00	7.31851973885950e-05,0.00000000000000e+00	1.83294455324650e-02,0.00000000000000e+00
2.77990526242669e+06	1.83227049102653e-02,0.00000000000000e+00	7.32999667014897e-05,0.00000000000000e+00	7.32999667014897e-05,0.00000000000000e+00	1.83227049102654e-02,0.00000000000000e+00
2.78631360589058e+06	1.83159406601786e-02,0.00000000000000e+00	7.34147067055756e-05,0.00000000000000e+00	7.34147067055756e-05,0.00000000000000e+00	1.83159406601782e-02,0.00000000000000e+00
2.79273672211185e+06	1.83091527284602e-02,0.00000000000000e+00	7.35294160435801e-05,0.00000000000000e+00	7.35294160435801e-05,0.00000000000000e+00	1.83091527284604e-02,0.00000000000000e+00
2.79917464514521e+06	1.83023410614747e-02,0.00000000000000e+00	7.36440933524369e-05,0.00000000000000e+00	7.36440933524369e-05,0.00000000000000e+00	1.83023410614737e-02,0.00000000000000e+00
2.80562740912389e+06	1.82955056056859e-02,0.00000000000000e+00	7.37587372632971e-05,0.00000000000000e+00	7.37587372632971e-05,0.00000000000000e+00	1.82955056056868e-02,0.00000000000000e+00
2.81209504825981e+06	1.82886463076776e-02,0.00000000000000e+00	7.38733464015460e-05,0.00000000000000e+00	7.38733464015460e-05,0.00000000000000e+00	1.82886463076785e-02,0.00000000000000e+00
2.81857759684373e+06	1.82817631141479e-02,0.00000000000000e+00	7.39879193868446e-05,0.00000000000000e+00	7.39879193868446e-05,0.00000000000000e+00	1.82817631141474e-02,0.00000000000000e+00
2.82507508924549e+06	1.82748559718973e-02,0.00000000000000e+00	7.41024548330788e-05,0.00000000000000e+00	7.41024548330788e-05,0.00000000000000e+00	1.82748559718979e-02,0.00000000000000e+00
2.83158755991414e+06	1.82679248278577e-02,0.00000000000000e+00	7.42169513484362e-05,0.00000000000000e+00	7.42169513484362e-05,0.00000000000000e+00	1.82679248278585e-02,0.00000000000000e+00
2.83811504337816e+06	1.82609696290734e-02,0.00000000000000e+00	7.43314075353776e-05,0.00000000000000e+00	7.43314075353776e-05,0.00000000000000e+00	1.82609696290732e-02,0.00000000000000e+00
2.84465757424562e+06	1.82539903227058e-02,0.00000000000000e+00	7.44458219906538e-05,0.00000000000000e+00	7.44458219906538e-05,0.00000000000000e+00	1.82539903227050e-02,0.00000000000000e+00
2.85121518720435e+06	1.82469868560497e-02,0.00000000000000e+00	7.45601933053731e-05,0.00000000000000e+00	7.45601933053731e-05,0.00000000000000e+00	1.82469868560505e-02,0.00000000000000e+00
2.85778791702218e+06	1.82399591765240e-02,0.00000000000000e+00	7.46745200649373e-05,0.00000000000000e+00	7.46745200649373e-05,0.00000000000000e+00	1.82399591765234e-02,0.00000000000000e+00
2.86437579854706e+06	1.82329072316657e-02,0.00000000000000e+00	7.47888008490955e-05,0.00000000000000e+00	7.47888008490955e-05,0.00000000000000e+00	1.82329072316657e-02,0.00000000000000e+00
2.87097886670729e+06	1.82258309691564e-02,0.00000000000000e+00	7.49030342319823e-05,0.00000000000000e+00	7.49030342319824e-05,0.00000000000000e+00	1.82258309691559e-02,0.00000000000000e+00
2.87759715651167e+06	1.82187303367988e-02,0.00000000000000e+00	7.50172187820849e-05,0.00000000000000e+00	7.50172187820849e-05,0.00000000000000e+00	1.82187303367990e-02,0.00000000000000e+00
2.88423070304971e+06	1.82116052825410e-02,0.00000000000000e+00	7.51313530623079e-05,0.00000000000000e+00	7.51313530623079e-05,0.00000000000000e+00	1.82116052825409e-02,0.00000000000000e+00
2.89087954149183e+06	1.82044557544572e-02,0.00000000000000e+00	7.52454356299412e-05,0.00000000000000e+00	7.52454356299412e-05,0.00000000000000e+00	1.82044557544584e-02,0.00000000000000e+00
2.89754370708950e+06	1.81972817007702e-02,0.00000000000000e+00	7.53594650367172e-05,0.00000000000000e+00	7.53594650367172e-05,0.00000000000000e+00	1.81972817007717e-02,0.00000000000000e+00
2.90422323517546e+06	1.81900830698434e-02,0.00000000000000e+00	7.54734398288151e-05,0.00000000000000e+00	7.54734398288151e-05,0.00000000000000e+00	1.81900830698431e-02,0.00000000000000e+00
2.91091816116391e+06	1.81828598101773e-02,0.00000000000000e+00	7.55873585468691e-05,0.00000000000000e+00	7.55873585468692e-05,0.00000000000000e+00	1.81828598101770e-02,0.00000000000000e+00
2.91762852055067e+06	1.81756118704240e-02,0.00000000000000e+00	7.57012197259968e-05,0.00000000000000e+00	7.57012197259968e-05,0.00000000000000e+00	1.81756118704246e-02,0.00000000000000e+00
2.92435434891341e+06	1.81683391993848e-02,0.00000000000000e+00	7.58150218958119e-05,0.00000000000000e+00	7.58150218958120e-05,0.00000000000000e+00	1.81683391993852e-02,0.00000000000000e+00
2.93109568191180e+06	1.81610417460159e-02,0.00000000000000e+00	7.59287635804730e-05,0.00000000000000e+00	7.59287635804730e-05,0.00000000000000e+00	1.81610417460148e-02,0.00000000000000e+00
2.93785255528771e+06	1.81537194594143e-02,0.00000000000000e+00	7.60424432986407e-05,0.00000000000000e+00	7.60424432986407e-05,0.00000000000000e+00	1.81537194594143e-02,0.00000000000000e+00
2.94462500486541e+06	1.81463722888438e-02,0.00000000000000e+00	7.61560595635458e-05,0.00000000000000e+00	7.61560595635458e-05,0.00000000000000e+00	1.81463722888428e-02,0.00000000000000e+00
2.95141306655176e+06	1.81390001837239e-02,0.00000000000000e+00	7.62696108830229e-05,0.00000000000000e+00	7.62696108830229e-05,0.00000000000000e+00	1.81390001837234e-02,0.00000000000000e+00
2.95821677633639e+06	1.81316030936308e-02,0.00000000000000e+00	7.63830957594704e-05,0.00000000000000e+00	7.63830957594704e-05,0.00000000000000e+00	1.81316030936310e-02,0.00000000000000e+00
2.96503617029188e+06	1.81241809683103e-02,0.00000000000000e+00	7.64965126899379e-05,0.00000000000000e+00	7.64965126899379e-05,0.00000000000000e+00	1.81241809683101e-02,0.00000000000000e+00
2.97187128457399e+06	1.81167337576654e-02,0.00000000000000e+00	7.66098601660954e-05,0.00000000000000e+00	7.66098601660954e-05,0.00000000000000e+00	1.81167337576651e-02,0.00000000000000e+00
2.97872215542180e+06	1.81092614117702e-02,0.00000000000000e+00	7.67231366742888e-05,0.00000000000000e+00	7.67231366742888e-05,0.00000000000000e+00	1.81092614117705e-02,0.00000000000000e+00
2.98558881915796e+06	1.81017638808735e-02,0.00000000000000e+00	7.68363406955631e-05,0.00000000000000e+00	7.68363406955631e-05,0.00000000000000e+00	1.81017638808733e-02,0.00000000000000e+00
2.99247131218884e+06	1.80942411153893e-02,0.00000000000000e+00	7.69494707056606e-05,0.00000000000000e+00	7.69494707056606e-05,0.00000000000000e+00	1.80942411153897e-02,0.00000000000000e+00
2.99936967100472e+06	1.80866930659081e-02,0.00000000000000e+00	7.70625251750490e-05,0.00000000000000e+00	7.70625251750490e-05,0.00000000000000e+00	1.80866930659085e-02,0.00000000000000e+00
3.00628393218002e+06	1.80791196831992e-02,0.00000000000000e+00	7.71755025689701e-05,0.00000000000000e+00	7.71755025689701e-05,0.00000000000000e+00	1.80791196831992e-02,0.00000000000000e+00
3.01321413237346e+06	1.80715209182152e-02,0.00000000000000e+00	7.72884013474593e-05,0.00000000000000e+00	7.72884013474593e-05,0.00000000000000e+00	1.80715209182139e-02,0.00000000000000e+00
3.02016030832827e+06	1.80638967220764e-02,0.00000000000000e+00	7.74012199653153e-05,0.00000000000000e+00	7.74012199653153e-05,0.00000000000000e+00	1.80638967220759e-02,0.00000000000000e+00
3.02712249687239e+06	1.80562470461092e-02,0.00000000000000e+00	7.75139568722354e-05,0.00000000000000e+00	7.75139568722354e-05,0.00000000000000e+00	1.80562470461089e-02,0.00000000000000e+00
3.03410073491864e+06	1.80485718418078e-02,0.00000000000000e+00	7.76266105127055e-05,0.00000000000000e+00	7.76266105127055e-05,0.00000000000000e+00	1.80485718418071e-02,0.00000000000000e+00
3.04109505946496e+06	1.80408710608666e-02,0.00000000000000e+00	7.77391793261521e-05,0.00000000000000e+00	7.77391793261521e-05,0.00000000000000e+00	1.80408710608671e-02,0.00000000000000e+00
3.04810550759455e+06	1.80331446551664e-02,0.00000000000000e+00	7.78516617468626e-05,0.00000000000000e+00	7.78516617468626e-05,0.00000000000000e+00	1.80331446551659e-02,0.00000000000000e+00
3.05513211647612e+06	1.80253925767857e-02,0.00000000000000e+00	7.79640562041140e-05,0.00000000000000e+00	7.79640562041140e-05,0.00000000000000e+00	1.80253925767867e-02,0.00000000000000e+00
3.06217492336403e+06	1.80176147780038e-02,0.00000000000000e+00	7.80763611221186e-05,0.00000000000000e+00	7.80763611221186e-05,0.00000000000000e+00	1.80176147780028e-02,0.00000000000000e+00
3.06923396559856e+06	1.80098112112862e-02,0.00000000000000e+00	7.81885749200823e-05,0.00000000000000e+00	7.81885749200823e-05,0.00000000000000e+00	1.80098112112866e-02,0.00000000000000e+00
3.07630928060604e+06	1.80019818293116e-02,0.00000000000000e+00	7.83006960122331e-05,0.00000000000000e+00	7.83006960122331e-05,0.00000000000000e+00	1.80019818293128e-02,0.00000000000000e+00
3.08340090589909e+06	1.79941265849621e-02,0.00000000000000e+00	7.84127228078553e-05,0.00000000000000e+00	7.84127228078553e-05,0.00000000000000e+00	1.79941265849616e-02,0.00000000000000e+00
3.09050887907680e+06	1.79862454313243e-02,0.00000000000000e+00	7.85246537113290e-05,0.00000000000000e+00	7.85246537113290e-05,0.00000000000000e+00	1.79862454313237e-02,0.00000000000000e+00
3.09763323782493e+06	1.79783383216907e-02,0.00000000000000e+00	7.86364871221018e-05,0.00000000000000e+00	7.86364871221018e-05,0.00000000000000e+00	1.79783383216895e-02,0.00000000000000e+00
3.10477401991613e+06	1.79704052095700e-02,0.00000000000000e+00	7.87482214347983e-05,0.00000000000000e+00	7.87482214347983e-05,0.00000000000000e+00	1.79704052095702e-02,0.00000000000000e+00
3.11193126321012e+06	1.79624460486873e-02,0.00000000000000e+00	7.88598550391979e-05,0.00000000000000e+00	7.88598550391979e-05,0.00000000000000e+00	1.79624460486876e-02,0.00000000000000e+00
3.11910500565387e+06	1.79544607929810e-02,0.00000000000000e+00	7.89713863202865e-05,0.00000000000000e+00	7.89713863202865e-05,0.00000000000000e+00	1.79544607929818e-02,0.00000000000000e+00
3.12629528528188e+06	1.79464493966121e-02,0.00000000000000e+00	7.90828136582783e-05,0.00000000000000e+00	7.90828136582783e-05,0.00000000000000e+00	1.79464493966113e-02,0.00000000000000e+00
3.13350214021627e+06	1.79384118139566e-02,0.00000000000000e+00	7.91941354286464e-05,0.00000000000000e+00	7.91941354286464e-05,0.00000000000000e+00	1.79384118139553e-02,0.00000000000000e+00
3.14072560866707e+06	1.79303479996242e-02,0.00000000000000e+00	7.93053500021838e-05,0.00000000000000e+00	7.93053500021838e-05,0.00000000000000e+00	1.79303479996228e-02,0.00000000000000e+00
3.14796572893241e+06	1.79222579084446e-02,0.00000000000000e+00	7.94164557449918e-05,0.00000000000000e+00	7.94164557449918e-05,0.00000000000000e+00	1.79222579084450e-02,0.00000000000000e+00
3.15522253939866e+06	1.79141414954841e-02,0.00000000000000e+00	7.95274510185412e-05,0.00000000000000e+00	7.95274510185412e-05,0.00000000000000e+00	1.79141414954841e-02,0.00000000000000e+00
3.16249607854073e+06	1.79059987160386e-02,0.00000000000000e+00	7.96383341797169e-05,0.00000000000000e+00	7.96383341797169e-05,0.00000000000000e+00	1.79059987160384e-02,0.00000000000000e+00
3.16978638492219e+06	1.78978295256330e-02,0.00000000000000e+00	7.97491035808025e-05,0.00000000000000e+00	7.97491035808026e-05,0.00000000000000e+00	1.78978295256337e-02,0.00000000000000e+00
3.17709349719552e+06	1.78896338800400e-02,0.00000000000000e+00	7.98597575695820e-05,0.00000000000000e+00	7.98597575695820e-05,0.00000000000000e+00	1.78896338800406e-02,0.00000000000000e+00
3.18441745410231e+06	1.78814117352657e-02,0.00000000000000e+00	7.99702944893188e-05,0.00000000000000e+00	7.99702944893188e-05,0.00000000000000e+00	1.78814117352652e-02,0.00000000000000e+00
3.19175829447343e+06	1.78731630475627e-02,0.00000000000000e+00	8.00807126788427e-05,0.00000000000000e+00	8.00807126788427e-05,0.00000000000000e+00	1.78731630475621e-02,0.00000000000000e+00
3.19911605722930e+06	1.78648877734201e-02,0.00000000000000e+00	8.01910104725060e-05,0.00000000000000e+00	8.01910104725060e-05,0.00000000000000e+00	1.78648877734200e-02,0.00000000000000e+00
3.20649078138005e+06	1.78565858695902e-02,0.00000000000000e+00	8.03011862003347e-05,0.00000000000000e+00	8.03011862003347e-05,0.00000000000000e+00	1.78565858695896e-02,0.00000000000000e+00
3.21388250602572e+06	1.78482572930623e-02,0.00000000000000e+00	8.04112381879567e-05,0.00000000000000e+00	8.04112381879567e-05,0.00000000000000e+00	1.78482572930617e-02,0.00000000000000e+00
3.22129127035651e+06	1.78399020010876e-02,0.00000000000000e+00	8.05211647567201e-05,0.00000000000000e+00	8.05211647567201e-05,0.00000000000000e+00	1.78399020010880e-02,0.00000000000000e+00
3.22871711365294e+06	1.78315199511652e-02,0.00000000000000e+00	8.06309642236501e-05,0.00000000000000e+00	8.06309642236501e-05,0.00000000000000e+00	1.78315199511655e-02,0.00000000000000e+00
3.23616007528610e+06	1.78231111010609e-02,0.00000000000000e+00	8.07406349015864e-05,0.00000000000000e+00	8.07406349015864e-05,0.00000000000000e+00	1.78231111010613e-02,0.00000000000000e+00
3.24362019471782e+06	1.78146754087980e-02,0.00000000000000e+00	8.08501750991409e-05,0.00000000000000e+00	8.08501750991410e-05,0.00000000000000e+00	1.78146754087969e-02,0.00000000000000e+00
3.25109751150093e+06	1.78062128326571e-02,0.00000000000000e+00	8.09595831207662e-05,0.00000000000000e+00	8.09595831207662e-05,0.00000000000000e+00	1.78062128326574e-02,0.00000000000000e+00
3.25859206527941e+06	1.77977233312040e-02,0.00000000000000e+00	8.10688572668371e-05,0.00000000000000e+00	8.10688572668371e-05,0.00000000000000e+00	1.77977233312033e-02,0.00000000000000e+00
3.26610389578863e+06	1.77892068632495e-02,0.00000000000000e+00	8.11779958335847e-05,0.00000000000000e+00	8.11779958335847e-05,0.00000000000000e+00	1.77892068632497e-02,0.00000000000000e+00
3.27363304285558e+06	1.77806633878954e-02,0.00000000000000e+00	8.12869971132559e-05,0.00000000000000e+00	8.12869971132559e-05,0.00000000000000e+00	1.77806633878948e-02,0.00000000000000e+00
3.28117954639904e+06	1.77720928645063e-02,0.00000000000000e+00	8.13958593940773e-05,0.00000000000000e+00	8.13958593940773e-05,0.00000000000000e+00	1.77720928645060e-02,0.00000000000000e+00
3.28874344642983e+06	1.77634952527274e-02,0.00000000000000e+00	8.15045809603153e-05,0.00000000000000e+00	8.15045809603153e-05,0.00000000000000e+00	1.77634952527259e-02,0.00000000000000e+00
3.29632478305098e+06	1.77548705124856e-02,0.00000000000000e+00	8.16131600923608e-05,0.00000000000000e+00	8.16131600923608e-05,0.00000000000000e+00	1.77548705124846e-02,0.00000000000000e+00
3.30392359645799e+06	1.77462186039873e-02,0.00000000000000e+00	8.17215950667115e-05,0.00000000000000e+00	8.17215950667115e-05,0.00000000000000e+00	1.77462186039892e-02,0.00000000000000e+00
3.31153992693902e+06	1.77375394877252e-02,0.00000000000000e+00	8.18298841560151e-05,0.00000000000000e+00	8.18298841560151e-05,0.00000000000000e+00	1.77375394877261e-02,0.00000000000000e+00
3.31917381487508e+06	1.77288331244877e-02,0.00000000000000e+00	8.19380256292175e-05,0.00000000000000e+00	8.19380256292175e-05,0.00000000000000e+00	1.77288331244864e-02,0.00000000000000e+00
3.32682530074030e+06	1.77200994753304e-02,0.00000000000000e+00	8.20460177514284e-05,0.00000000000000e+00	8.20460177514284e-05,0.00000000000000e+00	1.77200994753303e-02,0.00000000000000e+00
3.33449442510209e+06	1.77113385016340e-02,0.00000000000000e+00	8.21538587841645e-05,0.00000000000000e+00	8.21538587841645e-05,0.00000000000000e+00	1.77113385016319e-02,0.00000000000000e+00
3.34218122862138e+06	1.77025501650434e-02,0.00000000000000e+00	8.22615469852144e-05,0.00000000000000e+00	8.22615469852144e-05,0.00000000000000e+00	1.77025501650435e-02,0.00000000000000e+00
3.34988575205283e+06	1.76937344275288e-02,0.00000000000000e+00	8.23690806088151e-05,0.00000000000000e+00	8.23690806088151e-05,0.00000000000000e+00	1.76937344275263e-02,0.00000000000000e+00
3.35760803624508e+06	1.76848912513356e-02,0.00000000000000e+00	8.24764579056235e-05,0.00000000000000e+00	8.24764579056235e-05,0.00000000000000e+00	1.76848912513367e-02,0.00000000000000e+00
3.36534812214089e+06	1.76760205990405e-02,0.00000000000000e+00	8.25836771228136e-05,0.00000000000000e+00	8.25836771228136e-05,0.00000000000000e+00	1.76760205990402e-02,0.00000000000000e+00
3.37310605077744e+06	1.76671224335064e-02,0.00000000000000e+00	8.26907365040920e-05,0.00000000000000e+00	8.26907365040921e-05,0.00000000000000e+00	1.76671224335073e-02,0.00000000000000e+00
3.38088186328649e+06	1.76581967179188e-02,0.00000000000000e+00	8.27976342897586e-05,0.00000000000000e+00	8.27976342897586e-05,0.00000000000000e+00	1.76581967179185e-02,0.00000000000000e+00
3.38867560089462e+06	1.76492434157584e-02,0.00000000000000e+00	8.29043687167156e-05,0.00000000000000e+00	8.29043687167156e-05,0.00000000000000e+00	1.76492434157591e-02,0.00000000000000e+00
3.39648730492345e+06	1.76402624908422e-02,0.00000000000000e+00	8.30109380186073e-05,0.00000000000000e+00	8.30109380186073e-05,0.00000000000000e+00	1.76402624908409e-02,0.00000000000000e+00
3.40431701678986e+06	1.76312539072853e-02,0.00000000000000e+00	8.31173404257719e-05,0.00000000000000e+00	8.31173404257719e-05,0.00000000000000e+00	1.76312539072846e-02,0.00000000000000e+00
3.41216477800620e+06	1.76222176295281e-02,0.00000000000000e+00	8.32235741653231e-05,0.00000000000000e+00	8.32235741653231e-05,0.00000000000000e+00	1.76222176295289e-02,0.00000000000000e+00
3.42003063018053e+06	1.76131536223479e-02,0.00000000000000e+00	8.33296374612665e-05,0.00000000000000e+00	8.33296374612665e-05,0.00000000000000e+00	1.76131536223474e-02,0.00000000000000e+00
3.42791461501681e+06	1.76040618508235e-02,0.00000000000000e+00	8.34355285344116e-05,0.00000000000000e+00	8.34355285344116e-05,0.00000000000000e+00	1.76040618508221e-02,0.00000000000000e+00
3.43581677431513e+06	1.75949422803799e-02,0.00000000000000e+00	8.35412456025883e-05,0.00000000000000e+00	8.35412456025883e-05,0.00000000000000e+00	1.75949422803806e-02,0.00000000000000e+00
3.44373714997197e+06	1.75857948767681e-02,0.00000000000000e+00	8.36467868805459e-05,0.00000000000000e+00	8.36467868805459e-05,0.00000000000000e+00	1.75857948767670e-02,0.00000000000000e+00
3.45167578398036e+06	1.75766196060643e-02,0.00000000000000e+00	8.37521505801049e-05,0.00000000000000e+00	8.37521505801049e-05,0.00000000000000e+00	1.75766196060657e-02,0.00000000000000e+00
3.45963271843016e+06	1.75674164347018e-02,0.00000000000000e+00	8.38573349102032e-05,0.00000000000000e+00	8.38573349102032e-05,0.00000000000000e+00	1.75674164347022e-02,0.00000000000000e+00
3.46760799550823e+06	1.75581853294279e-02,0.00000000000000e+00	8.39623380768681e-05,0.00000000000000e+00	8.39623380768681e-05,0.00000000000000e+00	1.75581853294294e-02,0.00000000000000e+00
3.47560165749871e+06	1.75489262573502e-02,0.00000000000000e+00	8.40671582833712e-05,0.00000000000000e+00	8.40671582833713e-05,0.00000000000000e+00	1.75489262573511e-02,0.00000000000000e+00
3.48361374678318e+06	1.75396391859066e-02,0.00000000000000e+00	8.41717937302010e-05,0.00000000000000e+00	8.41717937302010e-05,0.00000000000000e+00	1.75396391859080e-02,0.00000000000000e+00
3.49164430584096e+06	1.75303240828970e-02,0.00000000000000e+00	8.42762426151989e-05,0.00000000000000e+00	8.42762426151989e-05,0.00000000000000e+00	1.75303240828972e-02,0.00000000000000e+00
3.49969337724927e+06	1.75209809164560e-02,0.00000000000000e+00	8.43805031335255e-05,0.00000000000000e+00	8.43805031335255e-05,0.00000000000000e+00	1.75209809164564e-02,0.00000000000000e+00
3.50776100368348e+06	1.75116096550834e-02,0.00000000000000e+00	8.44845734777984e-05,0.00000000000000e+00	8.44845734777984e-05,0.00000000000000e+00	1.75116096550841e-02,0.00000000000000e+00
3.51584722791734e+06	1.75022102676243e-02,0.00000000000000e+00	8.45884518380646e-05,0.00000000000000e+00	8.45884518380646e-05,0.00000000000000e+00	1.75022102676246e-02,0.00000000000000e+00
3.52395209282321e+06	1.74927827232893e-02,0.00000000000000e+00	8.46921364019479e-05,0.00000000000000e+00	8.46921364019479e-05,0.00000000000000e+00	1.74927827232894e-02,0.00000000000000e+00
3.53207564137228e+06	1.74833269916436e-02,0.00000000000000e+00	8.47956253546214e-05,0.00000000000000e+00	8.47956253546214e-05,0.00000000000000e+00	1.74833269916432e-02,0.00000000000000e+00
3.54021791663480e+06	1.74738430426171e-02,0.00000000000000e+00	8.48989168789209e-05,0.00000000000000e+00	8.48989168789210e-05,0.00000000000000e+00	1.74738430426172e-02,0.00000000000000e+00
3.54837896178028e+06	1.74643308465133e-02,0.00000000000000e+00	8.50020091554031e-05,0.00000000000000e+00	8.50020091554031e-05,0.00000000000000e+00	1.74643308465128e-02,0.00000000000000e+00
3.55655882007780e+06	1.74547903739949e-02,0.00000000000000e+00	8.51049003623538e-05,0.00000000000000e+00	8.51049003623539e-05,0.00000000000000e+00	1.74547903739932e-02,0.00000000000000e+00
3.56475753489613e+06	1.74452215960910e-02,0.00000000000000e+00	8.52075886758676e-05,0.00000000000000e+00	8.52075886758676e-05,0.00000000000000e+00	1.74452215960911e-02,0.00000000000000e+00
3.57297514970405e+06	1.74356244842265e-02,0.00000000000000e+00	8.53100722699864e-05,0.00000000000000e+00	8.53100722699864e-05,0.00000000000000e+00	1.74356244842271e-02,0.00000000000000e+00
3.58121170807054e+06	1.74259990101782e-02,0.00000000000000e+00	8.54123493165858e-05,0.00000000000000e+00	8.54123493165858e-05,0.00000000000000e+00	1.74259990101773e-02,0.00000000000000e+00
3.58946725366500e+06	1.74163451461188e-02,0.00000000000000e+00	8.55144179856375e-05,0.00000000000000e+00	8.55144179856375e-05,0.00000000000000e+00	1.74163451461172e-02,0.00000000000000e+00
3.59774183025753e+06	1.74066628645933e-02,0.00000000000000e+00	8.56162764451181e-05,0.00000000000000e+00	8.56162764451181e-05,0.00000000000000e+00	1.74066628645931e-02,0.00000000000000e+00
3.60603548171909e+06	1.73969521385423e-02,0.00000000000000e+00	8.57179228611568e-05,0.00000000000000e+00	8.57179228611568e-05,0.00000000000000e+00	1.73969521385433e-02,0.00000000000000e+00
3.61434825202180e+06	1.73872129412806e-02,0.00000000000000e+00	8.58193553980011e-05,0.00000000000000e+00	8.58193553980011e-05,0.00000000000000e+00	1.73872129412802e-02,0.00000000000000e+00
3.62268018523915e+06	1.73774452465223e-02,0.00000000000000e+00	8.59205722182197e-05,0.00000000000000e+00	8.59205722182197e-05,0.00000000000000e+00	1.73774452465224e-02,0.00000000000000e+00
3.63103132554622e+06	1.73676490283773e-02,0.00000000000000e+00	8.60215714826608e-05,0.00000000000000e+00	8.60215714826608e-05,0.00000000000000e+00	1.73676490283760e-02,0.00000000000000e+00
3.63940171721992e+06	1.73578242613350e-02,0.00000000000000e+00	8.61223513504992e-05,0.00000000000000e+00	8.61223513504992e-05,0.00000000000000e+00	1.73578242613341e-02,0.00000000000000e+00
3.64779140463922e+06	1.73479709202951e-02,0.00000000000000e+00	8.62229099793748e-05,0.00000000000000e+00	8.62229099793748e-05,0.00000000000000e+00	1.73479709202948e-02,0.00000000000000e+00
3.65620043228543e+06	1.73380889805619e-02,0.00000000000000e+00	8.63232455254565e-05,0.00000000000000e+00	8.63232455254565e-05,0.00000000000000e+00	1.73380889805633e-02,0.00000000000000e+00
3.66462884474237e+06	1.73281784178378e-02,0.00000000000000e+00	8.64233561434156e-05,0.00000000000000e+00	8.64233561434156e-05,0.00000000000000e+00	1.73281784178373e-02,0.00000000000000e+00
3.67307668669664e+06	1.73182392082199e-02,0.00000000000000e+00	8.65232399865424e-05,0.00000000000000e+00	8.65232399865424e-05,0.00000000000000e+00	1.73182392082193e-02,0.00000000000000e+00
3.68154400293786e+06	1.73082713282352e-02,0.00000000000000e+00	8.66228952068885e-05,0.00000000000000e+00	8.66228952068885e-05,0.00000000000000e+00	1.73082713282348e-02,0.00000000000000e+00
3.69003083835889e+06	1.72982747548028e-02,0.00000000000000e+00	8.67223199551787e-05,0.00000000000000e+00	8.67223199551787e-05,0.00000000000000e+00	1.72982747548048e-02,0.00000000000000e+00
3.69853723795610e+06	1.72882494652754e-02,0.00000000000000e+00	8.68215123810227e-05,0.00000000000000e+00	8.68215123810227e-05,0.00000000000000e+00	1.72882494652767e-02,0.00000000000000e+00
3.70706324682957e+06	1.72781954374003e-02,0.00000000000000e+00	8.69204706328503e-05,0.00000000000000e+00	8.69204706328503e-05,0.00000000000000e+00	1.72781954374016e-02,0.00000000000000e+00
3.71560891018334e+06	1.72681126493602e-02,0.00000000000000e+00	8.70191928580936e-05,0.00000000000000e+00	8.70191928580936e-05,0.00000000000000e+00	1.72681126493594e-02,0.00000000000000e+00
3.72417427332568e+06	1.72580010797500e-02,0.00000000000000e+00	8.71176772031931e-05,0.00000000000000e+00	8.71176772031931e-05,0.00000000000000e+00	1.72580010797494e-02,0.00000000000000e+00
3.73275938166929e+06	1.72478607075970e-02,0.00000000000000e+00	8.72159218136878e-05,0.00000000000000e+00	8.72159218136878e-05,0.00000000000000e+00	1.72478607075973e-02,0.00000000000000e+00
3.74136428073155e+06	1.72376915123492e-02,0.00000000000000e+00	8.73139248342357e-05,0.00000000000000e+00	8.73139248342357e-05,0.00000000000000e+00	1.72376915123486e-02,0.00000000000000e+00
3.74998901613478e+06	1.72274934738819e-02,0.00000000000000e+00	8.74116844087380e-05,0.00000000000000e+00	8.74116844087380e-05,0.00000000000000e+00	1.72274934738821e-02,0.00000000000000e+00
3.75863363360648e+06	1.72172665725110e-02,0.00000000000000e+00	8.75091986803993e-05,0.00000000000000e+00	8.75091986803993e-05,0.00000000000000e+00	1.72172665725108e-02,0.00000000000000e+00
3.76729817897955e+06	1.72070107889846e-02,0.00000000000000e+00	8.76064657917974e-05,0.00000000000000e+00	8.76064657917974e-05,0.00000000000000e+00	1.72070107889846e-02,0.00000000000000e+00
3.77598269819253e+06	1.71967261044780e-02,0.00000000000000e+00	8.77034838848883e-05,0.00000000000000e+00	8.77034838848883e-05,0.00000000000000e+00	1.71967261044800e-02,0.00000000000000e+00
3.78468723728989e+06	1.71864125006257e-02,0.00000000000000e+00	8.78002511012053e-05,0.00000000000000e+00	8.78002511012053e-05,0.00000000000000e+00	1.71864125006282e-02,0.00000000000000e+00
3.79341184242224e+06	1.71760699594832e-02,0.00000000000000e+00	8.78967655817670e-05,0.00000000000000e+00	8.78967655817670e-05,0.00000000000000e+00	1.71760699594859e-02,0.00000000000000e+00
3.80215655984654e+06	1.71656984635681e-02,0.00000000000000e+00	8.79930254673027e-05,0.00000000000000e+00	8.79930254673027e-05,0.00000000000000e+00	1.71656984635677e-02,0.00000000000000e+00
3.81092143592644e+06	1.71552979958272e-02,0.00000000000000e+00	8.80890288982172e-05,0.00000000000000e+00	8.80890288982172e-05,0.00000000000000e+00	1.71552979958283e-02,0.00000000000000e+00
3.81970651713242e+06	1.71448685396773e-02,0.00000000000000e+00	8.81847740147369e-05,0.00000000000000e+00	8.81847740147369e-05,0.00000000000000e+00	1.71448685396794e-02,0.00000000000000e+00
3.82851185004211e+06	1.71344100789784e-02,0.00000000000000e+00	8.82802589569067e-05,0.00000000000000e+00	8.82802589569067e-05,0.00000000000000e+00	1.71344100789773e-02,0.00000000000000e+00
3.83733748134052e+06	1.71239225980368e-02,0.00000000000000e+00	8.83754818647120e-05,0.00000000000000e+00	8.83754818647120e-05,0.00000000000000e+00	1.71239225980356e-02,0.00000000000000e+00
3.84618345782026e+06	1.71134060816327e-02,0.00000000000000e+00	8.84704408781770e-05,0.00000000000000e+00	8.84704408781770e-05,0.00000000000000e+00	1.71134060816322e-02,0.00000000000000e+00
3.85504982638181e+06	1.71028605149851e-02,0.00000000000000e+00	8.85651341373115e-05,0.00000000000000e+00	8.85651341373115e-05,0.00000000000000e+00	1.71028605149874e-02,0.00000000000000e+00
3.86393663403379e+06	1.70922858838080e-02,0.00000000000000e+00	8.86595597823860e-05,0.00000000000000e+00	8.86595597823861e-05,0.00000000000000e+00	1.70922858838058e-02,0.00000000000000e+00
3.87284392789316e+06	1.70816821742428e-02,0.00000000000000e+00	8.87537159538207e-05,0.00000000000000e+00	8.87537159538207e-05,0.00000000000000e+00	1.70816821742423e-02,0.00000000000000e+00
3.88177175518550e+06	1.70710493729219e-02,0.00000000000000e+00	8.88476007923518e-05,0.00000000000000e+00	8.88476007923519e-05,0.00000000000000e+00	1.70710493729230e-02,0.00000000000000e+00
3.89072016324527e+06	1.70603874669401e-02,0.00000000000000e+00	8.89412124390723e-05,0.00000000000000e+00	8.89412124390723e-05,0.00000000000000e+00	1.70603874669410e-02,0.00000000000000e+00
3.89968919951603e+06	1.70496964438674e-02,0.00000000000000e+00	8.90345490355583e-05,0.00000000000000e+00	8.90345490355583e-05,0.00000000000000e+00	1.70496964438684e-02,0.00000000000000e+00
3.90867891155073e+06	1.70389762917450e-02,0.00000000000000e+00	8.91276087238753e-05,0.00000000000000e+00	8.91276087238753e-05,0.00000000000000e+00	1.70389762917457e-02,0.00000000000000e+00
3.91768934701192e+06	1.70282269990925e-02,0.00000000000000e+00	8.92203896466973e-05,0.00000000000000e+00	8.92203896466973e-05,0.00000000000000e+00	1.70282269990926e-02,0.00000000000000e+00
3.92672055367203e+06	1.70174485549041e-02,0.00000000000000e+00	8.93128899473557e-05,0.00000000000000e+00	8.93128899473557e-05,0.00000000000000e+00	1.70174485549052e-02,0.00000000000000e+00
3.93577257941363e+06	1.70066409486673e-02,0.00000000000000e+00	8.94051077699601e-05,0.00000000000000e+00	8.94051077699601e-05,0.00000000000000e+00	1.70066409486667e-02,0.00000000000000e+00
3.94484547222965e+06	1.69958041703359e-02,0.00000000000000e+00	8.94970412594128e-05,0.00000000000000e+00	8.94970412594128e-05,0.00000000000000e+00	1.69958041703383e-02,0.00000000000000e+00
3.95393928022366e+06	1.69849382103760e-02,0.00000000000000e+00	8.95886885615567e-05,0.00000000000000e+00	8.95886885615567e-05,0.00000000000000e+00	1.69849382103746e-02,0.00000000000000e+00
3.96305405161013e+06	1.69740430597096e-02,0.00000000000000e+00	8.96800478231725e-05,0.00000000000000e+00	8.96800478231725e-05,0.00000000000000e+00	1.69740430597111e-02,0.00000000000000e+00
3.97218983471468e+06	1.69631187097762e-02,0.00000000000000e+00	8.97711171921184e-05,0.00000000000000e+00	8.97711171921184e-05,0.00000000000000e+00	1.69631187097783e-02,0.00000000000000e+00
3.98134667797431e+06	1.69521651525060e-02,0.00000000000000e+00	8.98618948174170e-05,0.00000000000000e+00	8.98618948174170e-05,0.00000000000000e+00	1.69521651525055e-02,0.00000000000000e+00
3.99052462993770e+06	1.69411823803037e-02,0.00000000000000e+00	8.99523788492351e-05,0.00000000000000e+00	8.99523788492351e-05,0.00000000000000e+00	1.69411823803046e-02,0.00000000000000e+00
3.99972373926542e+06	1.69301703860968e-02,0.00000000000000e+00	9.00425674390964e-05,0.00000000000000e+00	9.00425674390964e-05,0.00000000000000e+00	1.69301703860977e-02,0.00000000000000e+00
4.00894405473026e+06	1.69191291633000e-02,0.00000000000000e+00	9.01324587398707e-05,0.00000000000000e+00	9.01324587398707e-05,0.00000000000000e+00	1.69191291633029e-02,0.00000000000000e+00
4.01818562521739e+06	1.69080587058387e-02,0.00000000000000e+00	9.02220509058706e-05,0.00000000000000e+00	9.02220509058706e-05,0.00000000000000e+00	1.69080587058391e-02,0.00000000000000e+00
4.02744849972471e+06	1.68969590081346e-02,0.00000000000000e+00	9.03113420929587e-05,0.00000000000000e+00	9.03113420929586e-05,0.00000000000000e+00	1.68969590081341e-02,0.00000000000000e+00
4.03673272736306e+06	1.68858300651152e-02,0.00000000000000e+00	9.04003304585715e-05,0.00000000000000e+00	9.04003304585715e-05,0.00000000000000e+00	1.68858300651161e-02,0.00000000000000e+00
4.04603835735648e+06	1.68746718722323e-02,0.00000000000000e+00	9.04890141618827e-05,0.00000000000000e+00	9.04890141618827e-05,0.00000000000000e+00	1.68746718722316e-02,0.00000000000000e+00
4.05536543904250e+06	1.68634844254274e-02,0.00000000000000e+00	9.05773913637817e-05,0.00000000000000e+00	9.05773913637817e-05,0.00000000000000e+00	1.68634844254287e-02,0.00000000000000e+00
4.06471402187238e+06	1.68522677211750e-02,0.00000000000000e+00	9.06654602270462e-05,0.00000000000000e+00	9.06654602270462e-05,0.00000000000000e+00	1.68522677211762e-02,0.00000000000000e+00
4.07408415541137e+06	1.68410217564564e-02,0.00000000000000e+00	9.07532189163681e-05,0.00000000000000e+00	9.07532189163681e-05,0.00000000000000e+00	1.68410217564559e-02,0.00000000000000e+00
4.08347588933899e+06	1.68297465287735e-02,0.00000000000000e+00	9.08406655984898e-05,0.00000000000000e+00	9.08406655984898e-05,0.00000000000000e+00	1.68297465287745e-02,0.00000000000000e+00
4.09288927344928e+06	1.68184420361439e-02,0.00000000000000e+00	9.09277984421639e-05,0.00000000000000e+00	9.09277984421639e-05,0.00000000000000e+00	1.68184420361439e-02,0.00000000000000e+00
4.10232435765106e+06	1.68071082771116e-02,0.00000000000000e+00	9.10146156183847e-05,0.00000000000000e+00	9.10146156183847e-05,0.00000000000000e+00	1.68071082771105e-02,0.00000000000000e+00
4.11178119196822e+06	1.67957452507445e-02,0.00000000000000e+00	9.11011153003952e-05,0.00000000000000e+00	9.11011153003952e-05,0.00000000000000e+00	1.67957452507439e-02,0.00000000000000e+00
4.12125982653993e+06	1.67843529566327e-02,0.00000000000000e+00	9.11872956637397e-05,0.00000000000000e+00	9.11872956637397e-05,0.00000000000000e+00	1.67843529566333e-02,0.00000000000000e+00
4.13076031162099e+06	1.67729313949063e-02,0.00000000000000e+00	9.12731548864422e-05,0.00000000000000e+00	9.12731548864422e-05,0.00000000000000e+00	1.67729313949073e-02,0.00000000000000e+00
4.14028269758201e+06	1.67614805662103e-02,0.00000000000000e+00	9.13586911489542e-05,0.00000000000000e+00	9.13586911489542e-05,0.00000000000000e+00	1.67614805662113e-02,0.00000000000000e+00
4.14982703490975e+06	1.67500004717366e-02,0.00000000000000e+00	9.14439026343815e-05,0.00000000000000e+00	9.14439026343815e-05,0.00000000000000e+00	1.67500004717360e-02,0.00000000000000e+00
4.15939337420732e+06	1.67384911132030e-02,0.00000000000000e+00	9.15287875284712e-05,0.00000000000000e+00	9.15287875284712e-05,0.00000000000000e+00	1.67384911132018e-02,0.00000000000000e+00
4.16898176619451e+06	1.67269524928639e-02,0.00000000000000e+00	9.16133440197035e-05,0.00000000000000e+00	9.16133440197035e-05,0.00000000000000e+00	1.67269524928624e-02,0.00000000000000e+00
4.17859226170801e+06	1.67153846135137e-02,0.00000000000000e+00	9.16975702994148e-05,0.00000000000000e+00	9.16975702994148e-05,0.00000000000000e+00	1.67153846135141e-02,0.00000000000000e+00
4.18822491170171e+06	1.67037874784971e-02,0.00000000000000e+00	9.17814645618808e-05,0.00000000000000e+00	9.17814645618808e-05,0.00000000000000e+00	1.67037874784974e-02,0.00000000000000e+00
4.19787976724698e+06	1.66921610916851e-02,0.00000000000000e+00	9.18650250043217e-05,0.00000000000000e+00	9.18650250043217e-05,0.00000000000000e+00	1.66921610916853e-02,0.00000000000000e+00
4.20755687953288e+06	1.66805054575051e-02,0.00000000000000e+00	9.19482498270942e-05,0.00000000000000e+00	9.19482498270942e-05,0.00000000000000e+00	1.66805054575041e-02,0.00000000000000e+00
4.21725629986651e+06	1.66688205809232e-02,0.00000000000000e+00	9.20311372337166e-05,0.00000000000000e+00	9.20311372337166e-05,0.00000000000000e+00	1.66688205809253e-02,0.00000000000000e+00
4.22697807967322e+06	1.66571064674642e-02,0.00000000000000e+00	9.21136854309332e-05,0.00000000000000e+00	9.21136854309332e-05,0.00000000000000e+00	1.66571064674632e-02,0.00000000000000e+00
4.23672227049693e+06	1.66453631231902e-02,0.00000000000000e+00	9.21958926288679e-05,0.00000000000000e+00	9.21958926288679e-05,0.00000000000000e+00	1.66453631231902e-02,0.00000000000000e+00
4.24648892400036e+06	1.66335905547234e-02,0.00000000000000e+00	9.22777570410290e-05,0.00000000000000e+00	9.22777570410290e-05,0.00000000000000e+00	1.66335905547233e-02,0.00000000000000e+00
4.25627809196535e+06	1.66217887692361e-02,0.00000000000000e+00	9.23592768844544e-05,0.00000000000000e+00	9.23592768844544e-05,0.00000000000000e+00	1.66217887692373e-02,0.00000000000000e+00
4.26608982629308e+06	1.66099577744624e-02,0.00000000000000e+00	9.24404503797758e-05,0.00000000000000e+00	9.24404503797758e-05,0.00000000000000e+00	1.66099577744631e-02,0.00000000000000e+00
4.27592417900439e+06	1.65980975786963e-02,0.00000000000000e+00	9.25212757513350e-05,0.00000000000000e+00	9.25212757513350e-05,0.00000000000000e+00	1.65980975786946e-02,0.00000000000000e+00
4.28578120224004e+06	1.65862081907664e-02,0.00000000000000e+00	9.26017512271253e-05,0.00000000000000e+00	9.26017512271253e-05,0.00000000000000e+00	1.65862081907650e-02,0.00000000000000e+00
4.29566094826099e+06	1.65742896200911e-02,0.00000000000000e+00	9.26818750391019e-05,0.00000000000000e+00	9.26818750391019e-05,0.00000000000000e+00	1.65742896200889e-02,0.00000000000000e+00
4.30556346944867e+06	1.65623418766419e-02,0.00000000000000e+00	9.27616454231346e-05,0.00000000000000e+00	9.27616454231346e-05,0.00000000000000e+00	1.65623418766400e-02,0.00000000000000e+00
4.31548881830526e+06	1.65503649709515e-02,0.00000000000000e+00	9.28410606190827e-05,0.00000000000000e+00	9.28410606190827e-05,0.00000000000000e+00	1.65503649709514e-02,0.00000000000000e+00
4.32543704745396e+06	1.65383589141215e-02,0.00000000000000e+00	9.29201188709113e-05,0.00000000000000e+00	9.29201188709113e-05,0.00000000000000e+00	1.65383589141223e-02,0.00000000000000e+00
4.33540820963931e+06	1.65263237178243e-02,0.00000000000000e+00	9.29988184268082e-05,0.00000000000000e+00	9.29988184268082e-05,0.00000000000000e+00	1.65263237178254e-02,0.00000000000000e+00
4.34540235772741e+06	1.65142593942936e-02,0.00000000000000e+00	9.30771575391759e-05,0.00000000000000e+00	9.30771575391759e-05,0.00000000000000e+00	1.65142593942918e-02,0.00000000000000e+00
4.35541954470624e+06	1.65021659563431e-02,0.00000000000000e+00	9.31551344648853e-05,0.00000000000000e+00	9.31551344648853e-05,0.00000000000000e+00	1.65021659563425e-02,0.00000000000000e+00
4.36545982368592e+06	1.64900434173517e-02,0.00000000000000e+00	9.32327474651515e-05,0.00000000000000e+00	9.32327474651515e-05,0.00000000000000e+00	1.64900434173527e-02,0.00000000000000e+00
4.37552324789903e+06	1.64778917912820e-02,0.00000000000000e+00	9.33099948057773e-05,0.00000000000000e+00	9.33099948057773e-05,0.00000000000000e+00	1.64778917912812e-02,0.00000000000000e+00
4.38560987070082e+06	1.64657110926571e-02,0.00000000000000e+00	9.33868747571659e-05,0.00000000000000e+00	9.33868747571659e-05,0.00000000000000e+00	1.64657110926591e-02,0.00000000000000e+00
4.39571974556957e+06	1.64535013365934e-02,0.00000000000000e+00	9.34633855944174e-05,0.00000000000000e+00	9.34633855944174e-05,0.00000000000000e+00	1.64535013365928e-02,0.00000000000000e+00
4.40585292610683e+06	1.64412625387820e-02,0.00000000000000e+00	9.35395255975006e-05,0.00000000000000e+00	9.35395255975007e-05,0.00000000000000e+00	1.64412625387811e-02,0.00000000000000e+00
4.41600946603772e+06	1.64289947154875e-02,0.00000000000000e+00	9.36152930511790e-05,0.00000000000000e+00	9.36152930511790e-05,0.00000000000000e+00	1.64289947154880e-02,0.00000000000000e+00
4.42618941921119e+06	1.64166978835606e-02,0.00000000000000e+00	9.36906862451818e-05,0.00000000000000e+00	9.36906862451818e-05,0.00000000000000e+00	1.64166978835593e-02,0.00000000000000e+00
4.43639283960036e+06	1.64043720604370e-02,0.00000000000000e+00	9.37657034743560e-05,0.00000000000000e+00	9.37657034743560e-05,0.00000000000000e+00	1.64043720604355e-02,0.00000000000000e+00
4.44661978130272e+06	1.63920172641342e-02,0.00000000000000e+00	9.38403430386336e-05,0.00000000000000e+00	9.38403430386336e-05,0.00000000000000e+00	1.63920172641323e-02,0.00000000000000e+00
4.45687029854053e+06	1.63796335132572e-02,0.00000000000000e+00	9.39146032432157e-05,0.00000000000000e+00	9.39146032432157e-05,0.00000000000000e+00	1.63796335132592e-02,0.00000000000000e+00
4.46714444566098e+06	1.63672208270036e-02,0.00000000000000e+00	9.39884823985717e-05,0.00000000000000e+00	9.39884823985717e-05,0.00000000000000e+00	1.63672208270052e-02,0.00000000000000e+00
4.47744227713659e+06	1.63547792251462e-02,0.00000000000000e+00	9.40619788205688e-05,0.00000000000000e+00	9.40619788205688e-05,0.00000000000000e+00	1.63547792251485e-02,0.00000000000000e+00
4.48776384756545e+06	1.63423087280686e-02,0.00000000000000e+00	9.41350908306144e-05,0.00000000000000e+00	9.41350908306144e-05,0.00000000000000e+00	1.63423087280666e-02,0.00000000000000e+00
4.49810921167148e+06	1.63298093567202e-02,0.00000000000000e+00	9.42078167556426e-05,0.00000000000000e+00	9.42078167556426e-05,0.00000000000000e+00	1.63298093567206e-02,0.00000000000000e+00
4.50847842430477e+06	1.63172811326638e-02,0.00000000000000e+00	9.42801549282340e-05,0.00000000000000e+00	9.42801549282340e-05,0.00000000000000e+00	1.63172811326627e-02,0.00000000000000e+00
4.51887154044187e+06	1.63047240780382e-02,0.00000000000000e+00	9.43521036867233e-05,0.00000000000000e+00	9.43521036867233e-05,0.00000000000000e+00	1.63047240780403e-02,0.00000000000000e+00
4.52928861518603e+06	1.62921382156050e-02,0.00000000000000e+00	9.44236613753209e-05,0.00000000000000e+00	9.44236613753209e-05,0.00000000000000e+00	1.62921382156040e-02,0.00000000000000e+00
4.53972970376756e+06	1.62795235686902e-02,0.00000000000000e+00	9.44948263440970e-05,0.00000000000000e+00	9.44948263440970e-05,0.00000000000000e+00	1.62795235686907e-02,0.00000000000000e+00
4.55019486154405e+06	1.62668801612390e-02,0.00000000000000e+00	9.45655969491468e-05,0.00000000000000e+00	9.45655969491468e-05,0.00000000000000e+00	1.62668801612386e-02,0.00000000000000e+00
4.56068414400075e+06	1.62542080177821e-02,0.00000000000000e+00	9.46359715526542e-05,0.00000000000000e+00	9.46359715526542e-05,0.00000000000000e+00	1.62542080177844e-02,0.00000000000000e+00
4.57119760675077e+06	1.62415071634602e-02,0.00000000000000e+00	9.47059485229549e-05,0.00000000000000e+00	9.47059485229549e-05,0.00000000000000e+00	1.62415071634603e-02,0.00000000000000e+00
4.58173530553546e+06	1.62287776240117e-02,0.00000000000000e+00	9.47755262347141e-05,0.00000000000000e+00	9.47755262347141e-05,0.00000000000000e+00	1.62287776240110e-02,0.00000000000000e+00
4.59229729622464e+06	1.62160194257690e-02,0.00000000000000e+00	9.48447030688519e-05,0.00000000000000e+00	9.48447030688519e-05,0.00000000000000e+00	1.62160194257674e-02,0.00000000000000e+00
4.60288363481693e+06	1.62032325956741e-02,0.00000000000000e+00	9.49134774127780e-05,0.00000000000000e+00	9.49134774127780e-05,0.00000000000000e+00	1.62032325956725e-02,0.00000000000000e+00
4.61349437744005e+06	1.61904171612794e-02,0.00000000000000e+00	9.49818476604439e-05,0.00000000000000e+00	9.49818476604439e-05,0.00000000000000e+00	1.61904171612773e-02,0.00000000000000e+00
4.62412958035110e+06	1.61775731507260e-02,0.00000000000000e+00	9.50498122123472e-05,0.00000000000000e+00	9.50498122123472e-05,0.00000000000000e+00	1.61775731507273e-02,0.00000000000000e+00
4.63478929993687e+06	1.61647005927775e-02,0.00000000000000e+00	9.51173694756857e-05,0.00000000000000e+00	9.51173694756857e-05,0.00000000000000e+00	1.61647005927758e-02,0.00000000000000e+00
4.64547359271412e+06	1.61517995167913e-02,0.00000000000000e+00	9.51845178644795e-05,0.00000000000000e+00	9.51845178644795e-05,0.00000000000000e+00	1.61517995167903e-02,0.00000000000000e+00
4.65618251532992e+06	1.61388699527348e-02,0.00000000000000e+00	9.52512557995378e-05,0.00000000000000e+00	9.52512557995378e-05,0.00000000000000e+00	1.61388699527338e-02,0.00000000000000e+00
4.66691612456191e+06	1.61259119311938e-02,0.00000000000000e+00	9.53175817087094e-05,0.00000000000000e+00	9.53175817087094e-05,0.00000000000000e+00	1.61259119311937e-02,0.00000000000000e+00
4.67767447731862e+06	1.61129254833436e-02,0.00000000000000e+00	9.53834940267435e-05,0.00000000000000e+00	9.53834940267435e-05,0.00000000000000e+00	1.61129254833439e-02,0.00000000000000e+00
4.68845763063975e+06	1.60999106409963e-02,0.00000000000000e+00	9.54489911956697e-05,0.00000000000000e+00	9.54489911956697e-05,0.00000000000000e+00	1.60999106409967e-02,0.00000000000000e+00
4.69926564169652e+06	1.60868674365502e-02,0.00000000000000e+00	9.55140716645873e-05,0.00000000000000e+00	9.55140716645873e-05,0.00000000000000e+00	1.60868674365526e-02,0.00000000000000e+00
4.71009856779193e+06	1.60737959030303e-02,0.00000000000000e+00	9.55787338899150e-05,0.00000000000000e+00	9.55787338899150e-05,0.00000000000000e+00	1.60737959030296e-02,0.00000000000000e+00
4.72095646636106e+06	1.60606960740609e-02,0.00000000000000e+00	9.56429763354760e-05,0.00000000000000e+00	9.56429763354760e-05,0.00000000000000e+00	1.60606960740635e-02,0.00000000000000e+00
4.73183939497142e+06	1.60475679838957e-02,0.00000000000000e+00	9.57067974725106e-05,0.00000000000000e+00	9.57067974725106e-05,0.00000000000000e+00	1.60475679838970e-02,0.00000000000000e+00
4.74274741132322e+06	1.60344116673916e-02,0.00000000000000e+00	9.57701957798316e-05,0.00000000000000e+00	9.57701957798316e-05,0.00000000000000e+00	1.60344116673922e-02,0.00000000000000e+00
4.75368057324966e+06	1.60212271600113e-02,0.00000000000000e+00	9.58331697437996e-05,0.00000000000000e+00	9.58331697437996e-05,0.00000000000000e+00	1.60212271600127e-02,0.00000000000000e+00
4.76463893871728e+06	1.60080144978575e-02,0.00000000000000e+00	9.58957178586008e-05,0.00000000000000e+00	9.58957178586008e-05,0.00000000000000e+00	1.60080144978573e-02,0.00000000000000e+00
4.77562256582626e+06	1.59947737176184e-02,0.00000000000000e+00	9.59578386260868e-05,0.00000000000000e+00	9.59578386260868e-05,0.00000000000000e+00	1.59947737176192e-02,0.00000000000000e+00
4.78663151281068e+06	1.59815048566176e-02,0.00000000000000e+00	9.60195305560405e-05,0.00000000000000e+00	9.60195305560405e-05,0.00000000000000e+00	1.59815048566176e-02,0.00000000000000e+00
4.79766583803888e+06	1.59682079527984e-02,0.00000000000000e+00	9.60807921662599e-05,0.00000000000000e+00	9.60807921662599e-05,0.00000000000000e+00	1.59682079527981e-02,0.00000000000000e+00
4.80872560001377e+06	1.59548830446975e-02,0.00000000000000e+00	9.61416219824434e-05,0.00000000000000e+00	9.61416219824434e-05,0.00000000000000e+00	1.59548830447001e-02,0.00000000000000e+00
4.81981085737309e+06	1.59415301714930e-02,0.00000000000000e+00	9.62020185384940e-05,0.00000000000000e+00	9.62020185384940e-05,0.00000000000000e+00	1.59415301714945e-02,0.00000000000000e+00
4.83092166888978e+06	1.59281493729711e-02,0.00000000000000e+00	9.62619803765150e-05,0.00000000000000e+00	9.62619803765150e-05,0.00000000000000e+00	1.59281493729695e-02,0.00000000000000e+00
4.84205809347226e+06	1.59147406895350e-02,0.00000000000000e+00	9.63215060469176e-05,0.00000000000000e+00	9.63215060469176e-05,0.00000000000000e+00	1.59147406895354e-02,0.00000000000000e+00
4.85322019016473e+06	1.59013041622047e-02,0.00000000000000e+00	9.63805941083890e-05,0.00000000000000e+00	9.63805941083890e-05,0.00000000000000e+00	1.59013041622060e-02,0.00000000000000e+00
4.86440801814753e+06	1.58878398326280e-02,0.00000000000000e+00	9.64392431281495e-05,0.00000000000000e+00	9.64392431281495e-05,0.00000000000000e+00	1.58878398326279e-02,0.00000000000000e+00
4.87562163673740e+06	1.58743477430635e-02,0.00000000000000e+00	9.64974516819205e-05,0.00000000000000e+00	9.64974516819205e-05,0.00000000000000e+00	1.58743477430626e-02,0.00000000000000e+00
4.88686110538784e+06	1.58608279363910e-02,0.00000000000000e+00	9.65552183540306e-05,0.00000000000000e+00	9.65552183540306e-05,0.00000000000000e+00	1.58608279363901e-02,0.00000000000000e+00
4.89812648368939e+06	1.58472804561047e-02,0.00000000000000e+00	9.66125417374702e-05,0.00000000000000e+00	9.66125417374702e-05,0.00000000000000e+00	1.58472804561057e-02,0.00000000000000e+00
4.90941783136996e+06	1.58337053463323e-02,0.00000000000000e+00	9.66694204340479e-05,0.00000000000000e+00	9.66694204340479e-05,0.00000000000000e+00	1.58337053463322e-02,0.00000000000000e+00
4.92073520829515e+06	1.58201026518126e-02,0.00000000000000e+00	9.67258530544332e-05,0.00000000000000e+00	9.67258530544332e-05,0.00000000000000e+00	1.58201026518143e-02,0.00000000000000e+00
4.93207867446858e+06	1.58064724179011e-02,0.00000000000000e+00	9.67818382181321e-05,0.00000000000000e+00	9.67818382181321e-05,0.00000000000000e+00	1.58064724179011e-02,0.00000000000000e+00
4.94344829003216e+06	1.57928146905801e-02,0.00000000000000e+00	9.68373745537593e-05,0.00000000000000e+00	9.68373745537593e-05,0.00000000000000e+00	1.57928146905788e-02,0.00000000000000e+00
4.95484411526647e+06	1.57791295164417e-02,0.00000000000000e+00	9.68924606989499e-05,0.00000000000000e+00	9.68924606989499e-05,0.00000000000000e+00	1.57791295164424e-02,0.00000000000000e+00
4.96626621059104e+06	1.57654169427158e-02,0.00000000000000e+00	9.69470953005537e-05,0.00000000000000e+00	9.69470953005537e-05,0.00000000000000e+00	1.57654169427151e-02,0.00000000000000e+00
4.97771463656468e+06	1.57516770172364e-02,0.00000000000000e+00	9.70012770146226e-05,0.00000000000000e+00	9.70012770146226e-05,0.00000000000000e+00	1.57516770172339e-02,0.00000000000000e+00
4.98918945388580e+06	1.57379097884578e-02,0.00000000000000e+00	9.70550045065537e-05,0.00000000000000e+00	9.70550045065537e-05,0.00000000000000e+00	1.57379097884594e-02,0.00000000000000e+00
5.00069072339276e+06	1.57241153054698e-02,0.00000000000000e+00	9.71082764511267e-05,0.00000000000000e+00	9.71082764511267e-05,0.00000000000000e+00	1.57241153054697e-02,0.00000000000000e+00
5.01221850606412e+06	1.57102936179714e-02,0.00000000000000e+00	9.71610915326473e-05,0.00000000000000e+00	9.71610915326473e-05,0.00000000000000e+00	1.57102936179712e-02,0.00000000000000e+00
5.02377286301905e+06	1.56964447762804e-02,0.00000000000000e+00	9.72134484449047e-05,0.00000000000000e+00	9.72134484449047e-05,0.00000000000000e+00	1.56964447762789e-02,0.00000000000000e+00
5.03535385551760e+06	1.56825688313303e-02,0.00000000000000e+00	9.72653458913271e-05,0.00000000000000e+00	9.72653458913271e-05,0.00000000000000e+00	1.56825688313291e-02,0.00000000000000e+00
5.04696154496104e+06	1.56686658346822e-02,0.00000000000000e+00	9.73167825850837e-05,0.00000000000000e+00	9.73167825850837e-05,0.00000000000000e+00	1.56686658346835e-02,0.00000000000000e+00
5.05859599289218e+06	1.56547358385297e-02,0.00000000000000e+00	9.73677572491473e-05,0.00000000000000e+00	9.73677572491473e-05,0.00000000000000e+00	1.56547358385271e-02,0.00000000000000e+00
5.07025726099571e+06	1.56407788956415e-02,0.00000000000000e+00	9.74182686162085e-05,0.00000000000000e+00	9.74182686162085e-05,0.00000000000000e+00	1.56407788956417e-02,0.00000000000000e+00
5.08194541109850e+06	1.56267950594586e-02,0.00000000000000e+00	9.74683154290851e-05,0.00000000000000e+00	9.74683154290851e-05,0.00000000000000e+00	1.56267950594595e-02,0.00000000000000e+00
5.09366050516997e+06	1.56127843840017e-02,0.00000000000000e+00	9.75178964404202e-05,0.00000000000000e+00	9.75178964404202e-05,0.00000000000000e+00	1.56127843840028e-02,0.00000000000000e+00
5.10540260532238e+06	1.55987469239328e-02,0.00000000000000e+00	9.75670104130516e-05,0.00000000000000e+00	9.75670104130516e-05,0.00000000000000e+00	1.55987469239306e-02,0.00000000000000e+00
5.11717177381118e+06	1.55846827345090e-02,0.00000000000000e+00	9.76156561198963e-05,0.00000000000000e+00	9.76156561198963e-05,0.00000000000000e+00	1.55846827345082e-02,0.00000000000000e+00
5.12896807303532e+06	1.55705918716227e-02,0.00000000000000e+00	9.76638323441310e-05,0.00000000000000e+00	9.76638323441311e-05,0.00000000000000e+00	1.55705918716240e-02,0.00000000000000e+00
5.14079156553761e+06	1.55564743917806e-02,0.00000000000000e+00	9.77115378792106e-05,0.00000000000000e+00	9.77115378792106e-05,0.00000000000000e+00	1.55564743917804e-02,0.00000000000000e+00
5.15264231400504e+06	1.55423303520984e-02,0.00000000000000e+00	9.77587715289801e-05,0.00000000000000e+00	9.77587715289801e-05,0.00000000000000e+00	1.55423303520999e-02,0.00000000000000e+00
5.16452038126908e+06	1.55281598103113e-02,0.00000000000000e+00	9.78055321076779e-05,0.00000000000000e+00	9.78055321076779e-05,0.00000000000000e+00	1.55281598103134e-02,0.00000000000000e+00
5.17642583030607e+06	1.55139628247779e-02,0.00000000000000e+00	9.78518184401157e-05,0.00000000000000e+00	9.78518184401157e-05,0.00000000000000e+00	1.55139628247774e-02,0.00000000000000e+00
5.18835872423751e+06	1.54997394544486e-02,0.00000000000000e+00	9.78976293615981e-05,0.00000000000000e+00	9.78976293615981e-05,0.00000000000000e+00	1.54997394544491e-02,0.00000000000000e+00
5.20031912633043e+06	1.54854897589196e-02,0.00000000000000e+00	9.79429637181986e-05,0.00000000000000e+00	9.79429637181986e-05,0.00000000000000e+00	1.54854897589188e-02,0.00000000000000e+00
5.21230709999768e+06	1.54712137983642e-02,0.00000000000000e+00	9.79878203665524e-05,0.00000000000000e+00	9.79878203665524e-05,0.00000000000000e+00	1.54712137983650e-02,0.00000000000000e+00
5.22432270879830e+06	1.54569116335982e-02,0.00000000000000e+00	9.80321981742019e-05,0.00000000000000e+00	9.80321981742019e-05,0.00000000000000e+00	1.54569116335982e-02,0.00000000000000e+00
5.23636601643785e+06	1.54425833260311e-02,0.00000000000000e+00	9.80760960194987e-05,0.00000000000000e+00	9.80760960194988e-05,0.00000000000000e+00	1.54425833260332e-02,0.00000000000000e+00
5.24843708676877e+06	1.54282289376995e-02,0.00000000000000e+00	9.81195127917266e-05,0.00000000000000e+00	9.81195127917266e-05,0.00000000000000e+00	1.54282289376976e-02,0.00000000000000e+00
5.26053598379065e+06	1.54138485312360e-02,0.00000000000000e+00	9.81624473911968e-05,0.00000000000000e+00	9.81624473911968e-05,0.00000000000000e+00	1.54138485312349e-02,0.00000000000000e+00
5.27266277165064e+06	1.53994421698844e-02,0.00000000000000e+00	9.82048987291876e-05,0.00000000000000e+00	9.82048987291876e-05,0.00000000000000e+00	1.53994421698842e-02,0.00000000000000e+00
5.28481751464377e+06	1.53850099175028e-02,0.00000000000000e+00	9.82468657281511e-05,0.00000000000000e+00	9.82468657281511e-05,0.00000000000000e+00	1.53850099175013e-02,0.00000000000000e+00
5.29700027721328e+06	1.53705518385501e-02,0.00000000000000e+00	9.82883473217225e-05,0.00000000000000e+00	9.82883473217225e-05,0.00000000000000e+00	1.53705518385489e-02,0.00000000000000e+00
5.30921112395096e+06	1.53560679981007e-02,0.00000000000000e+00	9.83293424548129e-05,0.00000000000000e+00	9.83293424548129e-05,0.00000000000000e+00	1.53560679981000e-02,0.00000000000000e+00
5.32145011959750e+06	1.53415584618235e-02,0.00000000000000e+00	9.83698500835879e-05,0.00000000000000e+00	9.83698500835880e-05,0.00000000000000e+00	1.53415584618238e-02,0.00000000000000e+00
5.33371732904284e+06	1.53270232959993e-02,0.00000000000000e+00	9.84098691756315e-05,0.00000000000000e+00	9.84098691756315e-05,0.00000000000000e+00	1.53270232960000e-02,0.00000000000000e+00
5.34601281732650e+06	1.53124625675171e-02,0.00000000000000e+00	9.84493987100088e-05,0.00000000000000e+00	9.84493987100088e-05,0.00000000000000e+00	1.53124625675181e-02,0.00000000000000e+00
5.35833664963794e+06	1.52978763438594e-02,0.00000000000000e+00	9.84884376772282e-05,0.00000000000000e+00	9.84884376772282e-05,0.00000000000000e+00	1.52978763438602e-02,0.00000000000000e+00
5.37068889131689e+06	1.52832646931073e-02,0.00000000000000e+00	9.85269850793454e-05,0.00000000000000e+00	9.85269850793454e-05,0.00000000000000e+00	1.52832646931072e-02,0.00000000000000e+00
5.38306960785371e+06	1.52686276839565e-02,0.00000000000000e+00	9.85650399301559e-05,0.00000000000000e+00	9.85650399301559e-05,0.00000000000000e+00	1.52686276839571e-02,0.00000000000000e+00
5.39547886488972e+06	1.52539653856899e-02,0.00000000000000e+00	9.86026012550227e-05,0.00000000000000e+00	9.86026012550227e-05,0.00000000000000e+00	1.52539653856887e-02,0.00000000000000e+00
5.40791672821756e+06	1.52392778681875e-02,0.00000000000000e+00	9.86396680911252e-05,0.00000000000000e+00	9.86396680911253e-05,0.00000000000000e+00	1.52392778681888e-02,0.00000000000000e+00
5.42038326378156e+06	1.52245652019309e-02,0.00000000000000e+00	9.86762394874021e-05,0.00000000000000e+00	9.86762394874021e-05,0.00000000000000e+00	1.52245652019335e-02,0.00000000000000e+00
5.43287853767804e+06	1.52098274580112e-02,0.00000000000000e+00	9.87123145047565e-05,0.00000000000000e+00	9.87123145047565e-05,0.00000000000000e+00	1.52098274580093e-02,0.00000000000000e+00
5.44540261615570e+06	1.51950647080714e-02,0.00000000000000e+00	9.87478922158483e-05,0.00000000000000e+00	9.87478922158483e-05,0.00000000000000e+00	1.51950647080709e-02,0.00000000000000e+00
5.45795556561595e+06	1.51802770243957e-02,0.00000000000000e+00	9.87829717055067e-05,0.00000000000000e+00	9.87829717055067e-05,0.00000000000000e+00	1.51802770243946e-02,0.00000000000000e+00
5.47053745261330e+06	1.51654644798295e-02,0.00000000000000e+00	9.88175520704756e-05,0.00000000000000e+00	9.88175520704756e-05,0.00000000000000e+00	1.51654644798289e-02,0.00000000000000e+00
5.48314834385564e+06	1.51506271478127e-02,0.00000000000000e+00	9.88516324196025e-05,0.00000000000000e+00	9.88516324196025e-05,0.00000000000000e+00	1.51506271478136e-02,0.00000000000000e+00
5.49578830620467e+06	1.51357651023891e-02,0.00000000000000e+00	9.88852118739690e-05,0.00000000000000e+00	9.88852118739690e-05,0.00000000000000e+00	1.51357651023899e-02,0.00000000000000e+00
5.50845740667620e+06	1.51208784181655e-02,0.00000000000000e+00	9.89182895667362e-05,0.00000000000000e+00	9.89182895667362e-05,0.00000000000000e+00	1.51208784181666e-02,0.00000000000000e+00
5.52115571244056e+06	1.51059671703550e-02,0.00000000000000e+00	9.89508646434224e-05,0.00000000000000e+00	9.89508646434224e-05,0.00000000000000e+00	1.51059671703535e-02,0.00000000000000e+00
5.53388329082289e+06	1.50910314347382e-02,0.00000000000000e+00	9.89829362618373e-05,0.00000000000000e+00	9.89829362618373e-05,0.00000000000000e+00	1.50910314347407e-02,0.00000000000000e+00
5.54664020930355e+06	1.50760712876914e-02,0.00000000000000e+00	9.90145035920884e-05,0.00000000000000e+00	9.90145035920884e-05,0.00000000000000e+00	1.50760712876907e-02,0.00000000000000e+00
5.55942653551845e+06	1.50610868061643e-02,0.00000000000000e+00	9.90455658168144e-05,0.00000000000000e+00	9.90455658168144e-05,0.00000000000000e+00	1.50610868061644e-02,0.00000000000000e+00
5.57224233725941e+06	1.50460780676839e-02,0.00000000000000e+00	9.90761221310088e-05,0.00000000000000e+00	9.90761221310088e-05,0.00000000000000e+00	1.50460780676844e-02,0.00000000000000e+00
5.58508768247454e+06	1.50310451503590e-02,0.00000000000000e+00	9.91061717422376e-05,0.00000000000000e+00	9.91061717422376e-05,0.00000000000000e+00	1.50310451503589e-02,0.00000000000000e+00
5.59796263926859e+06	1.50159881328716e-02,0.00000000000000e+00	9.91357138706275e-05,0.00000000000000e+00	9.91357138706275e-05,0.00000000000000e+00	1.50159881328711e-02,0.00000000000000e+00
5.61086727590329e+06	1.50009070944833e-02,0.00000000000000e+00	9.91647477489460e-05,0.00000000000000e+00	9.91647477489460e-05,0.00000000000000e+00	1.50009070944815e-02,0.00000000000000e+00
5.62380166079775e+06	1.49858021150128e-02,0.00000000000000e+00	9.91932726225724e-05,0.00000000000000e+00	9.91932726225724e-05,0.00000000000000e+00	1.49858021150149e-02,0.00000000000000e+00
5.63676586252877e+06	1.49706732748658e-02,0.00000000000000e+00	9.92212877496065e-05,0.00000000000000e+00	9.92212877496065e-05,0.00000000000000e+00	1.49706732748676e-02,0.00000000000000e+00
5.64975994983128e+06	1.49555206550115e-02,0.00000000000000e+00	9.92487924009463e-05,0.00000000000000e+00	9.92487924009463e-05,0.00000000000000e+00	1.49555206550103e-02,0.00000000000000e+00
5.66278399159862e+06	1.49403443369741e-02,0.00000000000000e+00	9.92757858602412e-05,0.00000000000000e+00	9.92757858602412e-05,0.00000000000000e+00	1.49403443369723e-02,0.00000000000000e+00
5.67583805688298e+06	1.49251444028578e-02,0.00000000000000e+00	9.93022674240611e-05,0.00000000000000e+00	9.93022674240611e-05,0.00000000000000e+00	1.49251444028582e-02,0.00000000000000e+00
5.68892221489569e+06	1.49099209353197e-02,0.00000000000000e+00	9.93282364017694e-05,0.00000000000000e+00	9.93282364017695e-05,0.00000000000000e+00	1.49099209353200e-02,0.00000000000000e+00
5.70203653500768e+06	1.48946740175818e-02,0.00000000000000e+00	9.93536921157539e-05,0.00000000000000e+00	9.93536921157539e-05,0.00000000000000e+00	1.48946740175835e-02,0.00000000000000e+00
5.71518108674975e+06	1.48794037334273e-02,0.00000000000000e+00	9.93786339013446e-05,0.00000000000000e+00	9.93786339013446e-05,0.00000000000000e+00	1.48794037334274e-02,0.00000000000000e+00
5.72835593981302e+06	1.48641101671869e-02,0.00000000000000e+00	9.94030611068869e-05,0.00000000000000e+00	9.94030611068869e-05,0.00000000000000e+00	1.48641101671860e-02,0.00000000000000e+00
5.74156116404924e+06	1.48487934037484e-02,0.00000000000000e+00	9.94269730937985e-05,0.00000000000000e+00	9.94269730937985e-05,0.00000000000000e+00	1.48487934037491e-02,0.00000000000000e+00
5.75479682947120e+06	1.48334535285657e-02,0.00000000000000e+00	9.94503692366417e-05,0.00000000000000e+00	9.94503692366417e-05,0.00000000000000e+00	1.48334535285652e-02,0.00000000000000e+00
5.76806300625307e+06	1.48180906276119e-02,0.00000000000000e+00	9.94732489229724e-05,0.00000000000000e+00	9.94732489229724e-05,0.00000000000000e+00	1.48180906276105e-02,0.00000000000000e+00
5.78135976473081e+06	1.48027047874491e-02,0.00000000000000e+00	9.94956115537924e-05,0.00000000000000e+00	9.94956115537924e-05,0.00000000000000e+00	1.48027047874483e-02,0.00000000000000e+00
5.79468717540250e+06	1.47872960951462e-02,0.00000000000000e+00	9.95174565430463e-05,0.00000000000000e+00	9.95174565430463e-05,0.00000000000000e+00	1.47872960951464e-02,0.00000000000000e+00
5.80804530892876e+06	1.47718646383377e-02,0.00000000000000e+00	9.95387833180885e-05,0.00000000000000e+00	9.95387833180885e-05,0.00000000000000e+00	1.47718646383389e-02,0.00000000000000e+00
5.82143423613307e+06	1.47564105051988e-02,0.00000000000000e+00	9.95595913195447e-05,0.00000000000000e+00	9.95595913195447e-05,0.00000000000000e+00	1.47564105051974e-02,0.00000000000000e+00
5.83485402800219e+06	1.47409337844360e-02,0.00000000000000e+00	9.95798800013954e-05,0.00000000000000e+00	9.95798800013954e-05,0.00000000000000e+00	1.47409337844364e-02,0.00000000000000e+00
5.84830475568653e+06	1.47254345652948e-02,0.00000000000000e+00	9.95996488309142e-05,0.00000000000000e+00	9.95996488309142e-05,0.00000000000000e+00	1.47254345652961e-02,0.00000000000000e+00
5.86178649050050e+06	1.47099129375589e-02,0.00000000000000e+00	9.96188972888140e-05,0.00000000000000e+00	9.96188972888140e-05,0.00000000000000e+00	1.47099129375572e-02,0.00000000000000e+00
5.87529930392291e+06	1.46943689915277e-02,0.00000000000000e+00	9.96376248692156e-05,0.00000000000000e+00	9.96376248692156e-05,0.00000000000000e+00	1.46943689915285e-02,0.00000000000000e+00
5.88884326759738e+06	1.46788028180565e-02,0.00000000000000e+00	9.96558310797456e-05,0.00000000000000e+00	9.96558310797456e-05,0.00000000000000e+00	1.46788028180541e-02,0.00000000000000e+00
5.90241845333262e+06	1.46632145085017e-02,0.00000000000000e+00	9.96735154415019e-05,0.00000000000000e+00	9.96735154415019e-05,0.00000000000000e+00	1.46632145085018e-02,0.00000000000000e+00
5.91602493310294e+06	1.46476041547621e-02,0.00000000000000e+00	9.96906774891010e-05,0.00000000000000e+00	9.96906774891011e-05,0.00000000000000e+00	1.46476041547624e-02,0.00000000000000e+00
5.92966277904854e+06	1.46319718492483e-02,0.00000000000000e+00	9.97073167707243e-05,0.00000000000000e+00	9.97073167707243e-05,0.00000000000000e+00	1.46319718492498e-02,0.00000000000000e+00
5.94333206347590e+06	1.46163176848950e-02,0.00000000000000e+00	9.97234328481298e-05,0.00000000000000e+00	9.97234328481298e-05,0.00000000000000e+00	1.46163176848961e-02,0.00000000000000e+00
5.95703285885823e+06	1.46006417551526e-02,0.00000000000000e+00	9.97390252967138e-05,0.00000000000000e+00	9.97390252967138e-05,0.00000000000000e+00	1.46006417551536e-02,0.00000000000000e+00
5.97076523783577e+06	1.45849441539876e-02,0.00000000000000e+00	9.97540937055052e-05,0.00000000000000e+00	9.97540937055052e-05,0.00000000000000e+00	1.45849441539878e-02,0.00000000000000e+00
5.98452927321623e+06	1.45692249758640e-02,0.00000000000000e+00	9.97686376771248e-05,0.00000000000000e+00	9.97686376771248e-05,0.00000000000000e+00	1.45692249758645e-02,0.00000000000000e+00
5.99832503797515e+06	1.45534843157699e-02,0.00000000000000e+00	9.97826568279770e-05,0.00000000000000e+00	9.97826568279770e-05,0.00000000000000e+00	1.45534843157714e-02,0.00000000000000e+00
6.01215260525631e+06	1.45377222691991e-02,0.00000000000000e+00	9.97961507881584e-05,0.00000000000000e+00	9.97961507881584e-05,0.00000000000000e+00	1.45377222691990e-02,0.00000000000000e+00
6.02601204837209e+06	1.45219389321466e-02,0.00000000000000e+00	9.98091192015311e-05,0.00000000000000e+00	9.98091192015311e-05,0.00000000000000e+00	1.45219389321444e-02,0.00000000000000e+00
6.03990344080388e+06	1.45061344010873e-02,0.00000000000000e+00	9.98215617255952e-05,0.00000000000000e+00	9.98215617255952e-05,0.00000000000000e+00	1.45061344010871e-02,0.00000000000000e+00
6.05382685620246e+06	1.44903087730273e-02,0.00000000000000e+00	9.98334780317955e-05,0.00000000000000e+00	9.98334780317955e-05,0.00000000000000e+00	1.44903087730272e-02,0.00000000000000e+00
6.06778236838838e+06	1.44744621454491e-02,0.00000000000000e+00	9.98448678053078e-05,0.00000000000000e+00	9.98448678053079e-05,0.00000000000000e+00	1.44744621454490e-02,0.00000000000000e+00
6.08177005135240e+06	1.44585946163266e-02,0.00000000000000e+00	9.98557307451262e-05,0.00000000000000e+00	9.98557307451262e-05,0.00000000000000e+00	1.44585946163271e-02,0.00000000000000e+00
6.09578997925581e+06	1.44427062841307e-02,0.00000000000000e+00	9.98660665641163e-05,0.00000000000000e+00	9.98660665641163e-05,0.00000000000000e+00	1.44427062841294e-02,0.00000000000000e+00
6.10984222643087e+06	1.44267972478014e-02,0.00000000000000e+00	9.98758749889657e-05,0.00000000000000e+00	9.98758749889657e-05,0.00000000000000e+00	1.44267972478033e-02,0.00000000000000e+00
6.12392686738120e+06	1.44108676067907e-02,0.00000000000000e+00	9.98851557603207e-05,0.00000000000000e+00	9.98851557603207e-05,0.00000000000000e+00	1.44108676067906e-02,0.00000000000000e+00
6.13804397678216e+06	1.43949174610053e-02,0.00000000000000e+00	9.98939086326670e-05,0.00000000000000e+00	9.98939086326670e-05,0.00000000000000e+00	1.43949174610049e-02,0.00000000000000e+00
6.15219362948126e+06	1.43789469108382e-02,0.00000000000000e+00	9.99021333744132e-05,0.00000000000000e+00	9.99021333744132e-05,0.00000000000000e+00	1.43789469108381e-02,0.00000000000000e+00
6.16637590049855e+06	1.43629560571496e-02,0.00000000000000e+00	9.99098297678546e-05,0.00000000000000e+00	9.99098297678546e-05,0.00000000000000e+00	1.43629560571500e-02,0.00000000000000e+00
6.18059086502702e+06	1.43469450012854e-02,0.00000000000000e+00	9.99169976093242e-05,0.00000000000000e+00	9.99169976093242e-05,0.00000000000000e+00	1.43469450012851e-02,0.00000000000000e+00
6.19483859843300e+06	1.43309138450522e-02,0.00000000000000e+00	9.99236367090860e-05,0.00000000000000e+00	9.99236367090860e-05,0.00000000000000e+00	1.43309138450523e-02,0.00000000000000e+00
6.20911917625655e+06	1.43148626907164e-02,0.00000000000000e+00	9.99297468913127e-05,0.00000000000000e+00	9.99297468913127e-05,0.00000000000000e+00	1.43148626907168e-02,0.00000000000000e+00
6.22343267421187e+06	1.42987916410094e-02,0.00000000000000e+00	9.99353279941826e-05,0.00000000000000e+00	9.99353279941826e-05,0.00000000000000e+00	1.42987916410089e-02,0.00000000000000e+00
6.23777916818771e+06	1.42827007991265e-02,0.00000000000000e+00	9.99403798699253e-05,0.00000000000000e+00	9.99403798699253e-05,0.00000000000000e+00	1.42827007991266e-02,0.00000000000000e+00
6.25215873424775e+06	1.42665902687027e-02,0.00000000000000e+00	9.99449023846227e-05,0.00000000000000e+00	9.99449023846228e-05,0.00000000000000e+00	1.42665902687017e-02,0.00000000000000e+00
6.26657144863101e+06	1.42504601538520e-02,0.00000000000000e+00	9.99488954186005e-05,0.00000000000000e+00	9.99488954186005e-05,0.00000000000000e+00	1.42504601538521e-02,0.00000000000000e+00
6.28101738775227e+06	1.42343105591045e-02,0.00000000000000e+00	9.99523588659302e-05,0.00000000000000e+00	9.99523588659302e-05,0.00000000000000e+00	1.42343105591059e-02,0.00000000000000e+00
6.29549662820246e+06	1.42181415894703e-02,0.00000000000000e+00	9.99552926349425e-05,0.00000000000000e+00	9.99552926349425e-05,0.00000000000000e+00	1.42181415894702e-02,0.00000000000000e+00
6.31000924674909e+06	1.42019533503714e-02,0.00000000000000e+00	9.99576966478305e-05,0.00000000000000e+00	9.99576966478305e-05,0.00000000000000e+00	1.42019533503710e-02,0.00000000000000e+00
6.32455532033659e+06	1.41857459476865e-02,0.00000000000000e+00	9.99595708409359e-05,0.00000000000000e+00	9.99595708409359e-05,0.00000000000000e+00	1.41857459476895e-02,0.00000000000000e+00
6.33913492608681e+06	1.41695194877244e-02,0.00000000000000e+00	9.99609151645233e-05,0.00000000000000e+00	9.99609151645234e-05,0.00000000000000e+00	1.41695194877261e-02,0.00000000000000e+00
6.35374814129937e+06	1.41532740772300e-02,0.00000000000000e+00	9.99617295830140e-05,0.00000000000000e+00	9.99617295830140e-05,0.00000000000000e+00	1.41532740772298e-02,0.00000000000000e+00
6.36839504345208e+06	1.41370098233700e-02,0.00000000000000e+00	9.99620140748102e-05,0.00000000000000e+00	9.99620140748102e-05,0.00000000000000e+00	1.41370098233698e-02,0.00000000000000e+00
6.38307571020135e+06	1.41207268337462e-02,0.00000000000000e+00	9.99617686323862e-05,0.00000000000000e+00	9.99617686323862e-05,0.00000000000000e+00	1.41207268337444e-02,0.00000000000000e+00
6.39779021938262e+06	1.41044252163661e-02,0.00000000000000e+00	9.99609932622168e-05,0.00000000000000e+00	9.99609932622168e-05,0.00000000000000e+00	1.41044252163676e-02,0.00000000000000e+00
6.41253864901076e+06	1.40881050796817e-02,0.00000000000000e+00	9.99596879848840e-05,0.00000000000000e+00	9.99596879848840e-05,0.00000000000000e+00	1.40881050796805e-02,0.00000000000000e+00
6.42732107728046e+06	1.40717665325283e-02,0.00000000000000e+00	9.99578528349330e-05,0.00000000000000e+00	9.99578528349330e-05,0.00000000000000e+00	1.40717665325283e-02,0.00000000000000e+00
6.44213758256669e+06	1.40554096841762e-02,0.00000000000000e+00	9.99554878610123e-05,0.00000000000000e+00	9.99554878610123e-05,0.00000000000000e+00	1.40554096841762e-02,0.00000000000000e+00
6.45698824342510e+06	1.40390346443085e-02,0.00000000000000e+00	9.99525931258900e-05,0.00000000000000e+00	9.99525931258900e-05,0.00000000000000e+00	1.40390346443086e-02,0.00000000000000e+00
6.47187313859239e+06	1.40226415229860e-02,0.00000000000000e+00	9.99491687061430e-05,0.00000000000000e+00	9.99491687061430e-05,0.00000000000000e+00	1.40226415229831e-02,0.00000000000000e+00
6.48679234698681e+06	1.40062304306841e-02,0.00000000000000e+00	9.99452146925840e-05,0.00000000000000e+00	9.99452146925840e-05,0.00000000000000e+00	1.40062304306868e-02,0.00000000000000e+00
6.50174594770851e+06	1.39898014782941e-02,0.00000000000000e+00	9.99407311899678e-05,0.00000000000000e+00	9.99407311899678e-05,0.00000000000000e+00	1.39898014782927e-02,0.00000000000000e+00
6.51673402004000e+06	1.39733547770695e-02,0.00000000000000e+00	9.99357183170743e-05,0.00000000000000e+00	9.99357183170743e-05,0.00000000000000e+00	1.39733547770687e-02,0.00000000000000e+00
6.53175664344654e+06	1.39568904386661e-02,0.00000000000000e+00	9.99301762066284e-05,0.00000000000000e+00	9.99301762066284e-05,0.00000000000000e+00	1.39568904386636e-02,0.00000000000000e+00
6.54681389757658e+06	1.39404085751410e-02,0.00000000000000e+00	9.99241050055455e-05,0.00000000000000e+00	9.99241050055455e-05,0.00000000000000e+00	1.39404085751391e-02,0.00000000000000e+00
6.56190586226220e+06	1.39239092989051e-02,0.00000000000000e+00	9.99175048744858e-05,0.00000000000000e+00	9.99175048744858e-05,0.00000000000000e+00	1.39239092989051e-02,0.00000000000000e+00
6.57703261751948e+06	1.39073927227747e-02,0.00000000000000e+00	9.99103759882623e-05,0.00000000000000e+00	9.99103759882623e-05,0.00000000000000e+00	1.39073927227745e-02,0.00000000000000e+00
6.59219424354897e+06	1.38908589599272e-02,0.00000000000000e+00	9.99027185355928e-05,0.00000000000000e+00	9.99027185355929e-05,0.00000000000000e+00	1.38908589599263e-02,0.00000000000000e+00
6.60739082073611e+06	1.38743081239183e-02,0.00000000000000e+00	9.98945327191974e-05,0.00000000000000e+00	9.98945327191975e-05,0.00000000000000e+00	1.38743081239174e-02,0.00000000000000e+00
6.62262242965164e+06	1.38577403286647e-02,0.00000000000000e+00	9.98858187556750e-05,0.00000000000000e+00	9.98858187556750e-05,0.00000000000000e+00	1.38577403286630e-02,0.00000000000000e+00
6.63788915105202e+06	1.38411556884448e-02,0.00000000000000e+00	9.98765768755626e-05,0.00000000000000e+00	9.98765768755626e-05,0.00000000000000e+00	1.38411556884433e-02,0.00000000000000e+00
6.65319106587990e+06	1.38245543179156e-02,0.00000000000000e+00	9.98668073234503e-05,0.00000000000000e+00	9.98668073234503e-05,0.00000000000000e+00	1.38245543179180e-02,0.00000000000000e+00
6.66852825526451e+06	1.38079363320668e-02,0.00000000000000e+00	9.98565103575585e-05,0.00000000000000e+00	9.98565103575585e-05,0.00000000000000e+00	1.38079363320653e-02,0.00000000000000e+00
6.68390080052210e+06	1.37913018462526e-02,0.00000000000000e+00	9.98456862502388e-05,0.00000000000000e+00	9.98456862502389e-05,0.00000000000000e+00	1.37913018462505e-02,0.00000000000000e+00
6.69930878315637e+06	1.37746509761688e-02,0.00000000000000e+00	9.98343352875872e-05,0.00000000000000e+00	9.98343352875872e-05,0.00000000000000e+00	1.37746509761705e-02,0.00000000000000e+00
6.71475228485890e+06	1.37579838378757e-02,0.00000000000000e+00	9.98224577695913e-05,0.00000000000000e+00	9.98224577695913e-05,0.00000000000000e+00	1.37579838378731e-02,0.00000000000000e+00
6.73023138750963e+06	1.37413005477442e-02,0.00000000000000e+00	9.98100540100749e-05,0.00000000000000e+00	9.98100540100749e-05,0.00000000000000e+00	1.37413005477479e-02,0.00000000000000e+00
6.74574617317719e+06	1.37246012225065e-02,0.00000000000000e+00	9.97971243365834e-05,0.00000000000000e+00	9.97971243365834e-05,0.00000000000000e+00	1.37246012225096e-02,0.00000000000000e+00
6.76129672411944e+06	1.37078859792263e-02,0.00000000000000e+00	9.97836690905879e-05,0.00000000000000e+00	9.97836690905879e-05,0.00000000000000e+00	1.37078859792250e-02,0.00000000000000e+00
6.77688312278386e+06	1.36911549352687e-02,0.00000000000000e+00	9.97696886271816e-05,0.00000000000000e+00	9.97696886271816e-05,0.00000000000000e+00	1.36911549352701e-02,0.00000000000000e+00
6.79250545180798e+06	1.36744082083565e-02,0.00000000000000e+00	9.97551833152825e-05,0.00000000000000e+00	9.97551833152825e-05,0.00000000000000e+00	1.36744082083574e-02,0.00000000000000e+00
6.80816379401982e+06	1.36576459165148e-02,0.00000000000000e+00	9.97401535374776e-05,0.00000000000000e+00	9.97401535374776e-05,0.00000000000000e+00	1.36576459165138e-02,0.00000000000000e+00
6.82385823243838e+06	1.36408681780977e-02,0.00000000000000e+00	9.97245996901499e-05,0.00000000000000e+00	9.97245996901499e-05,0.00000000000000e+00	1.36408681780969e-02,0.00000000000000e+00
6.83958885027398e+06	1.36240751117527e-02,0.00000000000000e+00	9.97085221831876e-05,0.00000000000000e+00	9.97085221831876e-05,0.00000000000000e+00	1.36240751117553e-02,0.00000000000000e+00
6.85535573092881e+06	1.36072668364788e-02,0.00000000000000e+00	9.96919214403371e-05,0.00000000000000e+00	9.96919214403371e-05,0.00000000000000e+00	1.36072668364760e-02,0.00000000000000e+00
6.87115895799730e+06	1.35904434715139e-02,0.00000000000000e+00	9.96747978986819e-05,0.00000000000000e+00	9.96747978986819e-05,0.00000000000000e+00	1.35904434715130e-02,0.00000000000000e+00
6.88699861526657e+06	1.35736051364611e-02,0.00000000000000e+00	9.96571520091854e-05,0.00000000000000e+00	9.96571520091854e-05,0.00000000000000e+00	1.35736051364612e-02,0.00000000000000e+00
6.90287478671693e+06	1.35567519511803e-02,0.00000000000000e+00	9.96389842361284e-05,0.00000000000000e+00	9.96389842361284e-05,0.00000000000000e+00	1.35567519511794e-02,0.00000000000000e+00
6.91878755652224e+06	1.35398840358257e-02,0.00000000000000e+00	9.96202950573842e-05,0.00000000000000e+00	9.96202950573842e-05,0.00000000000000e+00	1.35398840358280e-02,0.00000000000000e+00
6.93473700905043e+06	1.35230015108815e-02,0.00000000000000e+00	9.96010849645037e-05,0.00000000000000e+00	9.96010849645037e-05,0.00000000000000e+00	1.35230015108804e-02,0.00000000000000e+00
6.95072322886392e+06	1.35061044970580e-02,0.00000000000000e+00	9.95813544622622e-05,0.00000000000000e+00	9.95813544622622e-05,0.00000000000000e+00	1.35061044970615e-02,0.00000000000000e+00
6.96674630072003e+06	1.34891931153803e-02,0.00000000000000e+00	9.95611040688951e-05,0.00000000000000e+00	9.95611040688951e-05,0.00000000000000e+00	1.34891931153803e-02,0.00000000000000e+00
6.98280630957152e+06	1.34722674871564e-02,0.00000000000000e+00	9.95403343162770e-05,0.00000000000000e+00	9.95403343162770e-05,0.00000000000000e+00	1.34722674871542e-02,0.00000000000000e+00
6.99890334056694e+06	1.34553277339304e-02,0.00000000000000e+00	9.95190457493295e-05,0.00000000000000e+00	9.95190457493295e-05,0.00000000000000e+00	1.34553277339292e-02,0.00000000000000e+00
7.01503747905116e+06	1.34383739775427e-02,0.00000000000000e+00	9.94972389264865e-05,0.00000000000000e+00	9.94972389264866e-05,0.00000000000000e+00	1.34383739775437e-02,0.00000000000000e+00
7.03120881056576e+06	1.34214063401020e-02,0.00000000000000e+00	9.94749144195061e-05,0.00000000000000e+00	9.94749144195062e-05,0.00000000000000e+00	1.34214063401034e-02,0.00000000000000e+00
7.04741742084954e+06	1.34044249439625e-02,0.00000000000000e+00	9.94520728132972e-05,0.00000000000000e+00	9.94520728132972e-05,0.00000000000000e+00	1.34044249439588e-02,0.00000000000000e+00
7.06366339583893e+06	1.33874299117239e-02,0.00000000000000e+00	9.94287147060376e-05,0.00000000000000e+00	9.94287147060376e-05,0.00000000000000e+00	1.33874299117218e-02,0.00000000000000e+00
7.07994682166849e+06	1.33704213662614e-02,0.00000000000000e+00	9.94048407091365e-05,0.00000000000000e+00	9.94048407091365e-05,0.00000000000000e+00	1.33704213662617e-02,0.00000000000000e+00
7.09626778467130e+06	1.33533994306818e-02,0.00000000000000e+00	9.93804514470591e-05,0.00000000000000e+00	9.93804514470591e-05,0.00000000000000e+00	1.33533994306823e-02,0.00000000000000e+00
7.11262637137950e+06	1.33363642283292e-02,0.00000000000000e+00	9.93555475573838e-05,0.00000000000000e+00	9.93555475573838e-05,0.00000000000000e+00	1.33363642283313e-02,0.00000000000000e+00
7.12902266852468e+06	1.33193158828193e-02,0.00000000000000e+00	9.93301296909195e-05,0.00000000000000e+00	9.93301296909195e-05,0.00000000000000e+00	1.33193158828164e-02,0.00000000000000e+00
7.14545676303837e+06	1.33022545179509e-02,0.00000000000000e+00	9.93041985112717e-05,0.00000000000000e+00	9.93041985112717e-05,0.00000000000000e+00	1.33022545179491e-02,0.00000000000000e+00
7.16192874205251e+06	1.32851802577838e-02,0.00000000000000e+00	9.92777546951537e-05,0.00000000000000e+00	9.92777546951537e-05,0.00000000000000e+00	1.32851802577874e-02,0.00000000000000e+00
7.17843869289989e+06	1.32680932266094e-02,0.00000000000000e+00	9.92507989321867e-05,0.00000000000000e+00	9.92507989321867e-05,0.00000000000000e+00	1.32680932266105e-02,0.00000000000000e+00
7.19498670311463e+06	1.32509935489358e-02,0.00000000000000e+00	9.92233319249944e-05,0.00000000000000e+00	9.92233319249944e-05,0.00000000000000e+00	1.32509935489330e-02,0.00000000000000e+00
7.21157286043263e+06	1.32338813494541e-02,0.00000000000000e+00	9.91953543888034e-05,0.00000000000000e+00	9.91953543888034e-05,0.00000000000000e+00	1.32338813494534e-02,0.00000000000000e+00
7.22819725279205e+06	1.32167567531174e-02,0.00000000000000e+00	9.91668670519108e-05,0.00000000000000e+00	9.91668670519108e-05,0.00000000000000e+00	1.32167567531180e-02,0.00000000000000e+00
7.24485996833376e+06	1.31996198850560e-02,0.00000000000000e+00	9.91378706551847e-05,0.00000000000000e+00	9.91378706551847e-05,0.00000000000000e+00	1.31996198850559e-02,0.00000000000000e+00
7.26156109540181e+06	1.31824708706245e-02,0.00000000000000e+00	9.91083659523535e-05,0.00000000000000e+00	9.91083659523535e-05,0.00000000000000e+00	1.31824708706201e-02,0.00000000000000e+00
7.27830072254392e+06	1.31653098353482e-02,0.00000000000000e+00	9.90783537097010e-05,0.00000000000000e+00	9.90783537097010e-05,0.00000000000000e+00	1.31653098353482e-02,0.00000000000000e+00
7.29507893851194e+06	1.31481369049863e-02,0.00000000000000e+00	9.90478347062164e-05,0.00000000000000e+00	9.90478347062164e-05,0.00000000000000e+00	1.31481369049847e-02,0.00000000000000e+00
7.31189583226228e+06	1.31309522054547e-02,0.00000000000000e+00	9.90168097333871e-05,0.00000000000000e+00	9.90168097333871e-05,0.00000000000000e+00	1.31309522054558e-02,0.00000000000000e+00
7.32875149295644e+06	1.31137558628823e-02,0.00000000000000e+00	9.89852795952476e-05,0.00000000000000e+00	9.89852795952476e-05,0.00000000000000e+00	1.31137558628780e-02,0.00000000000000e+00
7.34564600996147e+06	1.30965480035564e-02,0.00000000000000e+00	9.89532451083503e-05,0.00000000000000e+00	9.89532451083503e-05,0.00000000000000e+00	1.30965480035564e-02,0.00000000000000e+00
7.36257947285041e+06	1.30793287539599e-02,0.00000000000000e+00	9.89207071015537e-05,0.00000000000000e+00	9.89207071015537e-05,0.00000000000000e+00	1.30793287539592e-02,0.00000000000000e+00
7.37955197140278e+06	1.30620982407411e-02,0.00000000000000e+00	9.88876664161909e-05,0.00000000000000e+00	9.88876664161909e-05,0.00000000000000e+00	1.30620982407426e-02,0.00000000000000e+00
7.39656359560510e+06	1.30448565907360e-02,0.00000000000000e+00	9.88541239059376e-05,0.00000000000000e+00	9.88541239059376e-05,0.00000000000000e+00	1.30448565907359e-02,0.00000000000000e+00
7.41361443565130e+06	1.30276039309050e-02,0.00000000000000e+00	9.88200804365169e-05,0.00000000000000e+00	9.88200804365169e-05,0.00000000000000e+00	1.30276039309049e-02,0.00000000000000e+00
7.43070458194323e+06	1.30103403884143e-02,0.00000000000000e+00	9.87855368861491e-05,0.00000000000000e+00	9.87855368861491e-05,0.00000000000000e+00	1.30103403884144e-02,0.00000000000000e+00
7.44783412509114e+06	1.29930660905493e-02,0.00000000000000e+00	9.87504941449524e-05,0.00000000000000e+00	9.87504941449524e-05,0.00000000000000e+00	1.29930660905515e-02,0.00000000000000e+00
7.46500315591418e+06	1.29757811647865e-02,0.00000000000000e+00	9.87149531153932e-05,0.00000000000000e+00	9.87149531153932e-05,0.00000000000000e+00	1.29757811647886e-02,0.00000000000000e+00
7.48221176544084e+06	1.29584857387083e-02,0.00000000000000e+00	9.86789147117033e-05,0.00000000000000e+00	9.86789147117033e-05,0.00000000000000e+00	1.29584857387088e-02,0.00000000000000e+00
7.49946004490944e+06	1.29411799400779e-02,0.00000000000000e+00	9.86423798603914e-05,0.00000000000000e+00	9.86423798603914e-05,0.00000000000000e+00	1.29411799400770e-02,0.00000000000000e+00
7.51674808576865e+06	1.29238638967569e-02,0.00000000000000e+00	9.86053494995966e-05,0.00000000000000e+00	9.86053494995966e-05,0.00000000000000e+00	1.29238638967575e-02,0.00000000000000e+00
7.53407597967795e+06	1.29065377367853e-02,0.00000000000000e+00	9.85678245796001e-05,0.00000000000000e+00	9.85678245796001e-05,0.00000000000000e+00	1.29065377367849e-02,0.00000000000000e+00
7.55144381850809e+06	1.28892015882908e-02,0.00000000000000e+00	9.85298060622774e-05,0.00000000000000e+00	9.85298060622774e-05,0.00000000000000e+00	1.28892015882950e-02,0.00000000000000e+00
7.56885169434163e+06	1.28718555795710e-02,0.00000000000000e+00	9.84912949214069e-05,0.00000000000000e+00	9.84912949214069e-05,0.00000000000000e+00	1.28718555795694e-02,0.00000000000000e+00
7.58629969947340e+06	1.28544998390069e-02,0.00000000000000e+00	9.84522921424255e-05,0.00000000000000e+00	9.84522921424255e-05,0.00000000000000e+00	1.28544998390060e-02,0.00000000000000e+00
7.60378792641099e+06	1.28371344951089e-02,0.00000000000000e+00	9.84127987223275e-05,0.00000000000000e+00	9.84127987223275e-05,0.00000000000000e+00	1.28371344951102e-02,0.00000000000000e+00
7.62131646787522e+06	1.28197596765098e-02,0.00000000000000e+00	9.83728156697464e-05,0.00000000000000e+00	9.83728156697464e-05,0.00000000000000e+00	1.28197596765087e-02,0.00000000000000e+00
7.63888541680069e+06	1.28023755119437e-02,0.00000000000000e+00	9.83323440048735e-05,0.00000000000000e+00	9.83323440048735e-05,0.00000000000000e+00	1.28023755119426e-02,0.00000000000000e+00
7.65649486633621e+06	1.27849821302362e-02,0.00000000000000e+00	9.82913847591892e-05,0.00000000000000e+00	9.82913847591892e-05,0.00000000000000e+00	1.27849821302361e-02,0.00000000000000e+00
7.67414490984534e+06	1.27675796603353e-02,0.00000000000000e+00	9.82499389757499e-05,0.00000000000000e+00	9.82499389757499e-05,0.00000000000000e+00	1.27675796603380e-02,0.00000000000000e+00
7.69183564090683e+06	1.27501682312705e-02,0.00000000000000e+00	9.82080077087539e-05,0.00000000000000e+00	9.82080077087539e-05,0.00000000000000e+00	1.27501682312687e-02,0.00000000000000e+00
7.70956715331519e+06	1.27327479721586e-02,0.00000000000000e+00	9.81655920237863e-05,0.00000000000000e+00	9.81655920237863e-05,0.00000000000000e+00	1.27327479721562e-02,0.00000000000000e+00
7.72733954108114e+06	1.27153190122075e-02,0.00000000000000e+00	9.81226929975685e-05,0.00000000000000e+00	9.81226929975685e-05,0.00000000000000e+00	1.27153190122079e-02,0.00000000000000e+00
7.74515289843210e+06	1.26978814807111e-02,0.00000000000000e+00	9.80793117179341e-05,0.00000000000000e+00	9.80793117179341e-05,0.00000000000000e+00	1.26978814807107e-02,0.00000000000000e+00
7.76300731981272e+06	1.26804355070415e-02,0.00000000000000e+00	9.80354492838671e-05,0.00000000000000e+00	9.80354492838671e-05,0.00000000000000e+00	1.26804355070411e-02,0.00000000000000e+00
7.78090289988537e+06	1.26629812206337e-02,0.00000000000000e+00	9.79911068052269e-05,0.00000000000000e+00	9.79911068052269e-05,0.00000000000000e+00	1.26629812206333e-02,0.00000000000000e+00
7.79883973353062e+06	1.26455187509969e-02,0.00000000000000e+00	9.79462854028273e-05,0.00000000000000e+00	9.79462854028273e-05,0.00000000000000e+00	1.26455187509939e-02,0.00000000000000e+00
7.81681791584779e+06	1.26280482277076e-02,0.00000000000000e+00	9.79009862084317e-05,0.00000000000000e+00	9.79009862084317e-05,0.00000000000000e+00	1.26280482277054e-02,0.00000000000000e+00
7.83483754215541e+06	1.26105697803980e-02,0.00000000000000e+00	9.78552103644965e-05,0.00000000000000e+00	9.78552103644965e-05,0.00000000000000e+00	1.26105697803980e-02,0.00000000000000e+00
7.85289870799175e+06	1.25930835387604e-02,0.00000000000000e+00	9.78089590242074e-05,0.00000000000000e+00	9.78089590242074e-05,0.00000000000000e+00	1.25930835387583e-02,0.00000000000000e+00
7.87100150911530e+06	1.25755896325301e-02,0.00000000000000e+00	9.77622333514520e-05,0.00000000000000e+00	9.77622333514520e-05,0.00000000000000e+00	1.25755896325306e-02,0.00000000000000e+00
7.88914604150532e+06	1.25580881915086e-02,0.00000000000000e+00	9.77150345207079e-05,0.00000000000000e+00	9.77150345207079e-05,0.00000000000000e+00	1.25580881915069e-02,0.00000000000000e+00
7.90733240136231e+06	1.25405793455092e-02,0.00000000000000e+00	9.76673637168679e-05,0.00000000000000e+00	9.76673637168679e-05,0.00000000000000e+00	1.25405793455095e-02,0.00000000000000e+00
7.92556068510854e+06	1.25230632244225e-02,0.00000000000000e+00	9.76192221354423e-05,0.00000000000000e+00	9.76192221354423e-05,0.00000000000000e+00	1.25230632244214e-02,0.00000000000000e+00
7.94383098938855e+06	1.25055399581329e-02,0.00000000000000e+00	9.75706109821087e-05,0.00000000000000e+00	9.75706109821087e-05,0.00000000000000e+00	1.25055399581334e-02,0.00000000000000e+00
7.96214341106969e+06	1.24880096765874e-02,0.00000000000000e+00	9.75215314729986e-05,0.00000000000000e+00	9.75215314729986e-05,0.00000000000000e+00	1.24880096765859e-02,0.00000000000000e+00
7.98049804724259e+06	1.24704725097324e-02,0.00000000000000e+00	9.74719848344147e-05,0.00000000000000e+00	9.74719848344147e-05,0.00000000000000e+00	1.24704725097372e-02,0.00000000000000e+00
7.99889499522169e+06	1.24529285875582e-02,0.00000000000000e+00	9.74219723027783e-05,0.00000000000000e+00	9.74219723027783e-05,0.00000000000000e+00	1.24529285875623e-02,0.00000000000000e+00
8.00000000000000e+06	1.24518758924288e-02,0.00000000000000e+00	9.74189571986289e-05,0.00000000000000e+00	9.74189571986289e-05,0.00000000000000e+00	1.24518758924262e-02,0.00000000000000e+00
