Freq.	mag(I(RCoil1))	mag(I(RCoil2))	mag(I(RCoil3))	mag(I(RLoad))	mag(I(RSource))
2.00000000000000e+06	1.20040823929996e-02,0.00000000000000e+00	2.49100613483683e-04,0.00000000000000e+00	2.23901478033725e-05,0.00000000000000e+00	2.23901478033725e-05,0.00000000000000e+00	1.20040823929994e-02,0.00000000000000e+00
2.00461047615580e+06	1.19864167925176e-02,0.00000000000000e+00	2.48742218910901e-04,0.00000000000000e+00	2.24048329966655e-05,0.00000000000000e+00	2.24048329966655e-05,0.00000000000000e+00	1.19864167925169e-02,0.00000000000000e+00
2.00923158055679e+06	1.19687479529108e-02,0.00000000000000e+00	2.48383764711305e-04,0.00000000000000e+00	2.24194563985848e-05,0.00000000000000e+00	2.24194563985848e-05,0.00000000000000e+00	1.19687479529099e-02,0.00000000000000e+00
2.01386333770361e+06	1.19510760030029e-02,0.00000000000000e+00	2.48025253508708e-04,0.00000000000000e+00	2.24340178813172e-05,0.00000000000000e+00	2.24340178813172e-05,0.00000000000000e+00	1.19510760030030e-02,0.00000000000000e+00
2.01850577215337e+06	1.19334010715273e-02,0.00000000000000e+00	2.47666687924811e-04,0.00000000000000e+00	2.24485173178193e-05,0.00000000000000e+00	2.24485173178193e-05,0.00000000000000e+00	1.19334010715281e-02,0.00000000000000e+00
2.02315890851980e+06	1.19157232871023e-02,0.00000000000000e+00	2.47308070578747e-04,0.00000000000000e+00	2.24629545817843e-05,0.00000000000000e+00	2.24629545817843e-05,0.00000000000000e+00	1.19157232871029e-02,0.00000000000000e+00
2.02782277147336e+06	1.18980427782436e-02,0.00000000000000e+00	2.46949404087371e-04,0.00000000000000e+00	2.24773295476752e-05,0.00000000000000e+00	2.24773295476752e-05,0.00000000000000e+00	1.18980427782444e-02,0.00000000000000e+00
2.03249738574139e+06	1.18803596733577e-02,0.00000000000000e+00	2.46590691065036e-04,0.00000000000000e+00	2.24916420907114e-05,0.00000000000000e+00	2.24916420907114e-05,0.00000000000000e+00	1.18803596733581e-02,0.00000000000000e+00
2.03718277610823e+06	1.18626741007263e-02,0.00000000000000e+00	2.46231934123342e-04,0.00000000000000e+00	2.25058920868528e-05,0.00000000000000e+00	2.25058920868528e-05,0.00000000000000e+00	1.18626741007263e-02,0.00000000000000e+00
2.04187896741536e+06	1.18449861885211e-02,0.00000000000000e+00	2.45873135871420e-04,0.00000000000000e+00	2.25200794128331e-05,0.00000000000000e+00	2.25200794128331e-05,0.00000000000000e+00	1.18449861885213e-02,0.00000000000000e+00
2.04658598456151e+06	1.18272960647848e-02,0.00000000000000e+00	2.45514298915488e-04,0.00000000000000e+00	2.25342039461258e-05,0.00000000000000e+00	2.25342039461258e-05,0.00000000000000e+00	1.18272960647843e-02,0.00000000000000e+00
2.05130385250281e+06	1.18096038574335e-02,0.00000000000000e+00	2.45155425859024e-04,0.00000000000000e+00	2.25482655649669e-05,0.00000000000000e+00	2.25482655649669e-05,0.00000000000000e+00	1.18096038574336e-02,0.00000000000000e+00
2.05603259625295e+06	1.17919096942568e-02,0.00000000000000e+00	2.44796519302596e-04,0.00000000000000e+00	2.25622641483465e-05,0.00000000000000e+00	2.25622641483465e-05,0.00000000000000e+00	1.17919096942565e-02,0.00000000000000e+00
2.06077224088323e+06	1.17742137028984e-02,0.00000000000000e+00	2.44437581843649e-04,0.00000000000000e+00	2.25761995759956e-05,0.00000000000000e+00	2.25761995759956e-05,0.00000000000000e+00	1.17742137028989e-02,0.00000000000000e+00
2.06552281152279e+06	1.17565160108763e-02,0.00000000000000e+00	2.44078616076703e-04,0.00000000000000e+00	2.25900717284111e-05,0.00000000000000e+00	2.25900717284111e-05,0.00000000000000e+00	1.17565160108749e-02,0.00000000000000e+00
2.07028433335869e+06	1.17388167455525e-02,0.00000000000000e+00	2.43719624593076e-04,0.00000000000000e+00	2.26038804868375e-05,0.00000000000000e+00	2.26038804868375e-05,0.00000000000000e+00	1.17388167455535e-02,0.00000000000000e+00
2.07505683163602e+06	1.17211160341546e-02,0.00000000000000e+00	2.43360609980810e-04,0.00000000000000e+00	2.26176257332656e-05,0.00000000000000e+00	2.26176257332656e-05,0.00000000000000e+00	1.17211160341550e-02,0.00000000000000e+00
2.07984033165812e+06	1.17034140037509e-02,0.00000000000000e+00	2.43001574824699e-04,0.00000000000000e+00	2.26313073504430e-05,0.00000000000000e+00	2.26313073504430e-05,0.00000000000000e+00	1.17034140037521e-02,0.00000000000000e+00
2.08463485878661e+06	1.16857107812622e-02,0.00000000000000e+00	2.42642521706104e-04,0.00000000000000e+00	2.26449252218621e-05,0.00000000000000e+00	2.26449252218621e-05,0.00000000000000e+00	1.16857107812616e-02,0.00000000000000e+00
2.08944043844160e+06	1.16680064934468e-02,0.00000000000000e+00	2.42283453203016e-04,0.00000000000000e+00	2.26584792317735e-05,0.00000000000000e+00	2.26584792317735e-05,0.00000000000000e+00	1.16680064934465e-02,0.00000000000000e+00
2.09425709610180e+06	1.16503012669000e-02,0.00000000000000e+00	2.41924371889719e-04,0.00000000000000e+00	2.26719692651605e-05,0.00000000000000e+00	2.26719692651605e-05,0.00000000000000e+00	1.16503012669006e-02,0.00000000000000e+00
2.09908485730464e+06	1.16325952280600e-02,0.00000000000000e+00	2.41565280337033e-04,0.00000000000000e+00	2.26853952077681e-05,0.00000000000000e+00	2.26853952077681e-05,0.00000000000000e+00	1.16325952280600e-02,0.00000000000000e+00
2.10392374764644e+06	1.16148885031904e-02,0.00000000000000e+00	2.41206181112059e-04,0.00000000000000e+00	2.26987569460860e-05,0.00000000000000e+00	2.26987569460860e-05,0.00000000000000e+00	1.16148885031903e-02,0.00000000000000e+00
2.10877379278251e+06	1.15971812183785e-02,0.00000000000000e+00	2.40847076778026e-04,0.00000000000000e+00	2.27120543673396e-05,0.00000000000000e+00	2.27120543673396e-05,0.00000000000000e+00	1.15971812183799e-02,0.00000000000000e+00
2.11363501842731e+06	1.15794734995473e-02,0.00000000000000e+00	2.40487969894436e-04,0.00000000000000e+00	2.27252873595108e-05,0.00000000000000e+00	2.27252873595108e-05,0.00000000000000e+00	1.15794734995466e-02,0.00000000000000e+00
2.11850745035458e+06	1.15617654724242e-02,0.00000000000000e+00	2.40128863016795e-04,0.00000000000000e+00	2.27384558113182e-05,0.00000000000000e+00	2.27384558113182e-05,0.00000000000000e+00	1.15617654724247e-02,0.00000000000000e+00
2.12339111439745e+06	1.15440572625667e-02,0.00000000000000e+00	2.39769758696619e-04,0.00000000000000e+00	2.27515596122239e-05,0.00000000000000e+00	2.27515596122239e-05,0.00000000000000e+00	1.15440572625654e-02,0.00000000000000e+00
2.12828603644863e+06	1.15263489953395e-02,0.00000000000000e+00	2.39410659481506e-04,0.00000000000000e+00	2.27645986524467e-05,0.00000000000000e+00	2.27645986524467e-05,0.00000000000000e+00	1.15263489953399e-02,0.00000000000000e+00
2.13319224246051e+06	1.15086407959159e-02,0.00000000000000e+00	2.39051567914663e-04,0.00000000000000e+00	2.27775728229225e-05,0.00000000000000e+00	2.27775728229225e-05,0.00000000000000e+00	1.15086407959171e-02,0.00000000000000e+00
2.13810975844531e+06	1.14909327892780e-02,0.00000000000000e+00	2.38692486535198e-04,0.00000000000000e+00	2.27904820153392e-05,0.00000000000000e+00	2.27904820153392e-05,0.00000000000000e+00	1.14909327892774e-02,0.00000000000000e+00
2.14303861047521e+06	1.14732251002117e-02,0.00000000000000e+00	2.38333417878111e-04,0.00000000000000e+00	2.28033261221403e-05,0.00000000000000e+00	2.28033261221403e-05,0.00000000000000e+00	1.14732251002122e-02,0.00000000000000e+00
2.14797882468249e+06	1.14555178532931e-02,0.00000000000000e+00	2.37974364473646e-04,0.00000000000000e+00	2.28161050364703e-05,0.00000000000000e+00	2.28161050364703e-05,0.00000000000000e+00	1.14555178532930e-02,0.00000000000000e+00
2.15293042725967e+06	1.14378111729046e-02,0.00000000000000e+00	2.37615328847991e-04,0.00000000000000e+00	2.28288186522463e-05,0.00000000000000e+00	2.28288186522463e-05,0.00000000000000e+00	1.14378111729044e-02,0.00000000000000e+00
2.15789344445965e+06	1.14201051832143e-02,0.00000000000000e+00	2.37256313522635e-04,0.00000000000000e+00	2.28414668641029e-05,0.00000000000000e+00	2.28414668641029e-05,0.00000000000000e+00	1.14201051832142e-02,0.00000000000000e+00
2.16286790259587e+06	1.14024000081791e-02,0.00000000000000e+00	2.36897321014498e-04,0.00000000000000e+00	2.28540495674099e-05,0.00000000000000e+00	2.28540495674099e-05,0.00000000000000e+00	1.14024000081785e-02,0.00000000000000e+00
2.16785382804240e+06	1.13846957715434e-02,0.00000000000000e+00	2.36538353835914e-04,0.00000000000000e+00	2.28665666582767e-05,0.00000000000000e+00	2.28665666582767e-05,0.00000000000000e+00	1.13846957715419e-02,0.00000000000000e+00
2.17285124723413e+06	1.13669925968275e-02,0.00000000000000e+00	2.36179414494450e-04,0.00000000000000e+00	2.28790180335399e-05,0.00000000000000e+00	2.28790180335399e-05,0.00000000000000e+00	1.13669925968279e-02,0.00000000000000e+00
2.17786018666686e+06	1.13492906073456e-02,0.00000000000000e+00	2.35820505493004e-04,0.00000000000000e+00	2.28914035907788e-05,0.00000000000000e+00	2.28914035907788e-05,0.00000000000000e+00	1.13492906073443e-02,0.00000000000000e+00
2.18288067289751e+06	1.13315899261662e-02,0.00000000000000e+00	2.35461629329453e-04,0.00000000000000e+00	2.29037232282867e-05,0.00000000000000e+00	2.29037232282867e-05,0.00000000000000e+00	1.13315899261659e-02,0.00000000000000e+00
2.18791273254418e+06	1.13138906761412e-02,0.00000000000000e+00	2.35102788496781e-04,0.00000000000000e+00	2.29159768450884e-05,0.00000000000000e+00	2.29159768450884e-05,0.00000000000000e+00	1.13138906761406e-02,0.00000000000000e+00
2.19295639228637e+06	1.12961929798900e-02,0.00000000000000e+00	2.34743985483098e-04,0.00000000000000e+00	2.29281643409478e-05,0.00000000000000e+00	2.29281643409478e-05,0.00000000000000e+00	1.12961929798905e-02,0.00000000000000e+00
2.19801167886504e+06	1.12784969597990e-02,0.00000000000000e+00	2.34385222771371e-04,0.00000000000000e+00	2.29402856163469e-05,0.00000000000000e+00	2.29402856163469e-05,0.00000000000000e+00	1.12784969597989e-02,0.00000000000000e+00
2.20307861908283e+06	1.12608027380067e-02,0.00000000000000e+00	2.34026502839357e-04,0.00000000000000e+00	2.29523405724843e-05,0.00000000000000e+00	2.29523405724843e-05,0.00000000000000e+00	1.12608027380070e-02,0.00000000000000e+00
2.20815723980414e+06	1.12431104364226e-02,0.00000000000000e+00	2.33667828159792e-04,0.00000000000000e+00	2.29643291112990e-05,0.00000000000000e+00	2.29643291112990e-05,0.00000000000000e+00	1.12431104364231e-02,0.00000000000000e+00
2.21324756795533e+06	1.12254201767062e-02,0.00000000000000e+00	2.33309201200067e-04,0.00000000000000e+00	2.29762511354443e-05,0.00000000000000e+00	2.29762511354443e-05,0.00000000000000e+00	1.12254201767067e-02,0.00000000000000e+00
2.21834963052480e+06	1.12077320802660e-02,0.00000000000000e+00	2.32950624422192e-04,0.00000000000000e+00	2.29881065482883e-05,0.00000000000000e+00	2.29881065482883e-05,0.00000000000000e+00	1.12077320802672e-02,0.00000000000000e+00
2.22346345456318e+06	1.11900462682624e-02,0.00000000000000e+00	2.32592100282786e-04,0.00000000000000e+00	2.29998952539191e-05,0.00000000000000e+00	2.29998952539191e-05,0.00000000000000e+00	1.11900462682632e-02,0.00000000000000e+00
2.22858906718345e+06	1.11723628616073e-02,0.00000000000000e+00	2.32233631233181e-04,0.00000000000000e+00	2.30116171571591e-05,0.00000000000000e+00	2.30116171571591e-05,0.00000000000000e+00	1.11723628616072e-02,0.00000000000000e+00
2.23372649556112e+06	1.11546819809421e-02,0.00000000000000e+00	2.31875219718906e-04,0.00000000000000e+00	2.30232721635195e-05,0.00000000000000e+00	2.30232721635195e-05,0.00000000000000e+00	1.11546819809414e-02,0.00000000000000e+00
2.23887576693430e+06	1.11370037466591e-02,0.00000000000000e+00	2.31516868180157e-04,0.00000000000000e+00	2.30348601792516e-05,0.00000000000000e+00	2.30348601792516e-05,0.00000000000000e+00	1.11370037466598e-02,0.00000000000000e+00
2.24403690860392e+06	1.11193282788856e-02,0.00000000000000e+00	2.31158579051314e-04,0.00000000000000e+00	2.30463811113036e-05,0.00000000000000e+00	2.30463811113036e-05,0.00000000000000e+00	1.11193282788850e-02,0.00000000000000e+00
2.24920994793385e+06	1.11016556974780e-02,0.00000000000000e+00	2.30800354761127e-04,0.00000000000000e+00	2.30578348673438e-05,0.00000000000000e+00	2.30578348673438e-05,0.00000000000000e+00	1.11016556974775e-02,0.00000000000000e+00
2.25439491235101e+06	1.10839861220275e-02,0.00000000000000e+00	2.30442197732541e-04,0.00000000000000e+00	2.30692213557482e-05,0.00000000000000e+00	2.30692213557482e-05,0.00000000000000e+00	1.10839861220269e-02,0.00000000000000e+00
2.25959182934559e+06	1.10663196718477e-02,0.00000000000000e+00	2.30084110382638e-04,0.00000000000000e+00	2.30805404855989e-05,0.00000000000000e+00	2.30805404855989e-05,0.00000000000000e+00	1.10663196718491e-02,0.00000000000000e+00
2.26480072647111e+06	1.10486564659867e-02,0.00000000000000e+00	2.29726095122653e-04,0.00000000000000e+00	2.30917921666909e-05,0.00000000000000e+00	2.30917921666909e-05,0.00000000000000e+00	1.10486564659873e-02,0.00000000000000e+00
2.27002163134462e+06	1.10309966232006e-02,0.00000000000000e+00	2.29368154357749e-04,0.00000000000000e+00	2.31029763095131e-05,0.00000000000000e+00	2.31029763095131e-05,0.00000000000000e+00	1.10309966232011e-02,0.00000000000000e+00
2.27525457164686e+06	1.10133402619768e-02,0.00000000000000e+00	2.29010290487236e-04,0.00000000000000e+00	2.31140928252760e-05,0.00000000000000e+00	2.31140928252760e-05,0.00000000000000e+00	1.10133402619769e-02,0.00000000000000e+00
2.28049957512233e+06	1.09956875005077e-02,0.00000000000000e+00	2.28652505904140e-04,0.00000000000000e+00	2.31251416258722e-05,0.00000000000000e+00	2.31251416258722e-05,0.00000000000000e+00	1.09956875005073e-02,0.00000000000000e+00
2.28575666957954e+06	1.09780384567065e-02,0.00000000000000e+00	2.28294802995519e-04,0.00000000000000e+00	2.31361226239122e-05,0.00000000000000e+00	2.31361226239122e-05,0.00000000000000e+00	1.09780384567061e-02,0.00000000000000e+00
2.29102588289106e+06	1.09603932481929e-02,0.00000000000000e+00	2.27937184142140e-04,0.00000000000000e+00	2.31470357326968e-05,0.00000000000000e+00	2.31470357326968e-05,0.00000000000000e+00	1.09603932481931e-02,0.00000000000000e+00
2.29630724299376e+06	1.09427519922968e-02,0.00000000000000e+00	2.27579651718540e-04,0.00000000000000e+00	2.31578808662273e-05,0.00000000000000e+00	2.31578808662273e-05,0.00000000000000e+00	1.09427519922966e-02,0.00000000000000e+00
2.30160077788886e+06	1.09251148060431e-02,0.00000000000000e+00	2.27222208092822e-04,0.00000000000000e+00	2.31686579391887e-05,0.00000000000000e+00	2.31686579391887e-05,0.00000000000000e+00	1.09251148060439e-02,0.00000000000000e+00
2.30690651564218e+06	1.09074818061753e-02,0.00000000000000e+00	2.26864855626939e-04,0.00000000000000e+00	2.31793668669833e-05,0.00000000000000e+00	2.31793668669833e-05,0.00000000000000e+00	1.09074818061749e-02,0.00000000000000e+00
2.31222448438419e+06	1.08898531091168e-02,0.00000000000000e+00	2.26507596676181e-04,0.00000000000000e+00	2.31900075656824e-05,0.00000000000000e+00	2.31900075656824e-05,0.00000000000000e+00	1.08898531091172e-02,0.00000000000000e+00
2.31755471231024e+06	1.08722288310001e-02,0.00000000000000e+00	2.26150433589463e-04,0.00000000000000e+00	2.32005799520592e-05,0.00000000000000e+00	2.32005799520592e-05,0.00000000000000e+00	1.08722288310002e-02,0.00000000000000e+00
2.32289722768068e+06	1.08546090876452e-02,0.00000000000000e+00	2.25793368709122e-04,0.00000000000000e+00	2.32110839435725e-05,0.00000000000000e+00	2.32110839435725e-05,0.00000000000000e+00	1.08546090876453e-02,0.00000000000000e+00
2.32825205882097e+06	1.08369939945652e-02,0.00000000000000e+00	2.25436404370891e-04,0.00000000000000e+00	2.32215194583684e-05,0.00000000000000e+00	2.32215194583684e-05,0.00000000000000e+00	1.08369939945645e-02,0.00000000000000e+00
2.33361923412192e+06	1.08193836669588e-02,0.00000000000000e+00	2.25079542903874e-04,0.00000000000000e+00	2.32318864152805e-05,0.00000000000000e+00	2.32318864152805e-05,0.00000000000000e+00	1.08193836669592e-02,0.00000000000000e+00
2.33899878203973e+06	1.08017782197171e-02,0.00000000000000e+00	2.24722786630459e-04,0.00000000000000e+00	2.32421847338261e-05,0.00000000000000e+00	2.32421847338261e-05,0.00000000000000e+00	1.08017782197162e-02,0.00000000000000e+00
2.34439073109625e+06	1.07841777673996e-02,0.00000000000000e+00	2.24366137866157e-04,0.00000000000000e+00	2.32524143341920e-05,0.00000000000000e+00	2.32524143341920e-05,0.00000000000000e+00	1.07841777673998e-02,0.00000000000000e+00
2.34979510987905e+06	1.07665824242615e-02,0.00000000000000e+00	2.24009598919795e-04,0.00000000000000e+00	2.32625751372595e-05,0.00000000000000e+00	2.32625751372595e-05,0.00000000000000e+00	1.07665824242611e-02,0.00000000000000e+00
2.35521194704161e+06	1.07489923042276e-02,0.00000000000000e+00	2.23653172093271e-04,0.00000000000000e+00	2.32726670645817e-05,0.00000000000000e+00	2.32726670645817e-05,0.00000000000000e+00	1.07489923042260e-02,0.00000000000000e+00
2.36064127130345e+06	1.07314075208989e-02,0.00000000000000e+00	2.23296859681611e-04,0.00000000000000e+00	2.32826900383936e-05,0.00000000000000e+00	2.32826900383936e-05,0.00000000000000e+00	1.07314075208986e-02,0.00000000000000e+00
2.36608311145032e+06	1.07138281875465e-02,0.00000000000000e+00	2.22940663972694e-04,0.00000000000000e+00	2.32926439815867e-05,0.00000000000000e+00	2.32926439815867e-05,0.00000000000000e+00	1.07138281875470e-02,0.00000000000000e+00
2.37153749633431e+06	1.06962544171220e-02,0.00000000000000e+00	2.22584587247591e-04,0.00000000000000e+00	2.33025288177482e-05,0.00000000000000e+00	2.33025288177482e-05,0.00000000000000e+00	1.06962544171205e-02,0.00000000000000e+00
2.37700445487403e+06	1.06786863222266e-02,0.00000000000000e+00	2.22228631780067e-04,0.00000000000000e+00	2.33123444711123e-05,0.00000000000000e+00	2.33123444711123e-05,0.00000000000000e+00	1.06786863222250e-02,0.00000000000000e+00
2.38248401605474e+06	1.06611240151435e-02,0.00000000000000e+00	2.21872799837008e-04,0.00000000000000e+00	2.33220908666080e-05,0.00000000000000e+00	2.33220908666080e-05,0.00000000000000e+00	1.06611240151440e-02,0.00000000000000e+00
2.38797620892854e+06	1.06435676078168e-02,0.00000000000000e+00	2.21517093677977e-04,0.00000000000000e+00	2.33317679298165e-05,0.00000000000000e+00	2.33317679298165e-05,0.00000000000000e+00	1.06435676078167e-02,0.00000000000000e+00
2.39348106261448e+06	1.06260172118365e-02,0.00000000000000e+00	2.21161515555163e-04,0.00000000000000e+00	2.33413755869685e-05,0.00000000000000e+00	2.33413755869685e-05,0.00000000000000e+00	1.06260172118362e-02,0.00000000000000e+00
2.39899860629875e+06	1.06084729384684e-02,0.00000000000000e+00	2.20806067713784e-04,0.00000000000000e+00	2.33509137649904e-05,0.00000000000000e+00	2.33509137649904e-05,0.00000000000000e+00	1.06084729384684e-02,0.00000000000000e+00
2.40452886923482e+06	1.05909348986223e-02,0.00000000000000e+00	2.20450752391449e-04,0.00000000000000e+00	2.33603823914397e-05,0.00000000000000e+00	2.33603823914397e-05,0.00000000000000e+00	1.05909348986212e-02,0.00000000000000e+00
2.41007188074358e+06	1.05734032028649e-02,0.00000000000000e+00	2.20095571818584e-04,0.00000000000000e+00	2.33697813945536e-05,0.00000000000000e+00	2.33697813945537e-05,0.00000000000000e+00	1.05734032028657e-02,0.00000000000000e+00
2.41562767021355e+06	1.05558779614199e-02,0.00000000000000e+00	2.19740528218108e-04,0.00000000000000e+00	2.33791107032177e-05,0.00000000000000e+00	2.33791107032177e-05,0.00000000000000e+00	1.05558779614198e-02,0.00000000000000e+00
2.42119626710095e+06	1.05383592841518e-02,0.00000000000000e+00	2.19385623805497e-04,0.00000000000000e+00	2.33883702469754e-05,0.00000000000000e+00	2.33883702469754e-05,0.00000000000000e+00	1.05383592841516e-02,0.00000000000000e+00
2.42677770092994e+06	1.05208472805730e-02,0.00000000000000e+00	2.19030860788654e-04,0.00000000000000e+00	2.33975599560174e-05,0.00000000000000e+00	2.33975599560174e-05,0.00000000000000e+00	1.05208472805733e-02,0.00000000000000e+00
2.43237200129273e+06	1.05033420598461e-02,0.00000000000000e+00	2.18676241368028e-04,0.00000000000000e+00	2.34066797611978e-05,0.00000000000000e+00	2.34066797611978e-05,0.00000000000000e+00	1.05033420598467e-02,0.00000000000000e+00
2.43797919784972e+06	1.04858437307701e-02,0.00000000000000e+00	2.18321767736323e-04,0.00000000000000e+00	2.34157295940046e-05,0.00000000000000e+00	2.34157295940046e-05,0.00000000000000e+00	1.04858437307693e-02,0.00000000000000e+00
2.44359932032973e+06	1.04683524017836e-02,0.00000000000000e+00	2.17967442078702e-04,0.00000000000000e+00	2.34247093865856e-05,0.00000000000000e+00	2.34247093865856e-05,0.00000000000000e+00	1.04683524017839e-02,0.00000000000000e+00
2.44923239853009e+06	1.04508681809706e-02,0.00000000000000e+00	2.17613266572601e-04,0.00000000000000e+00	2.34336190717306e-05,0.00000000000000e+00	2.34336190717306e-05,0.00000000000000e+00	1.04508681809701e-02,0.00000000000000e+00
2.45487846231680e+06	1.04333911760436e-02,0.00000000000000e+00	2.17259243387718e-04,0.00000000000000e+00	2.34424585828731e-05,0.00000000000000e+00	2.34424585828731e-05,0.00000000000000e+00	1.04333911760432e-02,0.00000000000000e+00
2.46053754162475e+06	1.04159214943524e-02,0.00000000000000e+00	2.16905374685967e-04,0.00000000000000e+00	2.34512278540880e-05,0.00000000000000e+00	2.34512278540880e-05,0.00000000000000e+00	1.04159214943524e-02,0.00000000000000e+00
2.46620966645781e+06	1.03984592428798e-02,0.00000000000000e+00	2.16551662621463e-04,0.00000000000000e+00	2.34599268200927e-05,0.00000000000000e+00	2.34599268200927e-05,0.00000000000000e+00	1.03984592428799e-02,0.00000000000000e+00
2.47189486688901e+06	1.03810045282339e-02,0.00000000000000e+00	2.16198109340372e-04,0.00000000000000e+00	2.34685554162330e-05,0.00000000000000e+00	2.34685554162331e-05,0.00000000000000e+00	1.03810045282338e-02,0.00000000000000e+00
2.47759317306073e+06	1.03635574566538e-02,0.00000000000000e+00	2.15844716981033e-04,0.00000000000000e+00	2.34771135784995e-05,0.00000000000000e+00	2.34771135784995e-05,0.00000000000000e+00	1.03635574566536e-02,0.00000000000000e+00
2.48330461518481e+06	1.03461181340056e-02,0.00000000000000e+00	2.15491487673837e-04,0.00000000000000e+00	2.34856012435163e-05,0.00000000000000e+00	2.34856012435163e-05,0.00000000000000e+00	1.03461181340050e-02,0.00000000000000e+00
2.48902922354276e+06	1.03286866657778e-02,0.00000000000000e+00	2.15138423541211e-04,0.00000000000000e+00	2.34940183485422e-05,0.00000000000000e+00	2.34940183485422e-05,0.00000000000000e+00	1.03286866657785e-02,0.00000000000000e+00
2.49476702848587e+06	1.03112631570784e-02,0.00000000000000e+00	2.14785526697414e-04,0.00000000000000e+00	2.35023648314504e-05,0.00000000000000e+00	2.35023648314504e-05,0.00000000000000e+00	1.03112631570801e-02,0.00000000000000e+00
2.50051806043543e+06	1.02938477126432e-02,0.00000000000000e+00	2.14432799248804e-04,0.00000000000000e+00	2.35106406307602e-05,0.00000000000000e+00	2.35106406307602e-05,0.00000000000000e+00	1.02938477126437e-02,0.00000000000000e+00
2.50628234988282e+06	1.02764404368195e-02,0.00000000000000e+00	2.14080243293603e-04,0.00000000000000e+00	2.35188456856135e-05,0.00000000000000e+00	2.35188456856135e-05,0.00000000000000e+00	1.02764404368199e-02,0.00000000000000e+00
2.51205992738974e+06	1.02590414335725e-02,0.00000000000000e+00	2.13727860921806e-04,0.00000000000000e+00	2.35269799357668e-05,0.00000000000000e+00	2.35269799357668e-05,0.00000000000000e+00	1.02590414335719e-02,0.00000000000000e+00
2.51785082358832e+06	1.02416508064783e-02,0.00000000000000e+00	2.13375654215249e-04,0.00000000000000e+00	2.35350433216014e-05,0.00000000000000e+00	2.35350433216014e-05,0.00000000000000e+00	1.02416508064784e-02,0.00000000000000e+00
2.52365506918133e+06	1.02242686587378e-02,0.00000000000000e+00	2.13023625247692e-04,0.00000000000000e+00	2.35430357841338e-05,0.00000000000000e+00	2.35430357841338e-05,0.00000000000000e+00	1.02242686587380e-02,0.00000000000000e+00
2.52947269494229e+06	1.02068950931525e-02,0.00000000000000e+00	2.12671776084496e-04,0.00000000000000e+00	2.35509572649831e-05,0.00000000000000e+00	2.35509572649831e-05,0.00000000000000e+00	1.02068950931530e-02,0.00000000000000e+00
2.53530373171568e+06	1.01895302121343e-02,0.00000000000000e+00	2.12320108782703e-04,0.00000000000000e+00	2.35588077063809e-05,0.00000000000000e+00	2.35588077063809e-05,0.00000000000000e+00	1.01895302121340e-02,0.00000000000000e+00
2.54114821041707e+06	1.01721741177062e-02,0.00000000000000e+00	2.11968625391168e-04,0.00000000000000e+00	2.35665870511885e-05,0.00000000000000e+00	2.35665870511885e-05,0.00000000000000e+00	1.01721741177057e-02,0.00000000000000e+00
2.54700616203331e+06	1.01548269114959e-02,0.00000000000000e+00	2.11617327950327e-04,0.00000000000000e+00	2.35742952428728e-05,0.00000000000000e+00	2.35742952428728e-05,0.00000000000000e+00	1.01548269114959e-02,0.00000000000000e+00
2.55287761762267e+06	1.01374886947365e-02,0.00000000000000e+00	2.11266218492192e-04,0.00000000000000e+00	2.35819322255075e-05,0.00000000000000e+00	2.35819322255075e-05,0.00000000000000e+00	1.01374886947353e-02,0.00000000000000e+00
2.55876260831503e+06	1.01201595682572e-02,0.00000000000000e+00	2.10915299040342e-04,0.00000000000000e+00	2.35894979437747e-05,0.00000000000000e+00	2.35894979437747e-05,0.00000000000000e+00	1.01201595682573e-02,0.00000000000000e+00
2.56466116531203e+06	1.01028396325001e-02,0.00000000000000e+00	2.10564571609981e-04,0.00000000000000e+00	2.35969923429717e-05,0.00000000000000e+00	2.35969923429717e-05,0.00000000000000e+00	1.01028396325000e-02,0.00000000000000e+00
2.57057331988722e+06	1.00855289875018e-02,0.00000000000000e+00	2.10214038207813e-04,0.00000000000000e+00	2.36044153690000e-05,0.00000000000000e+00	2.36044153690000e-05,0.00000000000000e+00	1.00855289875011e-02,0.00000000000000e+00
2.57649910338625e+06	1.00682277328889e-02,0.00000000000000e+00	2.09863700831876e-04,0.00000000000000e+00	2.36117669683478e-05,0.00000000000000e+00	2.36117669683478e-05,0.00000000000000e+00	1.00682277328894e-02,0.00000000000000e+00
2.58243854722705e+06	1.00509359678980e-02,0.00000000000000e+00	2.09513561471816e-04,0.00000000000000e+00	2.36190470881223e-05,0.00000000000000e+00	2.36190470881224e-05,0.00000000000000e+00	1.00509359678979e-02,0.00000000000000e+00
2.58839168289996e+06	1.00336537913509e-02,0.00000000000000e+00	2.09163622108604e-04,0.00000000000000e+00	2.36262556760198e-05,0.00000000000000e+00	2.36262556760198e-05,0.00000000000000e+00	1.00336537913506e-02,0.00000000000000e+00
2.59435854196790e+06	1.00163813016689e-02,0.00000000000000e+00	2.08813884714645e-04,0.00000000000000e+00	2.36333926803392e-05,0.00000000000000e+00	2.36333926803392e-05,0.00000000000000e+00	1.00163813016674e-02,0.00000000000000e+00
2.60033915606656e+06	9.99911859685839e-03,0.00000000000000e+00	2.08464351253665e-04,0.00000000000000e+00	2.36404580499707e-05,0.00000000000000e+00	2.36404580499707e-05,0.00000000000000e+00	9.99911859685864e-03,0.00000000000000e+00
2.60633355690458e+06	9.98186577452531e-03,0.00000000000000e+00	2.08115023680683e-04,0.00000000000000e+00	2.36474517343944e-05,0.00000000000000e+00	2.36474517343944e-05,0.00000000000000e+00	9.98186577452401e-03,0.00000000000000e+00
2.61234177626367e+06	9.96462293185679e-03,0.00000000000000e+00	2.07765903942120e-04,0.00000000000000e+00	2.36543736836932e-05,0.00000000000000e+00	2.36543736836932e-05,0.00000000000000e+00	9.96462293185748e-03,0.00000000000000e+00
2.61836384599880e+06	9.94739016563544e-03,0.00000000000000e+00	2.07416993975545e-04,0.00000000000000e+00	2.36612238485267e-05,0.00000000000000e+00	2.36612238485267e-05,0.00000000000000e+00	9.94739016563539e-03,0.00000000000000e+00
2.62439979803839e+06	9.93016757222801e-03,0.00000000000000e+00	2.07068295709903e-04,0.00000000000000e+00	2.36680021801569e-05,0.00000000000000e+00	2.36680021801569e-05,0.00000000000000e+00	9.93016757222710e-03,0.00000000000000e+00
2.63044966438446e+06	9.91295524757686e-03,0.00000000000000e+00	2.06719811065152e-04,0.00000000000000e+00	2.36747086304090e-05,0.00000000000000e+00	2.36747086304090e-05,0.00000000000000e+00	9.91295524757771e-03,0.00000000000000e+00
2.63651347711280e+06	9.89575328722501e-03,0.00000000000000e+00	2.06371541952652e-04,0.00000000000000e+00	2.36813431517166e-05,0.00000000000000e+00	2.36813431517166e-05,0.00000000000000e+00	9.89575328722665e-03,0.00000000000000e+00
2.64259126837313e+06	9.87856178628835e-03,0.00000000000000e+00	2.06023490274750e-04,0.00000000000000e+00	2.36879056970755e-05,0.00000000000000e+00	2.36879056970755e-05,0.00000000000000e+00	9.87856178628789e-03,0.00000000000000e+00
2.64868307038931e+06	9.86138083946370e-03,0.00000000000000e+00	2.05675657925061e-04,0.00000000000000e+00	2.36943962200771e-05,0.00000000000000e+00	2.36943962200771e-05,0.00000000000000e+00	9.86138083946323e-03,0.00000000000000e+00
2.65478891545946e+06	9.84421054103042e-03,0.00000000000000e+00	2.05328046788219e-04,0.00000000000000e+00	2.37008146748810e-05,0.00000000000000e+00	2.37008146748810e-05,0.00000000000000e+00	9.84421054103052e-03,0.00000000000000e+00
2.66090883595616e+06	9.82705098484957e-03,0.00000000000000e+00	2.04980658739996e-04,0.00000000000000e+00	2.37071610162286e-05,0.00000000000000e+00	2.37071610162286e-05,0.00000000000000e+00	9.82705098484907e-03,0.00000000000000e+00
2.66704286432663e+06	9.80990226435464e-03,0.00000000000000e+00	2.04633495647187e-04,0.00000000000000e+00	2.37134351994324e-05,0.00000000000000e+00	2.37134351994324e-05,0.00000000000000e+00	9.80990226435449e-03,0.00000000000000e+00
2.67319103309287e+06	9.79276447256094e-03,0.00000000000000e+00	2.04286559367674e-04,0.00000000000000e+00	2.37196371803835e-05,0.00000000000000e+00	2.37196371803835e-05,0.00000000000000e+00	9.79276447256155e-03,0.00000000000000e+00
2.67935337485185e+06	9.77563770205670e-03,0.00000000000000e+00	2.03939851750240e-04,0.00000000000000e+00	2.37257669155304e-05,0.00000000000000e+00	2.37257669155304e-05,0.00000000000000e+00	9.77563770205513e-03,0.00000000000000e+00
2.68552992227571e+06	9.75852204500395e-03,0.00000000000000e+00	2.03593374634843e-04,0.00000000000000e+00	2.37318243619129e-05,0.00000000000000e+00	2.37318243619129e-05,0.00000000000000e+00	9.75852204500364e-03,0.00000000000000e+00
2.69172070811188e+06	9.74141759314046e-03,0.00000000000000e+00	2.03247129852241e-04,0.00000000000000e+00	2.37378094771180e-05,0.00000000000000e+00	2.37378094771180e-05,0.00000000000000e+00	9.74141759314078e-03,0.00000000000000e+00
2.69792576518329e+06	9.72432443777654e-03,0.00000000000000e+00	2.02901119224217e-04,0.00000000000000e+00	2.37437222193079e-05,0.00000000000000e+00	2.37437222193078e-05,0.00000000000000e+00	9.72432443777637e-03,0.00000000000000e+00
2.70414512638854e+06	9.70724266979394e-03,0.00000000000000e+00	2.02555344563501e-04,0.00000000000000e+00	2.37495625472107e-05,0.00000000000000e+00	2.37495625472107e-05,0.00000000000000e+00	9.70724266979277e-03,0.00000000000000e+00
2.71037882470205e+06	9.69017237963979e-03,0.00000000000000e+00	2.02209807673671e-04,0.00000000000000e+00	2.37553304201103e-05,0.00000000000000e+00	2.37553304201103e-05,0.00000000000000e+00	9.69017237963980e-03,0.00000000000000e+00
2.71662689317429e+06	9.67311365733863e-03,0.00000000000000e+00	2.01864510349239e-04,0.00000000000000e+00	2.37610257978562e-05,0.00000000000000e+00	2.37610257978562e-05,0.00000000000000e+00	9.67311365733914e-03,0.00000000000000e+00
2.72288936493188e+06	9.65606659247961e-03,0.00000000000000e+00	2.01519454375581e-04,0.00000000000000e+00	2.37666486408566e-05,0.00000000000000e+00	2.37666486408566e-05,0.00000000000000e+00	9.65606659248070e-03,0.00000000000000e+00
2.72916627317783e+06	9.63903127422190e-03,0.00000000000000e+00	2.01174641528912e-04,0.00000000000000e+00	2.37721989100759e-05,0.00000000000000e+00	2.37721989100759e-05,0.00000000000000e+00	9.63903127422176e-03,0.00000000000000e+00
2.73545765119168e+06	9.62200779128371e-03,0.00000000000000e+00	2.00830073576218e-04,0.00000000000000e+00	2.37776765670266e-05,0.00000000000000e+00	2.37776765670266e-05,0.00000000000000e+00	9.62200779128336e-03,0.00000000000000e+00
2.74176353232969e+06	9.60499623196012e-03,0.00000000000000e+00	2.00485752275456e-04,0.00000000000000e+00	2.37830815737938e-05,0.00000000000000e+00	2.37830815737938e-05,0.00000000000000e+00	9.60499623195998e-03,0.00000000000000e+00
2.74808395002501e+06	9.58799668410524e-03,0.00000000000000e+00	2.00141679375263e-04,0.00000000000000e+00	2.37884138930012e-05,0.00000000000000e+00	2.37884138930012e-05,0.00000000000000e+00	9.58799668410558e-03,0.00000000000000e+00
2.75441893778787e+06	9.57100923513577e-03,0.00000000000000e+00	1.99797856614990e-04,0.00000000000000e+00	2.37936734878156e-05,0.00000000000000e+00	2.37936734878156e-05,0.00000000000000e+00	9.57100923513537e-03,0.00000000000000e+00
2.76076852920575e+06	9.55403397203863e-03,0.00000000000000e+00	1.99454285724967e-04,0.00000000000000e+00	2.37988603219779e-05,0.00000000000000e+00	2.37988603219779e-05,0.00000000000000e+00	9.55403397203812e-03,0.00000000000000e+00
2.76713275794354e+06	9.53707098135280e-03,0.00000000000000e+00	1.99110968426013e-04,0.00000000000000e+00	2.38039743597462e-05,0.00000000000000e+00	2.38039743597462e-05,0.00000000000000e+00	9.53707098135314e-03,0.00000000000000e+00
2.77351165774376e+06	9.52012034919153e-03,0.00000000000000e+00	1.98767906429866e-04,0.00000000000000e+00	2.38090155659465e-05,0.00000000000000e+00	2.38090155659465e-05,0.00000000000000e+00	9.52012034919044e-03,0.00000000000000e+00
2.77990526242669e+06	9.50318216121840e-03,0.00000000000000e+00	1.98425101438918e-04,0.00000000000000e+00	2.38139839059413e-05,0.00000000000000e+00	2.38139839059413e-05,0.00000000000000e+00	9.50318216121823e-03,0.00000000000000e+00
2.78631360589058e+06	9.48625650266556e-03,0.00000000000000e+00	1.98082555146283e-04,0.00000000000000e+00	2.38188793456385e-05,0.00000000000000e+00	2.38188793456385e-05,0.00000000000000e+00	9.48625650266617e-03,0.00000000000000e+00
2.79273672211185e+06	9.46934345832096e-03,0.00000000000000e+00	1.97740269235728e-04,0.00000000000000e+00	2.38237018514827e-05,0.00000000000000e+00	2.38237018514827e-05,0.00000000000000e+00	9.46934345832203e-03,0.00000000000000e+00
2.79917464514521e+06	9.45244311253236e-03,0.00000000000000e+00	1.97398245381690e-04,0.00000000000000e+00	2.38284513904570e-05,0.00000000000000e+00	2.38284513904570e-05,0.00000000000000e+00	9.45244311253234e-03,0.00000000000000e+00
2.80562740912389e+06	9.43555554920719e-03,0.00000000000000e+00	1.97056485249368e-04,0.00000000000000e+00	2.38331279300952e-05,0.00000000000000e+00	2.38331279300952e-05,0.00000000000000e+00	9.43555554920703e-03,0.00000000000000e+00
2.81209504825981e+06	9.41868085181012e-03,0.00000000000000e+00	1.96714990494550e-04,0.00000000000000e+00	2.38377314384598e-05,0.00000000000000e+00	2.38377314384598e-05,0.00000000000000e+00	9.41868085181091e-03,0.00000000000000e+00
2.81857759684373e+06	9.40181910335831e-03,0.00000000000000e+00	1.96373762763491e-04,0.00000000000000e+00	2.38422618841280e-05,0.00000000000000e+00	2.38422618841280e-05,0.00000000000000e+00	9.40181910335793e-03,0.00000000000000e+00
2.82507508924549e+06	9.38497038643383e-03,0.00000000000000e+00	1.96032803693391e-04,0.00000000000000e+00	2.38467192362491e-05,0.00000000000000e+00	2.38467192362491e-05,0.00000000000000e+00	9.38497038643402e-03,0.00000000000000e+00
2.83158755991414e+06	9.36813478317012e-03,0.00000000000000e+00	1.95692114911842e-04,0.00000000000000e+00	2.38511034644772e-05,0.00000000000000e+00	2.38511034644772e-05,0.00000000000000e+00	9.36813478317055e-03,0.00000000000000e+00
2.83811504337816e+06	9.35131237525965e-03,0.00000000000000e+00	1.95351698037142e-04,0.00000000000000e+00	2.38554145390095e-05,0.00000000000000e+00	2.38554145390095e-05,0.00000000000000e+00	9.35131237525937e-03,0.00000000000000e+00
2.84465757424562e+06	9.33450324394626e-03,0.00000000000000e+00	1.95011554678148e-04,0.00000000000000e+00	2.38596524305684e-05,0.00000000000000e+00	2.38596524305684e-05,0.00000000000000e+00	9.33450324394584e-03,0.00000000000000e+00
2.85121518720435e+06	9.31770747002855e-03,0.00000000000000e+00	1.94671686434269e-04,0.00000000000000e+00	2.38638171103999e-05,0.00000000000000e+00	2.38638171103999e-05,0.00000000000000e+00	9.31770747002835e-03,0.00000000000000e+00
2.85778791702218e+06	9.30092513386580e-03,0.00000000000000e+00	1.94332094895619e-04,0.00000000000000e+00	2.38679085502923e-05,0.00000000000000e+00	2.38679085502923e-05,0.00000000000000e+00	9.30092513386566e-03,0.00000000000000e+00
2.86437579854706e+06	9.28415631536184e-03,0.00000000000000e+00	1.93992781642709e-04,0.00000000000000e+00	2.38719267225382e-05,0.00000000000000e+00	2.38719267225382e-05,0.00000000000000e+00	9.28415631536219e-03,0.00000000000000e+00
2.87097886670729e+06	9.26740109398168e-03,0.00000000000000e+00	1.93653748246713e-04,0.00000000000000e+00	2.38758715999664e-05,0.00000000000000e+00	2.38758715999664e-05,0.00000000000000e+00	9.26740109398057e-03,0.00000000000000e+00
2.87759715651167e+06	9.25065954873956e-03,0.00000000000000e+00	1.93314996269400e-04,0.00000000000000e+00	2.38797431559341e-05,0.00000000000000e+00	2.38797431559341e-05,0.00000000000000e+00	9.25065954873865e-03,0.00000000000000e+00
2.88423070304971e+06	9.23393175819888e-03,0.00000000000000e+00	1.92976527262917e-04,0.00000000000000e+00	2.38835413642989e-05,0.00000000000000e+00	2.38835413642989e-05,0.00000000000000e+00	9.23393175819885e-03,0.00000000000000e+00
2.89087954149183e+06	9.21721780048606e-03,0.00000000000000e+00	1.92638342770184e-04,0.00000000000000e+00	2.38872661994674e-05,0.00000000000000e+00	2.38872661994674e-05,0.00000000000000e+00	9.21721780048710e-03,0.00000000000000e+00
2.89754370708950e+06	9.20051775327294e-03,0.00000000000000e+00	1.92300444324458e-04,0.00000000000000e+00	2.38909176363406e-05,0.00000000000000e+00	2.38909176363406e-05,0.00000000000000e+00	9.20051775327193e-03,0.00000000000000e+00
2.90422323517546e+06	9.18383169377964e-03,0.00000000000000e+00	1.91962833449648e-04,0.00000000000000e+00	2.38944956503530e-05,0.00000000000000e+00	2.38944956503530e-05,0.00000000000000e+00	9.18383169377962e-03,0.00000000000000e+00
2.91091816116391e+06	9.16715969878347e-03,0.00000000000000e+00	1.91625511660068e-04,0.00000000000000e+00	2.38980002174408e-05,0.00000000000000e+00	2.38980002174408e-05,0.00000000000000e+00	9.16715969878236e-03,0.00000000000000e+00
2.91762852055067e+06	9.15050184460831e-03,0.00000000000000e+00	1.91288480460650e-04,0.00000000000000e+00	2.39014313140679e-05,0.00000000000000e+00	2.39014313140679e-05,0.00000000000000e+00	9.15050184460823e-03,0.00000000000000e+00
2.92435434891341e+06	9.13385820713488e-03,0.00000000000000e+00	1.90951741346829e-04,0.00000000000000e+00	2.39047889172114e-05,0.00000000000000e+00	2.39047889172114e-05,0.00000000000000e+00	9.13385820713587e-03,0.00000000000000e+00
2.93109568191180e+06	9.11722886179176e-03,0.00000000000000e+00	1.90615295804487e-04,0.00000000000000e+00	2.39080730043531e-05,0.00000000000000e+00	2.39080730043531e-05,0.00000000000000e+00	9.11722886179168e-03,0.00000000000000e+00
2.93785255528771e+06	9.10061388355782e-03,0.00000000000000e+00	1.90279145310110e-04,0.00000000000000e+00	2.39112835534994e-05,0.00000000000000e+00	2.39112835534994e-05,0.00000000000000e+00	9.10061388355730e-03,0.00000000000000e+00
2.94462500486541e+06	9.08401334696071e-03,0.00000000000000e+00	1.89943291330594e-04,0.00000000000000e+00	2.39144205431561e-05,0.00000000000000e+00	2.39144205431561e-05,0.00000000000000e+00	9.08401334696049e-03,0.00000000000000e+00
2.95141306655176e+06	9.06742732608142e-03,0.00000000000000e+00	1.89607735323384e-04,0.00000000000000e+00	2.39174839523441e-05,0.00000000000000e+00	2.39174839523441e-05,0.00000000000000e+00	9.06742732608139e-03,0.00000000000000e+00
2.95821677633639e+06	9.05085589454734e-03,0.00000000000000e+00	1.89272478736383e-04,0.00000000000000e+00	2.39204737605884e-05,0.00000000000000e+00	2.39204737605885e-05,0.00000000000000e+00	9.05085589454850e-03,0.00000000000000e+00
2.96503617029188e+06	9.03429912554304e-03,0.00000000000000e+00	1.88937523008036e-04,0.00000000000000e+00	2.39233899479276e-05,0.00000000000000e+00	2.39233899479276e-05,0.00000000000000e+00	9.03429912554246e-03,0.00000000000000e+00
2.97187128457399e+06	9.01775709179172e-03,0.00000000000000e+00	1.88602869567245e-04,0.00000000000000e+00	2.39262324949017e-05,0.00000000000000e+00	2.39262324949017e-05,0.00000000000000e+00	9.01775709179211e-03,0.00000000000000e+00
2.97872215542180e+06	9.00122986558074e-03,0.00000000000000e+00	1.88268519833506e-04,0.00000000000000e+00	2.39290013825692e-05,0.00000000000000e+00	2.39290013825692e-05,0.00000000000000e+00	9.00122986558076e-03,0.00000000000000e+00
2.98558881915796e+06	8.98471751873457e-03,0.00000000000000e+00	1.87934475216635e-04,0.00000000000000e+00	2.39316965924713e-05,0.00000000000000e+00	2.39316965924713e-05,0.00000000000000e+00	8.98471751873343e-03,0.00000000000000e+00
2.99247131218884e+06	8.96822012263174e-03,0.00000000000000e+00	1.87600737117096e-04,0.00000000000000e+00	2.39343181066724e-05,0.00000000000000e+00	2.39343181066724e-05,0.00000000000000e+00	8.96822012263209e-03,0.00000000000000e+00
2.99936967100472e+06	8.95173774820313e-03,0.00000000000000e+00	1.87267306925754e-04,0.00000000000000e+00	2.39368659077280e-05,0.00000000000000e+00	2.39368659077280e-05,0.00000000000000e+00	8.95173774820421e-03,0.00000000000000e+00
3.00628393218002e+06	8.93527046593199e-03,0.00000000000000e+00	1.86934186024065e-04,0.00000000000000e+00	2.39393399787080e-05,0.00000000000000e+00	2.39393399787080e-05,0.00000000000000e+00	8.93527046593163e-03,0.00000000000000e+00
3.01321413237346e+06	8.91881834583940e-03,0.00000000000000e+00	1.86601375783842e-04,0.00000000000000e+00	2.39417403031650e-05,0.00000000000000e+00	2.39417403031650e-05,0.00000000000000e+00	8.91881834583918e-03,0.00000000000000e+00
3.02016030832827e+06	8.90238145750440e-03,0.00000000000000e+00	1.86268877567461e-04,0.00000000000000e+00	2.39440668651607e-05,0.00000000000000e+00	2.39440668651607e-05,0.00000000000000e+00	8.90238145750491e-03,0.00000000000000e+00
3.02712249687239e+06	8.88595987006100e-03,0.00000000000000e+00	1.85936692727923e-04,0.00000000000000e+00	2.39463196492721e-05,0.00000000000000e+00	2.39463196492721e-05,0.00000000000000e+00	8.88595987006262e-03,0.00000000000000e+00
3.03410073491864e+06	8.86955365218757e-03,0.00000000000000e+00	1.85604822608535e-04,0.00000000000000e+00	2.39484986405494e-05,0.00000000000000e+00	2.39484986405494e-05,0.00000000000000e+00	8.86955365218680e-03,0.00000000000000e+00
3.04109505946496e+06	8.85316287210701e-03,0.00000000000000e+00	1.85273268543230e-04,0.00000000000000e+00	2.39506038245566e-05,0.00000000000000e+00	2.39506038245566e-05,0.00000000000000e+00	8.85316287210790e-03,0.00000000000000e+00
3.04810550759455e+06	8.83678759760351e-03,0.00000000000000e+00	1.84942031856389e-04,0.00000000000000e+00	2.39526351873464e-05,0.00000000000000e+00	2.39526351873464e-05,0.00000000000000e+00	8.83678759760362e-03,0.00000000000000e+00
3.05513211647612e+06	8.82042789600262e-03,0.00000000000000e+00	1.84611113862919e-04,0.00000000000000e+00	2.39545927154699e-05,0.00000000000000e+00	2.39545927154699e-05,0.00000000000000e+00	8.82042789600280e-03,0.00000000000000e+00
3.06217492336403e+06	8.80408383418799e-03,0.00000000000000e+00	1.84280515868312e-04,0.00000000000000e+00	2.39564763959831e-05,0.00000000000000e+00	2.39564763959831e-05,0.00000000000000e+00	8.80408383418817e-03,0.00000000000000e+00
3.06923396559856e+06	8.78775547858759e-03,0.00000000000000e+00	1.83950239168467e-04,0.00000000000000e+00	2.39582862164215e-05,0.00000000000000e+00	2.39582862164215e-05,0.00000000000000e+00	8.78775547858761e-03,0.00000000000000e+00
3.07630928060604e+06	8.77144289518529e-03,0.00000000000000e+00	1.83620285049900e-04,0.00000000000000e+00	2.39600221648273e-05,0.00000000000000e+00	2.39600221648273e-05,0.00000000000000e+00	8.77144289518453e-03,0.00000000000000e+00
3.08340090589909e+06	8.75514614951229e-03,0.00000000000000e+00	1.83290654789625e-04,0.00000000000000e+00	2.39616842297319e-05,0.00000000000000e+00	2.39616842297319e-05,0.00000000000000e+00	8.75514614951171e-03,0.00000000000000e+00
3.09050887907680e+06	8.73886530665417e-03,0.00000000000000e+00	1.82961349655204e-04,0.00000000000000e+00	2.39632724001615e-05,0.00000000000000e+00	2.39632724001615e-05,0.00000000000000e+00	8.73886530665410e-03,0.00000000000000e+00
3.09763323782493e+06	8.72260043124572e-03,0.00000000000000e+00	1.82632370904683e-04,0.00000000000000e+00	2.39647866656266e-05,0.00000000000000e+00	2.39647866656266e-05,0.00000000000000e+00	8.72260043124525e-03,0.00000000000000e+00
3.10477401991613e+06	8.70635158747684e-03,0.00000000000000e+00	1.82303719786773e-04,0.00000000000000e+00	2.39662270161456e-05,0.00000000000000e+00	2.39662270161456e-05,0.00000000000000e+00	8.70635158747642e-03,0.00000000000000e+00
3.11193126321012e+06	8.69011883908715e-03,0.00000000000000e+00	1.81975397540654e-04,0.00000000000000e+00	2.39675934422163e-05,0.00000000000000e+00	2.39675934422163e-05,0.00000000000000e+00	8.69011883908681e-03,0.00000000000000e+00
3.11910500565387e+06	8.67390224936776e-03,0.00000000000000e+00	1.81647405396057e-04,0.00000000000000e+00	2.39688859348263e-05,0.00000000000000e+00	2.39688859348263e-05,0.00000000000000e+00	8.67390224936759e-03,0.00000000000000e+00
3.12629528528188e+06	8.65770188116316e-03,0.00000000000000e+00	1.81319744573301e-04,0.00000000000000e+00	2.39701044854553e-05,0.00000000000000e+00	2.39701044854553e-05,0.00000000000000e+00	8.65770188116356e-03,0.00000000000000e+00
3.13350214021627e+06	8.64151779687517e-03,0.00000000000000e+00	1.80992416283347e-04,0.00000000000000e+00	2.39712490860821e-05,0.00000000000000e+00	2.39712490860821e-05,0.00000000000000e+00	8.64151779687591e-03,0.00000000000000e+00
3.14072560866707e+06	8.62535005845510e-03,0.00000000000000e+00	1.80665421727658e-04,0.00000000000000e+00	2.39723197291633e-05,0.00000000000000e+00	2.39723197291633e-05,0.00000000000000e+00	8.62535005845508e-03,0.00000000000000e+00
3.14796572893241e+06	8.60919872741092e-03,0.00000000000000e+00	1.80338762098408e-04,0.00000000000000e+00	2.39733164076604e-05,0.00000000000000e+00	2.39733164076604e-05,0.00000000000000e+00	8.60919872741119e-03,0.00000000000000e+00
3.15522253939866e+06	8.59306386480034e-03,0.00000000000000e+00	1.80012438578210e-04,0.00000000000000e+00	2.39742391150014e-05,0.00000000000000e+00	2.39742391150014e-05,0.00000000000000e+00	8.59306386480061e-03,0.00000000000000e+00
3.16249607854073e+06	8.57694553124224e-03,0.00000000000000e+00	1.79686452340436e-04,0.00000000000000e+00	2.39750878451220e-05,0.00000000000000e+00	2.39750878451220e-05,0.00000000000000e+00	8.57694553124141e-03,0.00000000000000e+00
3.16978638492219e+06	8.56084378690226e-03,0.00000000000000e+00	1.79360804548991e-04,0.00000000000000e+00	2.39758625924343e-05,0.00000000000000e+00	2.39758625924343e-05,0.00000000000000e+00	8.56084378690252e-03,0.00000000000000e+00
3.17709349719552e+06	8.54475869150948e-03,0.00000000000000e+00	1.79035496358455e-04,0.00000000000000e+00	2.39765633518434e-05,0.00000000000000e+00	2.39765633518434e-05,0.00000000000000e+00	8.54475869151042e-03,0.00000000000000e+00
3.18441745410231e+06	8.52869030434854e-03,0.00000000000000e+00	1.78710528914067e-04,0.00000000000000e+00	2.39771901187442e-05,0.00000000000000e+00	2.39771901187442e-05,0.00000000000000e+00	8.52869030434835e-03,0.00000000000000e+00
3.19175829447343e+06	8.51263868425443e-03,0.00000000000000e+00	1.78385903351684e-04,0.00000000000000e+00	2.39777428890135e-05,0.00000000000000e+00	2.39777428890135e-05,0.00000000000000e+00	8.51263868425425e-03,0.00000000000000e+00
3.19911605722930e+06	8.49660388962535e-03,0.00000000000000e+00	1.78061620797843e-04,0.00000000000000e+00	2.39782216590174e-05,0.00000000000000e+00	2.39782216590174e-05,0.00000000000000e+00	8.49660388962381e-03,0.00000000000000e+00
3.20649078138005e+06	8.48058597841222e-03,0.00000000000000e+00	1.77737682369798e-04,0.00000000000000e+00	2.39786264256143e-05,0.00000000000000e+00	2.39786264256143e-05,0.00000000000000e+00	8.48058597841211e-03,0.00000000000000e+00
3.21388250602572e+06	8.46458500812851e-03,0.00000000000000e+00	1.77414089175405e-04,0.00000000000000e+00	2.39789571861371e-05,0.00000000000000e+00	2.39789571861371e-05,0.00000000000000e+00	8.46458500812808e-03,0.00000000000000e+00
3.22129127035651e+06	8.44860103584262e-03,0.00000000000000e+00	1.77090842313287e-04,0.00000000000000e+00	2.39792139384143e-05,0.00000000000000e+00	2.39792139384143e-05,0.00000000000000e+00	8.44860103584232e-03,0.00000000000000e+00
3.22871711365294e+06	8.43263411818672e-03,0.00000000000000e+00	1.76767942872820e-04,0.00000000000000e+00	2.39793966807663e-05,0.00000000000000e+00	2.39793966807663e-05,0.00000000000000e+00	8.43263411818650e-03,0.00000000000000e+00
3.23616007528610e+06	8.41668431134616e-03,0.00000000000000e+00	1.76445391933993e-04,0.00000000000000e+00	2.39795054119842e-05,0.00000000000000e+00	2.39795054119842e-05,0.00000000000000e+00	8.41668431134648e-03,0.00000000000000e+00
3.24362019471782e+06	8.40075167107505e-03,0.00000000000000e+00	1.76123190567652e-04,0.00000000000000e+00	2.39795401313613e-05,0.00000000000000e+00	2.39795401313613e-05,0.00000000000000e+00	8.40075167107401e-03,0.00000000000000e+00
3.25109751150093e+06	8.38483625267645e-03,0.00000000000000e+00	1.75801339835281e-04,0.00000000000000e+00	2.39795008386616e-05,0.00000000000000e+00	2.39795008386616e-05,0.00000000000000e+00	8.38483625267623e-03,0.00000000000000e+00
3.25859206527941e+06	8.36893811102831e-03,0.00000000000000e+00	1.75479840789275e-04,0.00000000000000e+00	2.39793875341547e-05,0.00000000000000e+00	2.39793875341547e-05,0.00000000000000e+00	8.36893811102856e-03,0.00000000000000e+00
3.26610389578863e+06	8.35305730055944e-03,0.00000000000000e+00	1.75158694472617e-04,0.00000000000000e+00	2.39792002185702e-05,0.00000000000000e+00	2.39792002185702e-05,0.00000000000000e+00	8.35305730055941e-03,0.00000000000000e+00
3.27363304285558e+06	8.33719387527174e-03,0.00000000000000e+00	1.74837901919334e-04,0.00000000000000e+00	2.39789388931578e-05,0.00000000000000e+00	2.39789388931578e-05,0.00000000000000e+00	8.33719387527159e-03,0.00000000000000e+00
3.28117954639904e+06	8.32134788872050e-03,0.00000000000000e+00	1.74517464154042e-04,0.00000000000000e+00	2.39786035596234e-05,0.00000000000000e+00	2.39786035596234e-05,0.00000000000000e+00	8.32134788872098e-03,0.00000000000000e+00
3.28874344642983e+06	8.30551939403216e-03,0.00000000000000e+00	1.74197382192303e-04,0.00000000000000e+00	2.39781942201754e-05,0.00000000000000e+00	2.39781942201755e-05,0.00000000000000e+00	8.30551939403310e-03,0.00000000000000e+00
3.29632478305098e+06	8.28970844389481e-03,0.00000000000000e+00	1.73877657040453e-04,0.00000000000000e+00	2.39777108775004e-05,0.00000000000000e+00	2.39777108775004e-05,0.00000000000000e+00	8.28970844389518e-03,0.00000000000000e+00
3.30392359645799e+06	8.27391509056349e-03,0.00000000000000e+00	1.73558289695752e-04,0.00000000000000e+00	2.39771535347800e-05,0.00000000000000e+00	2.39771535347800e-05,0.00000000000000e+00	8.27391509056301e-03,0.00000000000000e+00
3.31153992693902e+06	8.25813938585797e-03,0.00000000000000e+00	1.73239281146320e-04,0.00000000000000e+00	2.39765221956816e-05,0.00000000000000e+00	2.39765221956816e-05,0.00000000000000e+00	8.25813938585798e-03,0.00000000000000e+00
3.31917381487508e+06	8.24238138116571e-03,0.00000000000000e+00	1.72920632371129e-04,0.00000000000000e+00	2.39758168643541e-05,0.00000000000000e+00	2.39758168643541e-05,0.00000000000000e+00	8.24238138116658e-03,0.00000000000000e+00
3.32682530074030e+06	8.22664112744337e-03,0.00000000000000e+00	1.72602344340041e-04,0.00000000000000e+00	2.39750375454321e-05,0.00000000000000e+00	2.39750375454321e-05,0.00000000000000e+00	8.22664112744234e-03,0.00000000000000e+00
3.33449442510209e+06	8.21091867521116e-03,0.00000000000000e+00	1.72284418013936e-04,0.00000000000000e+00	2.39741842440502e-05,0.00000000000000e+00	2.39741842440502e-05,0.00000000000000e+00	8.21091867521147e-03,0.00000000000000e+00
3.34218122862138e+06	8.19521407456639e-03,0.00000000000000e+00	1.71966854344564e-04,0.00000000000000e+00	2.39732569658221e-05,0.00000000000000e+00	2.39732569658221e-05,0.00000000000000e+00	8.19521407456629e-03,0.00000000000000e+00
3.34988575205283e+06	8.17952737516902e-03,0.00000000000000e+00	1.71649654274624e-04,0.00000000000000e+00	2.39722557168477e-05,0.00000000000000e+00	2.39722557168477e-05,0.00000000000000e+00	8.17952737516850e-03,0.00000000000000e+00
3.35760803624508e+06	8.16385862625000e-03,0.00000000000000e+00	1.71332818737776e-04,0.00000000000000e+00	2.39711805037139e-05,0.00000000000000e+00	2.39711805037139e-05,0.00000000000000e+00	8.16385862624991e-03,0.00000000000000e+00
3.36534812214089e+06	8.14820787661878e-03,0.00000000000000e+00	1.71016348658763e-04,0.00000000000000e+00	2.39700313335084e-05,0.00000000000000e+00	2.39700313335084e-05,0.00000000000000e+00	8.14820787661810e-03,0.00000000000000e+00
3.37310605077744e+06	8.13257517465035e-03,0.00000000000000e+00	1.70700244953274e-04,0.00000000000000e+00	2.39688082137997e-05,0.00000000000000e+00	2.39688082137997e-05,0.00000000000000e+00	8.13257517464998e-03,0.00000000000000e+00
3.38088186328649e+06	8.11696056829691e-03,0.00000000000000e+00	1.70384508528042e-04,0.00000000000000e+00	2.39675111526473e-05,0.00000000000000e+00	2.39675111526473e-05,0.00000000000000e+00	8.11696056829626e-03,0.00000000000000e+00
3.38867560089462e+06	8.10136410508311e-03,0.00000000000000e+00	1.70069140280861e-04,0.00000000000000e+00	2.39661401586028e-05,0.00000000000000e+00	2.39661401586028e-05,0.00000000000000e+00	8.10136410508224e-03,0.00000000000000e+00
3.39648730492345e+06	8.08578583210432e-03,0.00000000000000e+00	1.69754141100504e-04,0.00000000000000e+00	2.39646952406955e-05,0.00000000000000e+00	2.39646952406955e-05,0.00000000000000e+00	8.08578583210389e-03,0.00000000000000e+00
3.40431701678986e+06	8.07022579603985e-03,0.00000000000000e+00	1.69439511866970e-04,0.00000000000000e+00	2.39631764084655e-05,0.00000000000000e+00	2.39631764084655e-05,0.00000000000000e+00	8.07022579603953e-03,0.00000000000000e+00
3.41216477800620e+06	8.05468404313990e-03,0.00000000000000e+00	1.69125253451277e-04,0.00000000000000e+00	2.39615836719315e-05,0.00000000000000e+00	2.39615836719315e-05,0.00000000000000e+00	8.05468404313986e-03,0.00000000000000e+00
3.42003063018053e+06	8.03916061923699e-03,0.00000000000000e+00	1.68811366715658e-04,0.00000000000000e+00	2.39599170416169e-05,0.00000000000000e+00	2.39599170416169e-05,0.00000000000000e+00	8.03916061923728e-03,0.00000000000000e+00
3.42791461501681e+06	8.02365556973609e-03,0.00000000000000e+00	1.68497852513327e-04,0.00000000000000e+00	2.39581765285144e-05,0.00000000000000e+00	2.39581765285144e-05,0.00000000000000e+00	8.02365556973480e-03,0.00000000000000e+00
3.43581677431513e+06	8.00816893962268e-03,0.00000000000000e+00	1.68184711688830e-04,0.00000000000000e+00	2.39563621441329e-05,0.00000000000000e+00	2.39563621441329e-05,0.00000000000000e+00	8.00816893962250e-03,0.00000000000000e+00
3.44373714997197e+06	7.99270077346588e-03,0.00000000000000e+00	1.67871945077789e-04,0.00000000000000e+00	2.39544739004587e-05,0.00000000000000e+00	2.39544739004587e-05,0.00000000000000e+00	7.99270077346530e-03,0.00000000000000e+00
3.45167578398036e+06	7.97725111541519e-03,0.00000000000000e+00	1.67559553507145e-04,0.00000000000000e+00	2.39525118099887e-05,0.00000000000000e+00	2.39525118099887e-05,0.00000000000000e+00	7.97725111541466e-03,0.00000000000000e+00
3.45963271843016e+06	7.96182000920179e-03,0.00000000000000e+00	1.67247537795008e-04,0.00000000000000e+00	2.39504758857057e-05,0.00000000000000e+00	2.39504758857057e-05,0.00000000000000e+00	7.96182000920112e-03,0.00000000000000e+00
3.46760799550823e+06	7.94640749813764e-03,0.00000000000000e+00	1.66935898750701e-04,0.00000000000000e+00	2.39483661410828e-05,0.00000000000000e+00	2.39483661410828e-05,0.00000000000000e+00	7.94640749813651e-03,0.00000000000000e+00
3.47560165749871e+06	7.93101362512004e-03,0.00000000000000e+00	1.66624637174881e-04,0.00000000000000e+00	2.39461825900983e-05,0.00000000000000e+00	2.39461825900983e-05,0.00000000000000e+00	7.93101362511965e-03,0.00000000000000e+00
3.48361374678318e+06	7.91563843263467e-03,0.00000000000000e+00	1.66313753859513e-04,0.00000000000000e+00	2.39439252472291e-05,0.00000000000000e+00	2.39439252472291e-05,0.00000000000000e+00	7.91563843263494e-03,0.00000000000000e+00
3.49164430584096e+06	7.90028196274948e-03,0.00000000000000e+00	1.66003249587794e-04,0.00000000000000e+00	2.39415941274377e-05,0.00000000000000e+00	2.39415941274377e-05,0.00000000000000e+00	7.90028196274859e-03,0.00000000000000e+00
3.49969337724927e+06	7.88494425711940e-03,0.00000000000000e+00	1.65693125134368e-04,0.00000000000000e+00	2.39391892462008e-05,0.00000000000000e+00	2.39391892462009e-05,0.00000000000000e+00	7.88494425711915e-03,0.00000000000000e+00
3.50776100368348e+06	7.86962535698775e-03,0.00000000000000e+00	1.65383381265130e-04,0.00000000000000e+00	2.39367106194788e-05,0.00000000000000e+00	2.39367106194788e-05,0.00000000000000e+00	7.86962535698778e-03,0.00000000000000e+00
3.51584722791734e+06	7.85432530319364e-03,0.00000000000000e+00	1.65074018737524e-04,0.00000000000000e+00	2.39341582637551e-05,0.00000000000000e+00	2.39341582637551e-05,0.00000000000000e+00	7.85432530319238e-03,0.00000000000000e+00
3.52395209282321e+06	7.83904413615065e-03,0.00000000000000e+00	1.64765038300187e-04,0.00000000000000e+00	2.39315321959837e-05,0.00000000000000e+00	2.39315321959837e-05,0.00000000000000e+00	7.83904413615078e-03,0.00000000000000e+00
3.53207564137228e+06	7.82378189588129e-03,0.00000000000000e+00	1.64456440693373e-04,0.00000000000000e+00	2.39288324336474e-05,0.00000000000000e+00	2.39288324336474e-05,0.00000000000000e+00	7.82378189588076e-03,0.00000000000000e+00
3.54021791663480e+06	7.80853862198797e-03,0.00000000000000e+00	1.64148226648706e-04,0.00000000000000e+00	2.39260589947192e-05,0.00000000000000e+00	2.39260589947192e-05,0.00000000000000e+00	7.80853862198805e-03,0.00000000000000e+00
3.54837896178028e+06	7.79331435367173e-03,0.00000000000000e+00	1.63840396889298e-04,0.00000000000000e+00	2.39232118976774e-05,0.00000000000000e+00	2.39232118976774e-05,0.00000000000000e+00	7.79331435367217e-03,0.00000000000000e+00
3.55655882007780e+06	7.77810912972484e-03,0.00000000000000e+00	1.63532952129726e-04,0.00000000000000e+00	2.39202911614995e-05,0.00000000000000e+00	2.39202911614995e-05,0.00000000000000e+00	7.77810912972509e-03,0.00000000000000e+00
3.56475753489613e+06	7.76292298854092e-03,0.00000000000000e+00	1.63225893076254e-04,0.00000000000000e+00	2.39172968056920e-05,0.00000000000000e+00	2.39172968056920e-05,0.00000000000000e+00	7.76292298854171e-03,0.00000000000000e+00
3.57297514970405e+06	7.74775596810320e-03,0.00000000000000e+00	1.62919220426463e-04,0.00000000000000e+00	2.39142288502336e-05,0.00000000000000e+00	2.39142288502336e-05,0.00000000000000e+00	7.74775596810218e-03,0.00000000000000e+00
3.58121170807054e+06	7.73260810599157e-03,0.00000000000000e+00	1.62612934869668e-04,0.00000000000000e+00	2.39110873156338e-05,0.00000000000000e+00	2.39110873156338e-05,0.00000000000000e+00	7.73260810599178e-03,0.00000000000000e+00
3.58946725366500e+06	7.71747943939250e-03,0.00000000000000e+00	1.62307037086745e-04,0.00000000000000e+00	2.39078722229055e-05,0.00000000000000e+00	2.39078722229055e-05,0.00000000000000e+00	7.71747943939258e-03,0.00000000000000e+00
3.59774183025753e+06	7.70237000508790e-03,0.00000000000000e+00	1.62001527750235e-04,0.00000000000000e+00	2.39045835935763e-05,0.00000000000000e+00	2.39045835935763e-05,0.00000000000000e+00	7.70237000508812e-03,0.00000000000000e+00
3.60603548171909e+06	7.68727983946003e-03,0.00000000000000e+00	1.61696407524264e-04,0.00000000000000e+00	2.39012214496757e-05,0.00000000000000e+00	2.39012214496757e-05,0.00000000000000e+00	7.68727983945983e-03,0.00000000000000e+00
3.61434825202180e+06	7.67220897849530e-03,0.00000000000000e+00	1.61391677064720e-04,0.00000000000000e+00	2.38977858137572e-05,0.00000000000000e+00	2.38977858137572e-05,0.00000000000000e+00	7.67220897849514e-03,0.00000000000000e+00
3.62268018523915e+06	7.65715745777493e-03,0.00000000000000e+00	1.61087337019009e-04,0.00000000000000e+00	2.38942767088603e-05,0.00000000000000e+00	2.38942767088603e-05,0.00000000000000e+00	7.65715745777589e-03,0.00000000000000e+00
3.63103132554622e+06	7.64212531249948e-03,0.00000000000000e+00	1.60783388026519e-04,0.00000000000000e+00	2.38906941585764e-05,0.00000000000000e+00	2.38906941585764e-05,0.00000000000000e+00	7.64212531250029e-03,0.00000000000000e+00
3.63940171721992e+06	7.62711257746305e-03,0.00000000000000e+00	1.60479830718207e-04,0.00000000000000e+00	2.38870381869848e-05,0.00000000000000e+00	2.38870381869848e-05,0.00000000000000e+00	7.62711257746326e-03,0.00000000000000e+00
3.64779140463922e+06	7.61211928706890e-03,0.00000000000000e+00	1.60176665716868e-04,0.00000000000000e+00	2.38833088186903e-05,0.00000000000000e+00	2.38833088186903e-05,0.00000000000000e+00	7.61211928706913e-03,0.00000000000000e+00
3.65620043228543e+06	7.59714547533353e-03,0.00000000000000e+00	1.59873893637166e-04,0.00000000000000e+00	2.38795060788240e-05,0.00000000000000e+00	2.38795060788240e-05,0.00000000000000e+00	7.59714547533286e-03,0.00000000000000e+00
3.66462884474237e+06	7.58219117587358e-03,0.00000000000000e+00	1.59571515085483e-04,0.00000000000000e+00	2.38756299930197e-05,0.00000000000000e+00	2.38756299930197e-05,0.00000000000000e+00	7.58219117587306e-03,0.00000000000000e+00
3.67307668669664e+06	7.56725642192171e-03,0.00000000000000e+00	1.59269530660121e-04,0.00000000000000e+00	2.38716805874400e-05,0.00000000000000e+00	2.38716805874400e-05,0.00000000000000e+00	7.56725642192131e-03,0.00000000000000e+00
3.68154400293786e+06	7.55234124632215e-03,0.00000000000000e+00	1.58967940951303e-04,0.00000000000000e+00	2.38676578887742e-05,0.00000000000000e+00	2.38676578887742e-05,0.00000000000000e+00	7.55234124632218e-03,0.00000000000000e+00
3.69003083835889e+06	7.53744568152931e-03,0.00000000000000e+00	1.58666746541103e-04,0.00000000000000e+00	2.38635619242251e-05,0.00000000000000e+00	2.38635619242251e-05,0.00000000000000e+00	7.53744568152981e-03,0.00000000000000e+00
3.69853723795610e+06	7.52256975960936e-03,0.00000000000000e+00	1.58365948003496e-04,0.00000000000000e+00	2.38593927215137e-05,0.00000000000000e+00	2.38593927215137e-05,0.00000000000000e+00	7.52256975961028e-03,0.00000000000000e+00
3.70706324682957e+06	7.50771351225345e-03,0.00000000000000e+00	1.58065545904605e-04,0.00000000000000e+00	2.38551503089136e-05,0.00000000000000e+00	2.38551503089136e-05,0.00000000000000e+00	7.50771351225318e-03,0.00000000000000e+00
3.71560891018334e+06	7.49287697075728e-03,0.00000000000000e+00	1.57765540802391e-04,0.00000000000000e+00	2.38508347152008e-05,0.00000000000000e+00	2.38508347152008e-05,0.00000000000000e+00	7.49287697075671e-03,0.00000000000000e+00
3.72417427332568e+06	7.47806016603592e-03,0.00000000000000e+00	1.57465933246821e-04,0.00000000000000e+00	2.38464459696778e-05,0.00000000000000e+00	2.38464459696778e-05,0.00000000000000e+00	7.47806016603584e-03,0.00000000000000e+00
3.73275938166929e+06	7.46326312863120e-03,0.00000000000000e+00	1.57166723780071e-04,0.00000000000000e+00	2.38419841021994e-05,0.00000000000000e+00	2.38419841021994e-05,0.00000000000000e+00	7.46326312863154e-03,0.00000000000000e+00
3.74136428073155e+06	7.44848588869654e-03,0.00000000000000e+00	1.56867912936234e-04,0.00000000000000e+00	2.38374491431277e-05,0.00000000000000e+00	2.38374491431277e-05,0.00000000000000e+00	7.44848588869712e-03,0.00000000000000e+00
3.74998901613478e+06	7.43372847600947e-03,0.00000000000000e+00	1.56569501241571e-04,0.00000000000000e+00	2.38328411233657e-05,0.00000000000000e+00	2.38328411233657e-05,0.00000000000000e+00	7.43372847600983e-03,0.00000000000000e+00
3.75863363360648e+06	7.41899091997271e-03,0.00000000000000e+00	1.56271489214535e-04,0.00000000000000e+00	2.38281600743589e-05,0.00000000000000e+00	2.38281600743589e-05,0.00000000000000e+00	7.41899091997203e-03,0.00000000000000e+00
3.76729817897955e+06	7.40427324960547e-03,0.00000000000000e+00	1.55973877365631e-04,0.00000000000000e+00	2.38234060280714e-05,0.00000000000000e+00	2.38234060280714e-05,0.00000000000000e+00	7.40427324960454e-03,0.00000000000000e+00
3.77598269819253e+06	7.38957549355835e-03,0.00000000000000e+00	1.55676666197666e-04,0.00000000000000e+00	2.38185790170199e-05,0.00000000000000e+00	2.38185790170199e-05,0.00000000000000e+00	7.38957549355810e-03,0.00000000000000e+00
3.78468723728989e+06	7.37489768010611e-03,0.00000000000000e+00	1.55379856205579e-04,0.00000000000000e+00	2.38136790742461e-05,0.00000000000000e+00	2.38136790742461e-05,0.00000000000000e+00	7.37489768010558e-03,0.00000000000000e+00
3.79341184242224e+06	7.36023983715176e-03,0.00000000000000e+00	1.55083447876642e-04,0.00000000000000e+00	2.38087062333439e-05,0.00000000000000e+00	2.38087062333439e-05,0.00000000000000e+00	7.36023983715121e-03,0.00000000000000e+00
3.80215655984654e+06	7.34560199222444e-03,0.00000000000000e+00	1.54787441690343e-04,0.00000000000000e+00	2.38036605284389e-05,0.00000000000000e+00	2.38036605284389e-05,0.00000000000000e+00	7.34560199222499e-03,0.00000000000000e+00
3.81092143592644e+06	7.33098417248537e-03,0.00000000000000e+00	1.54491838118466e-04,0.00000000000000e+00	2.37985419941972e-05,0.00000000000000e+00	2.37985419941972e-05,0.00000000000000e+00	7.33098417248637e-03,0.00000000000000e+00
3.81970651713242e+06	7.31638640473145e-03,0.00000000000000e+00	1.54196637625258e-04,0.00000000000000e+00	2.37933506658487e-05,0.00000000000000e+00	2.37933506658487e-05,0.00000000000000e+00	7.31638640473217e-03,0.00000000000000e+00
3.82851185004211e+06	7.30180871538254e-03,0.00000000000000e+00	1.53901840667156e-04,0.00000000000000e+00	2.37880865791418e-05,0.00000000000000e+00	2.37880865791418e-05,0.00000000000000e+00	7.30180871538336e-03,0.00000000000000e+00
3.83733748134052e+06	7.28725113050172e-03,0.00000000000000e+00	1.53607447693142e-04,0.00000000000000e+00	2.37827497703953e-05,0.00000000000000e+00	2.37827497703953e-05,0.00000000000000e+00	7.28725113050204e-03,0.00000000000000e+00
3.84618345782026e+06	7.27271367578007e-03,0.00000000000000e+00	1.53313459144518e-04,0.00000000000000e+00	2.37773402764605e-05,0.00000000000000e+00	2.37773402764605e-05,0.00000000000000e+00	7.27271367578039e-03,0.00000000000000e+00
3.85504982638181e+06	7.25819637655058e-03,0.00000000000000e+00	1.53019875455097e-04,0.00000000000000e+00	2.37718581347478e-05,0.00000000000000e+00	2.37718581347478e-05,0.00000000000000e+00	7.25819637654990e-03,0.00000000000000e+00
3.86393663403379e+06	7.24369925778111e-03,0.00000000000000e+00	1.52726697051211e-04,0.00000000000000e+00	2.37663033832253e-05,0.00000000000000e+00	2.37663033832253e-05,0.00000000000000e+00	7.24369925778151e-03,0.00000000000000e+00
3.87284392789316e+06	7.22922234408028e-03,0.00000000000000e+00	1.52433924351601e-04,0.00000000000000e+00	2.37606760603980e-05,0.00000000000000e+00	2.37606760603980e-05,0.00000000000000e+00	7.22922234408023e-03,0.00000000000000e+00
3.88177175518550e+06	7.21476565969733e-03,0.00000000000000e+00	1.52141557767679e-04,0.00000000000000e+00	2.37549762053463e-05,0.00000000000000e+00	2.37549762053463e-05,0.00000000000000e+00	7.21476565969769e-03,0.00000000000000e+00
3.89072016324527e+06	7.20032922852199e-03,0.00000000000000e+00	1.51849597703326e-04,0.00000000000000e+00	2.37492038576908e-05,0.00000000000000e+00	2.37492038576909e-05,0.00000000000000e+00	7.20032922852224e-03,0.00000000000000e+00
3.89968919951603e+06	7.18591307409137e-03,0.00000000000000e+00	1.51558044555181e-04,0.00000000000000e+00	2.37433590576348e-05,0.00000000000000e+00	2.37433590576348e-05,0.00000000000000e+00	7.18591307409262e-03,0.00000000000000e+00
3.90867891155073e+06	7.17151721958318e-03,0.00000000000000e+00	1.51266898712315e-04,0.00000000000000e+00	2.37374418459104e-05,0.00000000000000e+00	2.37374418459104e-05,0.00000000000000e+00	7.17151721958255e-03,0.00000000000000e+00
3.91768934701192e+06	7.15714168781772e-03,0.00000000000000e+00	1.50976160556621e-04,0.00000000000000e+00	2.37314522638355e-05,0.00000000000000e+00	2.37314522638355e-05,0.00000000000000e+00	7.15714168781879e-03,0.00000000000000e+00
3.92672055367203e+06	7.14278650127341e-03,0.00000000000000e+00	1.50685830462626e-04,0.00000000000000e+00	2.37253903532827e-05,0.00000000000000e+00	2.37253903532827e-05,0.00000000000000e+00	7.14278650127249e-03,0.00000000000000e+00
3.93577257941363e+06	7.12845168206535e-03,0.00000000000000e+00	1.50395908797621e-04,0.00000000000000e+00	2.37192561566955e-05,0.00000000000000e+00	2.37192561566955e-05,0.00000000000000e+00	7.12845168206500e-03,0.00000000000000e+00
3.94484547222965e+06	7.11413725196580e-03,0.00000000000000e+00	1.50106395921619e-04,0.00000000000000e+00	2.37130497170787e-05,0.00000000000000e+00	2.37130497170787e-05,0.00000000000000e+00	7.11413725196583e-03,0.00000000000000e+00
3.95393928022366e+06	7.09984323239799e-03,0.00000000000000e+00	1.49817292187479e-04,0.00000000000000e+00	2.37067710780158e-05,0.00000000000000e+00	2.37067710780158e-05,0.00000000000000e+00	7.09984323239856e-03,0.00000000000000e+00
3.96305405161013e+06	7.08556964443615e-03,0.00000000000000e+00	1.49528597940823e-04,0.00000000000000e+00	2.37004202836512e-05,0.00000000000000e+00	2.37004202836512e-05,0.00000000000000e+00	7.08556964443656e-03,0.00000000000000e+00
3.97218983471468e+06	7.07131650880981e-03,0.00000000000000e+00	1.49240313520181e-04,0.00000000000000e+00	2.36939973787115e-05,0.00000000000000e+00	2.36939973787115e-05,0.00000000000000e+00	7.07131650880997e-03,0.00000000000000e+00
3.98134667797431e+06	7.05708384590292e-03,0.00000000000000e+00	1.48952439256931e-04,0.00000000000000e+00	2.36875024084916e-05,0.00000000000000e+00	2.36875024084916e-05,0.00000000000000e+00	7.05708384590262e-03,0.00000000000000e+00
3.99052462993770e+06	7.04287167575653e-03,0.00000000000000e+00	1.48664975475399e-04,0.00000000000000e+00	2.36809354188683e-05,0.00000000000000e+00	2.36809354188683e-05,0.00000000000000e+00	7.04287167575673e-03,0.00000000000000e+00
3.99972373926542e+06	7.02868001807119e-03,0.00000000000000e+00	1.48377922492823e-04,0.00000000000000e+00	2.36742964562906e-05,0.00000000000000e+00	2.36742964562906e-05,0.00000000000000e+00	7.02868001807097e-03,0.00000000000000e+00
4.00894405473026e+06	7.01450889220492e-03,0.00000000000000e+00	1.48091280619449e-04,0.00000000000000e+00	2.36675855677930e-05,0.00000000000000e+00	2.36675855677930e-05,0.00000000000000e+00	7.01450889220516e-03,0.00000000000000e+00
4.01818562521739e+06	7.00035831717857e-03,0.00000000000000e+00	1.47805050158499e-04,0.00000000000000e+00	2.36608028009855e-05,0.00000000000000e+00	2.36608028009855e-05,0.00000000000000e+00	7.00035831717838e-03,0.00000000000000e+00
4.02744849972471e+06	6.98622831167690e-03,0.00000000000000e+00	1.47519231406338e-04,0.00000000000000e+00	2.36539482040787e-05,0.00000000000000e+00	2.36539482040787e-05,0.00000000000000e+00	6.98622831167688e-03,0.00000000000000e+00
4.03673272736306e+06	6.97211889404254e-03,0.00000000000000e+00	1.47233824652230e-04,0.00000000000000e+00	2.36470218258403e-05,0.00000000000000e+00	2.36470218258403e-05,0.00000000000000e+00	6.97211889404241e-03,0.00000000000000e+00
4.04603835735648e+06	6.95803008229223e-03,0.00000000000000e+00	1.46948830178762e-04,0.00000000000000e+00	2.36400237156603e-05,0.00000000000000e+00	2.36400237156603e-05,0.00000000000000e+00	6.95803008229215e-03,0.00000000000000e+00
4.05536543904250e+06	6.94396189410145e-03,0.00000000000000e+00	1.46664248261481e-04,0.00000000000000e+00	2.36329539234901e-05,0.00000000000000e+00	2.36329539234901e-05,0.00000000000000e+00	6.94396189410155e-03,0.00000000000000e+00
4.06471402187238e+06	6.92991434681694e-03,0.00000000000000e+00	1.46380079169162e-04,0.00000000000000e+00	2.36258124998810e-05,0.00000000000000e+00	2.36258124998810e-05,0.00000000000000e+00	6.92991434681668e-03,0.00000000000000e+00
4.07408415541137e+06	6.91588745745520e-03,0.00000000000000e+00	1.46096323163813e-04,0.00000000000000e+00	2.36185994959826e-05,0.00000000000000e+00	2.36185994959826e-05,0.00000000000000e+00	6.91588745745451e-03,0.00000000000000e+00
4.08347588933899e+06	6.90188124270455e-03,0.00000000000000e+00	1.45812980500732e-04,0.00000000000000e+00	2.36113149635486e-05,0.00000000000000e+00	2.36113149635486e-05,0.00000000000000e+00	6.90188124270537e-03,0.00000000000000e+00
4.09288927344928e+06	6.88789571892061e-03,0.00000000000000e+00	1.45530051428260e-04,0.00000000000000e+00	2.36039589548936e-05,0.00000000000000e+00	2.36039589548936e-05,0.00000000000000e+00	6.88789571892143e-03,0.00000000000000e+00
4.10232435765106e+06	6.87393090214190e-03,0.00000000000000e+00	1.45247536188324e-04,0.00000000000000e+00	2.35965315229773e-05,0.00000000000000e+00	2.35965315229773e-05,0.00000000000000e+00	6.87393090214187e-03,0.00000000000000e+00
4.11178119196822e+06	6.85998680806969e-03,0.00000000000000e+00	1.44965435015959e-04,0.00000000000000e+00	2.35890327213243e-05,0.00000000000000e+00	2.35890327213243e-05,0.00000000000000e+00	6.85998680807050e-03,0.00000000000000e+00
4.12125982653993e+06	6.84606345209349e-03,0.00000000000000e+00	1.44683748139713e-04,0.00000000000000e+00	2.35814626040856e-05,0.00000000000000e+00	2.35814626040856e-05,0.00000000000000e+00	6.84606345209452e-03,0.00000000000000e+00
4.13076031162099e+06	6.83216084927599e-03,0.00000000000000e+00	1.44402475781489e-04,0.00000000000000e+00	2.35738212260108e-05,0.00000000000000e+00	2.35738212260108e-05,0.00000000000000e+00	6.83216084927720e-03,0.00000000000000e+00
4.14028269758201e+06	6.81827901435645e-03,0.00000000000000e+00	1.44121618156517e-04,0.00000000000000e+00	2.35661086424388e-05,0.00000000000000e+00	2.35661086424388e-05,0.00000000000000e+00	6.81827901435620e-03,0.00000000000000e+00
4.14982703490975e+06	6.80441796175565e-03,0.00000000000000e+00	1.43841175473630e-04,0.00000000000000e+00	2.35583249093408e-05,0.00000000000000e+00	2.35583249093408e-05,0.00000000000000e+00	6.80441796175674e-03,0.00000000000000e+00
4.15939337420732e+06	6.79057770558362e-03,0.00000000000000e+00	1.43561147935121e-04,0.00000000000000e+00	2.35504700832922e-05,0.00000000000000e+00	2.35504700832922e-05,0.00000000000000e+00	6.79057770558440e-03,0.00000000000000e+00
4.16898176619451e+06	6.77675825962858e-03,0.00000000000000e+00	1.43281535736792e-04,0.00000000000000e+00	2.35425442214785e-05,0.00000000000000e+00	2.35425442214785e-05,0.00000000000000e+00	6.77675825962771e-03,0.00000000000000e+00
4.17859226170801e+06	6.76295963735623e-03,0.00000000000000e+00	1.43002339067924e-04,0.00000000000000e+00	2.35345473816860e-05,0.00000000000000e+00	2.35345473816860e-05,0.00000000000000e+00	6.76295963735630e-03,0.00000000000000e+00
4.18822491170171e+06	6.74918185193375e-03,0.00000000000000e+00	1.42723558111558e-04,0.00000000000000e+00	2.35264796223446e-05,0.00000000000000e+00	2.35264796223446e-05,0.00000000000000e+00	6.74918185193413e-03,0.00000000000000e+00
4.19787976724698e+06	6.73542491620947e-03,0.00000000000000e+00	1.42445193044274e-04,0.00000000000000e+00	2.35183410024888e-05,0.00000000000000e+00	2.35183410024888e-05,0.00000000000000e+00	6.73542491620911e-03,0.00000000000000e+00
4.20755687953288e+06	6.72168884271639e-03,0.00000000000000e+00	1.42167244036277e-04,0.00000000000000e+00	2.35101315817675e-05,0.00000000000000e+00	2.35101315817675e-05,0.00000000000000e+00	6.72168884271673e-03,0.00000000000000e+00
4.21725629986651e+06	6.70797364368533e-03,0.00000000000000e+00	1.41889711251490e-04,0.00000000000000e+00	2.35018514204563e-05,0.00000000000000e+00	2.35018514204563e-05,0.00000000000000e+00	6.70797364368466e-03,0.00000000000000e+00
4.22697807967322e+06	6.69427933103531e-03,0.00000000000000e+00	1.41612594847615e-04,0.00000000000000e+00	2.34935005794641e-05,0.00000000000000e+00	2.34935005794641e-05,0.00000000000000e+00	6.69427933103523e-03,0.00000000000000e+00
4.23672227049693e+06	6.68060591638155e-03,0.00000000000000e+00	1.41335894976050e-04,0.00000000000000e+00	2.34850791203157e-05,0.00000000000000e+00	2.34850791203157e-05,0.00000000000000e+00	6.68060591638159e-03,0.00000000000000e+00
4.24648892400036e+06	6.66695341103103e-03,0.00000000000000e+00	1.41059611781947e-04,0.00000000000000e+00	2.34765871051579e-05,0.00000000000000e+00	2.34765871051579e-05,0.00000000000000e+00	6.66695341103016e-03,0.00000000000000e+00
4.25627809196535e+06	6.65332182599096e-03,0.00000000000000e+00	1.40783745404422e-04,0.00000000000000e+00	2.34680245967910e-05,0.00000000000000e+00	2.34680245967910e-05,0.00000000000000e+00	6.65332182599059e-03,0.00000000000000e+00
4.26608982629308e+06	6.63971117196479e-03,0.00000000000000e+00	1.40508295976320e-04,0.00000000000000e+00	2.34593916586262e-05,0.00000000000000e+00	2.34593916586262e-05,0.00000000000000e+00	6.63971117196443e-03,0.00000000000000e+00
4.27592417900439e+06	6.62612145935578e-03,0.00000000000000e+00	1.40233263624428e-04,0.00000000000000e+00	2.34506883547176e-05,0.00000000000000e+00	2.34506883547176e-05,0.00000000000000e+00	6.62612145935511e-03,0.00000000000000e+00
4.28578120224004e+06	6.61255269826677e-03,0.00000000000000e+00	1.39958648469440e-04,0.00000000000000e+00	2.34419147497521e-05,0.00000000000000e+00	2.34419147497521e-05,0.00000000000000e+00	6.61255269826613e-03,0.00000000000000e+00
4.29566094826099e+06	6.59900489850182e-03,0.00000000000000e+00	1.39684450625971e-04,0.00000000000000e+00	2.34330709090489e-05,0.00000000000000e+00	2.34330709090489e-05,0.00000000000000e+00	6.59900489850151e-03,0.00000000000000e+00
4.30556346944867e+06	6.58547806957254e-03,0.00000000000000e+00	1.39410670202673e-04,0.00000000000000e+00	2.34241568985751e-05,0.00000000000000e+00	2.34241568985751e-05,0.00000000000000e+00	6.58547806957141e-03,0.00000000000000e+00
4.31548881830526e+06	6.57197222069580e-03,0.00000000000000e+00	1.39137307302317e-04,0.00000000000000e+00	2.34151727849560e-05,0.00000000000000e+00	2.34151727849560e-05,0.00000000000000e+00	6.57197222069560e-03,0.00000000000000e+00
4.32543704745396e+06	6.55848736079159e-03,0.00000000000000e+00	1.38864362021538e-04,0.00000000000000e+00	2.34061186354281e-05,0.00000000000000e+00	2.34061186354281e-05,0.00000000000000e+00	6.55848736079140e-03,0.00000000000000e+00
4.33540820963931e+06	6.54502349848758e-03,0.00000000000000e+00	1.38591834451131e-04,0.00000000000000e+00	2.33969945178860e-05,0.00000000000000e+00	2.33969945178860e-05,0.00000000000000e+00	6.54502349848759e-03,0.00000000000000e+00
4.34540235772741e+06	6.53158064212774e-03,0.00000000000000e+00	1.38319724676109e-04,0.00000000000000e+00	2.33878005008880e-05,0.00000000000000e+00	2.33878005008880e-05,0.00000000000000e+00	6.53158064212689e-03,0.00000000000000e+00
4.35541954470624e+06	6.51815879975437e-03,0.00000000000000e+00	1.38048032775472e-04,0.00000000000000e+00	2.33785366536132e-05,0.00000000000000e+00	2.33785366536132e-05,0.00000000000000e+00	6.51815879975496e-03,0.00000000000000e+00
4.36545982368592e+06	6.50475797913543e-03,0.00000000000000e+00	1.37776758822545e-04,0.00000000000000e+00	2.33692030459159e-05,0.00000000000000e+00	2.33692030459159e-05,0.00000000000000e+00	6.50475797913634e-03,0.00000000000000e+00
4.37552324789903e+06	6.49137818774725e-03,0.00000000000000e+00	1.37505902884816e-04,0.00000000000000e+00	2.33597997482934e-05,0.00000000000000e+00	2.33597997482934e-05,0.00000000000000e+00	6.49137818774657e-03,0.00000000000000e+00
4.38560987070082e+06	6.47801943277868e-03,0.00000000000000e+00	1.37235465024057e-04,0.00000000000000e+00	2.33503268319037e-05,0.00000000000000e+00	2.33503268319037e-05,0.00000000000000e+00	6.47801943277773e-03,0.00000000000000e+00
4.39571974556957e+06	6.46468172113863e-03,0.00000000000000e+00	1.36965445296313e-04,0.00000000000000e+00	2.33407843685591e-05,0.00000000000000e+00	2.33407843685591e-05,0.00000000000000e+00	6.46468172113789e-03,0.00000000000000e+00
4.40585292610683e+06	6.45136505945434e-03,0.00000000000000e+00	1.36695843751956e-04,0.00000000000000e+00	2.33311724307323e-05,0.00000000000000e+00	2.33311724307323e-05,0.00000000000000e+00	6.45136505945353e-03,0.00000000000000e+00
4.41600946603772e+06	6.43806945406882e-03,0.00000000000000e+00	1.36426660435656e-04,0.00000000000000e+00	2.33214910915471e-05,0.00000000000000e+00	2.33214910915471e-05,0.00000000000000e+00	6.43806945406788e-03,0.00000000000000e+00
4.42618941921119e+06	6.42479491105052e-03,0.00000000000000e+00	1.36157895386562e-04,0.00000000000000e+00	2.33117404248062e-05,0.00000000000000e+00	2.33117404248062e-05,0.00000000000000e+00	6.42479491104959e-03,0.00000000000000e+00
4.43639283960036e+06	6.41154143618832e-03,0.00000000000000e+00	1.35889548638209e-04,0.00000000000000e+00	2.33019205049709e-05,0.00000000000000e+00	2.33019205049709e-05,0.00000000000000e+00	6.41154143618799e-03,0.00000000000000e+00
4.44661978130272e+06	6.39830903499743e-03,0.00000000000000e+00	1.35621620218616e-04,0.00000000000000e+00	2.32920314071740e-05,0.00000000000000e+00	2.32920314071740e-05,0.00000000000000e+00	6.39830903499759e-03,0.00000000000000e+00
4.45687029854053e+06	6.38509771271103e-03,0.00000000000000e+00	1.35354110150143e-04,0.00000000000000e+00	2.32820732071920e-05,0.00000000000000e+00	2.32820732071920e-05,0.00000000000000e+00	6.38509771271135e-03,0.00000000000000e+00
4.46714444566098e+06	6.37190747430023e-03,0.00000000000000e+00	1.35087018449893e-04,0.00000000000000e+00	2.32720459815103e-05,0.00000000000000e+00	2.32720459815103e-05,0.00000000000000e+00	6.37190747429948e-03,0.00000000000000e+00
4.47744227713659e+06	6.35873832445528e-03,0.00000000000000e+00	1.34820345129425e-04,0.00000000000000e+00	2.32619498072691e-05,0.00000000000000e+00	2.32619498072691e-05,0.00000000000000e+00	6.35873832445554e-03,0.00000000000000e+00
4.48776384756545e+06	6.34559026759859e-03,0.00000000000000e+00	1.34554090194781e-04,0.00000000000000e+00	2.32517847622651e-05,0.00000000000000e+00	2.32517847622651e-05,0.00000000000000e+00	6.34559026759794e-03,0.00000000000000e+00
4.49810921167148e+06	6.33246330788556e-03,0.00000000000000e+00	1.34288253646804e-04,0.00000000000000e+00	2.32415509250022e-05,0.00000000000000e+00	2.32415509250023e-05,0.00000000000000e+00	6.33246330788453e-03,0.00000000000000e+00
4.50847842430477e+06	6.31935744920188e-03,0.00000000000000e+00	1.34022835480912e-04,0.00000000000000e+00	2.32312483746483e-05,0.00000000000000e+00	2.32312483746483e-05,0.00000000000000e+00	6.31935744920187e-03,0.00000000000000e+00
4.51887154044187e+06	6.30627269516860e-03,0.00000000000000e+00	1.33757835687152e-04,0.00000000000000e+00	2.32208771910406e-05,0.00000000000000e+00	2.32208771910406e-05,0.00000000000000e+00	6.30627269516769e-03,0.00000000000000e+00
4.52928861518603e+06	6.29320904913747e-03,0.00000000000000e+00	1.33493254250363e-04,0.00000000000000e+00	2.32104374547105e-05,0.00000000000000e+00	2.32104374547105e-05,0.00000000000000e+00	6.29320904913838e-03,0.00000000000000e+00
4.53972970376756e+06	6.28016651420793e-03,0.00000000000000e+00	1.33229091150162e-04,0.00000000000000e+00	2.31999292468771e-05,0.00000000000000e+00	2.31999292468771e-05,0.00000000000000e+00	6.28016651420838e-03,0.00000000000000e+00
4.55019486154405e+06	6.26714509320833e-03,0.00000000000000e+00	1.32965346360921e-04,0.00000000000000e+00	2.31893526494384e-05,0.00000000000000e+00	2.31893526494384e-05,0.00000000000000e+00	6.26714509320862e-03,0.00000000000000e+00
4.56068414400075e+06	6.25414478870614e-03,0.00000000000000e+00	1.32702019851771e-04,0.00000000000000e+00	2.31787077449692e-05,0.00000000000000e+00	2.31787077449692e-05,0.00000000000000e+00	6.25414478870687e-03,0.00000000000000e+00
4.57119760675077e+06	6.24116560301524e-03,0.00000000000000e+00	1.32439111586768e-04,0.00000000000000e+00	2.31679946167449e-05,0.00000000000000e+00	2.31679946167449e-05,0.00000000000000e+00	6.24116560301530e-03,0.00000000000000e+00
4.58173530553546e+06	6.22820753818838e-03,0.00000000000000e+00	1.32176621524861e-04,0.00000000000000e+00	2.31572133487326e-05,0.00000000000000e+00	2.31572133487326e-05,0.00000000000000e+00	6.22820753818881e-03,0.00000000000000e+00
4.59229729622464e+06	6.21527059602503e-03,0.00000000000000e+00	1.31914549619881e-04,0.00000000000000e+00	2.31463640255849e-05,0.00000000000000e+00	2.31463640255849e-05,0.00000000000000e+00	6.21527059602446e-03,0.00000000000000e+00
4.60288363481693e+06	6.20235477806654e-03,0.00000000000000e+00	1.31652895820659e-04,0.00000000000000e+00	2.31354467326567e-05,0.00000000000000e+00	2.31354467326567e-05,0.00000000000000e+00	6.20235477806692e-03,0.00000000000000e+00
4.61349437744005e+06	6.18946008560620e-03,0.00000000000000e+00	1.31391660070978e-04,0.00000000000000e+00	2.31244615559923e-05,0.00000000000000e+00	2.31244615559923e-05,0.00000000000000e+00	6.18946008560586e-03,0.00000000000000e+00
4.62412958035110e+06	6.17658651967684e-03,0.00000000000000e+00	1.31130842309580e-04,0.00000000000000e+00	2.31134085823228e-05,0.00000000000000e+00	2.31134085823228e-05,0.00000000000000e+00	6.17658651967641e-03,0.00000000000000e+00
4.63478929993687e+06	6.16373408106820e-03,0.00000000000000e+00	1.30870442470371e-04,0.00000000000000e+00	2.31022878990978e-05,0.00000000000000e+00	2.31022878990978e-05,0.00000000000000e+00	6.16373408106851e-03,0.00000000000000e+00
4.64547359271412e+06	6.15090277032104e-03,0.00000000000000e+00	1.30610460482305e-04,0.00000000000000e+00	2.30910995944613e-05,0.00000000000000e+00	2.30910995944613e-05,0.00000000000000e+00	6.15090277032135e-03,0.00000000000000e+00
4.65618251532992e+06	6.13809258772482e-03,0.00000000000000e+00	1.30350896269419e-04,0.00000000000000e+00	2.30798437572530e-05,0.00000000000000e+00	2.30798437572530e-05,0.00000000000000e+00	6.13809258772485e-03,0.00000000000000e+00
4.66691612456191e+06	6.12530353332408e-03,0.00000000000000e+00	1.30091749750944e-04,0.00000000000000e+00	2.30685204770247e-05,0.00000000000000e+00	2.30685204770247e-05,0.00000000000000e+00	6.12530353332494e-03,0.00000000000000e+00
4.67767447731862e+06	6.11253560692164e-03,0.00000000000000e+00	1.29833020841284e-04,0.00000000000000e+00	2.30571298440311e-05,0.00000000000000e+00	2.30571298440311e-05,0.00000000000000e+00	6.11253560692206e-03,0.00000000000000e+00
4.68845763063975e+06	6.09978880807130e-03,0.00000000000000e+00	1.29574709449998e-04,0.00000000000000e+00	2.30456719492239e-05,0.00000000000000e+00	2.30456719492239e-05,0.00000000000000e+00	6.09978880807059e-03,0.00000000000000e+00
4.69926564169652e+06	6.08706313608631e-03,0.00000000000000e+00	1.29316815481986e-04,0.00000000000000e+00	2.30341468842790e-05,0.00000000000000e+00	2.30341468842790e-05,0.00000000000000e+00	6.08706313608716e-03,0.00000000000000e+00
4.71009856779193e+06	6.07435859004723e-03,0.00000000000000e+00	1.29059338837413e-04,0.00000000000000e+00	2.30225547415800e-05,0.00000000000000e+00	2.30225547415800e-05,0.00000000000000e+00	6.07435859004706e-03,0.00000000000000e+00
4.72095646636106e+06	6.06167516878562e-03,0.00000000000000e+00	1.28802279411722e-04,0.00000000000000e+00	2.30108956142158e-05,0.00000000000000e+00	2.30108956142158e-05,0.00000000000000e+00	6.06167516878475e-03,0.00000000000000e+00
4.73183939497142e+06	6.04901287089631e-03,0.00000000000000e+00	1.28545637095688e-04,0.00000000000000e+00	2.29991695959856e-05,0.00000000000000e+00	2.29991695959856e-05,0.00000000000000e+00	6.04901287089619e-03,0.00000000000000e+00
4.74274741132322e+06	6.03637169474383e-03,0.00000000000000e+00	1.28289411775535e-04,0.00000000000000e+00	2.29873767814156e-05,0.00000000000000e+00	2.29873767814156e-05,0.00000000000000e+00	6.03637169474417e-03,0.00000000000000e+00
4.75368057324966e+06	6.02375163845275e-03,0.00000000000000e+00	1.28033603332798e-04,0.00000000000000e+00	2.29755172657309e-05,0.00000000000000e+00	2.29755172657309e-05,0.00000000000000e+00	6.02375163845187e-03,0.00000000000000e+00
4.76463893871728e+06	6.01115269991678e-03,0.00000000000000e+00	1.27778211644629e-04,0.00000000000000e+00	2.29635911449045e-05,0.00000000000000e+00	2.29635911449045e-05,0.00000000000000e+00	6.01115269991694e-03,0.00000000000000e+00
4.77562256582626e+06	5.99857487679434e-03,0.00000000000000e+00	1.27523236583437e-04,0.00000000000000e+00	2.29515985155891e-05,0.00000000000000e+00	2.29515985155891e-05,0.00000000000000e+00	5.99857487679437e-03,0.00000000000000e+00
4.78663151281068e+06	5.98601816651462e-03,0.00000000000000e+00	1.27268678017288e-04,0.00000000000000e+00	2.29395394751846e-05,0.00000000000000e+00	2.29395394751846e-05,0.00000000000000e+00	5.98601816651542e-03,0.00000000000000e+00
4.79766583803888e+06	5.97348256628349e-03,0.00000000000000e+00	1.27014535809837e-04,0.00000000000000e+00	2.29274141218216e-05,0.00000000000000e+00	2.29274141218216e-05,0.00000000000000e+00	5.97348256628408e-03,0.00000000000000e+00
4.80872560001377e+06	5.96096807306678e-03,0.00000000000000e+00	1.26760809820113e-04,0.00000000000000e+00	2.29152225543176e-05,0.00000000000000e+00	2.29152225543176e-05,0.00000000000000e+00	5.96096807306691e-03,0.00000000000000e+00
4.81981085737309e+06	5.94847468361180e-03,0.00000000000000e+00	1.26507499902921e-04,0.00000000000000e+00	2.29029648722455e-05,0.00000000000000e+00	2.29029648722455e-05,0.00000000000000e+00	5.94847468361174e-03,0.00000000000000e+00
4.83092166888978e+06	5.93600239443772e-03,0.00000000000000e+00	1.26254605908649e-04,0.00000000000000e+00	2.28906411758943e-05,0.00000000000000e+00	2.28906411758943e-05,0.00000000000000e+00	5.93600239443849e-03,0.00000000000000e+00
4.84205809347226e+06	5.92355120184288e-03,0.00000000000000e+00	1.26002127683361e-04,0.00000000000000e+00	2.28782515662810e-05,0.00000000000000e+00	2.28782515662810e-05,0.00000000000000e+00	5.92355120184343e-03,0.00000000000000e+00
4.85322019016473e+06	5.91112110190276e-03,0.00000000000000e+00	1.25750065068869e-04,0.00000000000000e+00	2.28657961451599e-05,0.00000000000000e+00	2.28657961451599e-05,0.00000000000000e+00	5.91112110190241e-03,0.00000000000000e+00
4.86440801814753e+06	5.89871209046515e-03,0.00000000000000e+00	1.25498417902603e-04,0.00000000000000e+00	2.28532750149937e-05,0.00000000000000e+00	2.28532750149937e-05,0.00000000000000e+00	5.89871209046463e-03,0.00000000000000e+00
4.87562163673740e+06	5.88632416316559e-03,0.00000000000000e+00	1.25247186017888e-04,0.00000000000000e+00	2.28406882789995e-05,0.00000000000000e+00	2.28406882789995e-05,0.00000000000000e+00	5.88632416316547e-03,0.00000000000000e+00
4.88686110538784e+06	5.87395731541763e-03,0.00000000000000e+00	1.24996369243752e-04,0.00000000000000e+00	2.28280360411092e-05,0.00000000000000e+00	2.28280360411092e-05,0.00000000000000e+00	5.87395731541731e-03,0.00000000000000e+00
4.89812648368939e+06	5.86161154241947e-03,0.00000000000000e+00	1.24745967405117e-04,0.00000000000000e+00	2.28153184060004e-05,0.00000000000000e+00	2.28153184060004e-05,0.00000000000000e+00	5.86161154241856e-03,0.00000000000000e+00
4.90941783136996e+06	5.84928683915021e-03,0.00000000000000e+00	1.24495980322755e-04,0.00000000000000e+00	2.28025354790826e-05,0.00000000000000e+00	2.28025354790826e-05,0.00000000000000e+00	5.84928683915120e-03,0.00000000000000e+00
4.92073520829515e+06	5.83698320037936e-03,0.00000000000000e+00	1.24246407813275e-04,0.00000000000000e+00	2.27896873664910e-05,0.00000000000000e+00	2.27896873664910e-05,0.00000000000000e+00	5.83698320038021e-03,0.00000000000000e+00
4.93207867446858e+06	5.82470062066462e-03,0.00000000000000e+00	1.23997249689360e-04,0.00000000000000e+00	2.27767741751245e-05,0.00000000000000e+00	2.27767741751245e-05,0.00000000000000e+00	5.82470062066443e-03,0.00000000000000e+00
4.94344829003216e+06	5.81243909434241e-03,0.00000000000000e+00	1.23748505759471e-04,0.00000000000000e+00	2.27637960125880e-05,0.00000000000000e+00	2.27637960125880e-05,0.00000000000000e+00	5.81243909434275e-03,0.00000000000000e+00
4.95484411526647e+06	5.80019861554849e-03,0.00000000000000e+00	1.23500175828167e-04,0.00000000000000e+00	2.27507529872447e-05,0.00000000000000e+00	2.27507529872447e-05,0.00000000000000e+00	5.80019861554867e-03,0.00000000000000e+00
4.96626621059104e+06	5.78797917820456e-03,0.00000000000000e+00	1.23252259695990e-04,0.00000000000000e+00	2.27376452081917e-05,0.00000000000000e+00	2.27376452081917e-05,0.00000000000000e+00	5.78797917820508e-03,0.00000000000000e+00
4.97771463656468e+06	5.77578077602734e-03,0.00000000000000e+00	1.23004757159539e-04,0.00000000000000e+00	2.27244727852682e-05,0.00000000000000e+00	2.27244727852682e-05,0.00000000000000e+00	5.77578077602746e-03,0.00000000000000e+00
4.98918945388580e+06	5.76360340252798e-03,0.00000000000000e+00	1.22757668011563e-04,0.00000000000000e+00	2.27112358290674e-05,0.00000000000000e+00	2.27112358290674e-05,0.00000000000000e+00	5.76360340252801e-03,0.00000000000000e+00
5.00069072339276e+06	5.75144705100687e-03,0.00000000000000e+00	1.22510992040788e-04,0.00000000000000e+00	2.26979344509009e-05,0.00000000000000e+00	2.26979344509009e-05,0.00000000000000e+00	5.75144705100763e-03,0.00000000000000e+00
5.01221850606412e+06	5.73931171456781e-03,0.00000000000000e+00	1.22264729032172e-04,0.00000000000000e+00	2.26845687628400e-05,0.00000000000000e+00	2.26845687628400e-05,0.00000000000000e+00	5.73931171456754e-03,0.00000000000000e+00
5.02377286301905e+06	5.72719738610846e-03,0.00000000000000e+00	1.22018878766892e-04,0.00000000000000e+00	2.26711388777092e-05,0.00000000000000e+00	2.26711388777092e-05,0.00000000000000e+00	5.72719738610876e-03,0.00000000000000e+00
5.03535385551760e+06	5.71510405832936e-03,0.00000000000000e+00	1.21773441022282e-04,0.00000000000000e+00	2.26576449090686e-05,0.00000000000000e+00	2.26576449090686e-05,0.00000000000000e+00	5.71510405832871e-03,0.00000000000000e+00
5.04696154496104e+06	5.70303172372274e-03,0.00000000000000e+00	1.21528415571855e-04,0.00000000000000e+00	2.26440869712150e-05,0.00000000000000e+00	2.26440869712150e-05,0.00000000000000e+00	5.70303172372259e-03,0.00000000000000e+00
5.05859599289218e+06	5.69098037459108e-03,0.00000000000000e+00	1.21283802185482e-04,0.00000000000000e+00	2.26304651792081e-05,0.00000000000000e+00	2.26304651792081e-05,0.00000000000000e+00	5.69098037459118e-03,0.00000000000000e+00
5.07025726099571e+06	5.67895000303819e-03,0.00000000000000e+00	1.21039600629337e-04,0.00000000000000e+00	2.26167796488569e-05,0.00000000000000e+00	2.26167796488569e-05,0.00000000000000e+00	5.67895000303844e-03,0.00000000000000e+00
5.08194541109850e+06	5.66694060097257e-03,0.00000000000000e+00	1.20795810665909e-04,0.00000000000000e+00	2.26030304967166e-05,0.00000000000000e+00	2.26030304967166e-05,0.00000000000000e+00	5.66694060097187e-03,0.00000000000000e+00
5.09366050516997e+06	5.65495216010006e-03,0.00000000000000e+00	1.20552432053936e-04,0.00000000000000e+00	2.25892178400709e-05,0.00000000000000e+00	2.25892178400709e-05,0.00000000000000e+00	5.65495216009923e-03,0.00000000000000e+00
5.10540260532238e+06	5.64298467194384e-03,0.00000000000000e+00	1.20309464548732e-04,0.00000000000000e+00	2.25753417969878e-05,0.00000000000000e+00	2.25753417969878e-05,0.00000000000000e+00	5.64298467194369e-03,0.00000000000000e+00
5.11717177381118e+06	5.63103812783562e-03,0.00000000000000e+00	1.20066907901998e-04,0.00000000000000e+00	2.25614024862801e-05,0.00000000000000e+00	2.25614024862801e-05,0.00000000000000e+00	5.63103812783496e-03,0.00000000000000e+00
5.12896807303532e+06	5.61911251890522e-03,0.00000000000000e+00	1.19824761861733e-04,0.00000000000000e+00	2.25474000274836e-05,0.00000000000000e+00	2.25474000274836e-05,0.00000000000000e+00	5.61911251890505e-03,0.00000000000000e+00
5.14079156553761e+06	5.60720783610479e-03,0.00000000000000e+00	1.19583026172584e-04,0.00000000000000e+00	2.25333345409168e-05,0.00000000000000e+00	2.25333345409168e-05,0.00000000000000e+00	5.60720783610434e-03,0.00000000000000e+00
5.15264231400504e+06	5.59532407019196e-03,0.00000000000000e+00	1.19341700575657e-04,0.00000000000000e+00	2.25192061476406e-05,0.00000000000000e+00	2.25192061476406e-05,0.00000000000000e+00	5.59532407019269e-03,0.00000000000000e+00
5.16452038126908e+06	5.58346121174310e-03,0.00000000000000e+00	1.19100784808587e-04,0.00000000000000e+00	2.25050149694669e-05,0.00000000000000e+00	2.25050149694669e-05,0.00000000000000e+00	5.58346121174263e-03,0.00000000000000e+00
5.17642583030607e+06	5.57161925114138e-03,0.00000000000000e+00	1.18860278605606e-04,0.00000000000000e+00	2.24907611289655e-05,0.00000000000000e+00	2.24907611289655e-05,0.00000000000000e+00	5.57161925114239e-03,0.00000000000000e+00
5.18835872423751e+06	5.55979817859719e-03,0.00000000000000e+00	1.18620181697574e-04,0.00000000000000e+00	2.24764447494655e-05,0.00000000000000e+00	2.24764447494655e-05,0.00000000000000e+00	5.55979817859727e-03,0.00000000000000e+00
5.20031912633043e+06	5.54799798412666e-03,0.00000000000000e+00	1.18380493811913e-04,0.00000000000000e+00	2.24620659550367e-05,0.00000000000000e+00	2.24620659550367e-05,0.00000000000000e+00	5.54799798412626e-03,0.00000000000000e+00
5.21230709999768e+06	5.53621865756976e-03,0.00000000000000e+00	1.18141214672788e-04,0.00000000000000e+00	2.24476248705195e-05,0.00000000000000e+00	2.24476248705195e-05,0.00000000000000e+00	5.53621865757066e-03,0.00000000000000e+00
5.22432270879830e+06	5.52446018858885e-03,0.00000000000000e+00	1.17902344000986e-04,0.00000000000000e+00	2.24331216214962e-05,0.00000000000000e+00	2.24331216214962e-05,0.00000000000000e+00	5.52446018858805e-03,0.00000000000000e+00
5.23636601643785e+06	5.51272256665960e-03,0.00000000000000e+00	1.17663881514060e-04,0.00000000000000e+00	2.24185563343128e-05,0.00000000000000e+00	2.24185563343128e-05,0.00000000000000e+00	5.51272256665900e-03,0.00000000000000e+00
5.24843708676877e+06	5.50100578108614e-03,0.00000000000000e+00	1.17425826926299e-04,0.00000000000000e+00	2.24039291360689e-05,0.00000000000000e+00	2.24039291360689e-05,0.00000000000000e+00	5.50100578108562e-03,0.00000000000000e+00
5.26053598379065e+06	5.48930982099669e-03,0.00000000000000e+00	1.17188179948839e-04,0.00000000000000e+00	2.23892401546321e-05,0.00000000000000e+00	2.23892401546321e-05,0.00000000000000e+00	5.48930982099641e-03,0.00000000000000e+00
5.27266277165064e+06	5.47763467533873e-03,0.00000000000000e+00	1.16950940289493e-04,0.00000000000000e+00	2.23744895186017e-05,0.00000000000000e+00	2.23744895186017e-05,0.00000000000000e+00	5.47763467533849e-03,0.00000000000000e+00
5.28481751464377e+06	5.46598033289171e-03,0.00000000000000e+00	1.16714107653055e-04,0.00000000000000e+00	2.23596773573605e-05,0.00000000000000e+00	2.23596773573605e-05,0.00000000000000e+00	5.46598033289149e-03,0.00000000000000e+00
5.29700027721328e+06	5.45434678225824e-03,0.00000000000000e+00	1.16477681741098e-04,0.00000000000000e+00	2.23448038010305e-05,0.00000000000000e+00	2.23448038010305e-05,0.00000000000000e+00	5.45434678225796e-03,0.00000000000000e+00
5.30921112395096e+06	5.44273401187007e-03,0.00000000000000e+00	1.16241662252134e-04,0.00000000000000e+00	2.23298689804988e-05,0.00000000000000e+00	2.23298689804988e-05,0.00000000000000e+00	5.44273401187091e-03,0.00000000000000e+00
5.32145011959750e+06	5.43114200999113e-03,0.00000000000000e+00	1.16006048881571e-04,0.00000000000000e+00	2.23148730274034e-05,0.00000000000000e+00	2.23148730274034e-05,0.00000000000000e+00	5.43114200999148e-03,0.00000000000000e+00
5.33371732904284e+06	5.41957076471433e-03,0.00000000000000e+00	1.15770841321812e-04,0.00000000000000e+00	2.22998160741471e-05,0.00000000000000e+00	2.22998160741471e-05,0.00000000000000e+00	5.41957076471373e-03,0.00000000000000e+00
5.34601281732650e+06	5.40802026396456e-03,0.00000000000000e+00	1.15536039262272e-04,0.00000000000000e+00	2.22846982538949e-05,0.00000000000000e+00	2.22846982538949e-05,0.00000000000000e+00	5.40802026396496e-03,0.00000000000000e+00
5.35833664963794e+06	5.39649049550093e-03,0.00000000000000e+00	1.15301642389288e-04,0.00000000000000e+00	2.22695197005507e-05,0.00000000000000e+00	2.22695197005507e-05,0.00000000000000e+00	5.39649049550161e-03,0.00000000000000e+00
5.37068889131689e+06	5.38498144691829e-03,0.00000000000000e+00	1.15067650386300e-04,0.00000000000000e+00	2.22542805487877e-05,0.00000000000000e+00	2.22542805487877e-05,0.00000000000000e+00	5.38498144691757e-03,0.00000000000000e+00
5.38306960785371e+06	5.37349310563949e-03,0.00000000000000e+00	1.14834062933765e-04,0.00000000000000e+00	2.22389809340255e-05,0.00000000000000e+00	2.22389809340255e-05,0.00000000000000e+00	5.37349310564013e-03,0.00000000000000e+00
5.39547886488972e+06	5.36202545893916e-03,0.00000000000000e+00	1.14600879709359e-04,0.00000000000000e+00	2.22236209924635e-05,0.00000000000000e+00	2.22236209924635e-05,0.00000000000000e+00	5.36202545893910e-03,0.00000000000000e+00
5.40791672821756e+06	5.35057849391767e-03,0.00000000000000e+00	1.14368100387775e-04,0.00000000000000e+00	2.22082008610361e-05,0.00000000000000e+00	2.22082008610361e-05,0.00000000000000e+00	5.35057849391742e-03,0.00000000000000e+00
5.42038326378156e+06	5.33915219751935e-03,0.00000000000000e+00	1.14135724640884e-04,0.00000000000000e+00	2.21927206774387e-05,0.00000000000000e+00	2.21927206774387e-05,0.00000000000000e+00	5.33915219751855e-03,0.00000000000000e+00
5.43287853767804e+06	5.32774655652787e-03,0.00000000000000e+00	1.13903752137766e-04,0.00000000000000e+00	2.21771805801271e-05,0.00000000000000e+00	2.21771805801271e-05,0.00000000000000e+00	5.32774655652769e-03,0.00000000000000e+00
5.44540261615570e+06	5.31636155757331e-03,0.00000000000000e+00	1.13672182544731e-04,0.00000000000000e+00	2.21615807083175e-05,0.00000000000000e+00	2.21615807083175e-05,0.00000000000000e+00	5.31636155757294e-03,0.00000000000000e+00
5.45795556561595e+06	5.30499718712182e-03,0.00000000000000e+00	1.13441015525280e-04,0.00000000000000e+00	2.21459212019708e-05,0.00000000000000e+00	2.21459212019708e-05,0.00000000000000e+00	5.30499718712297e-03,0.00000000000000e+00
5.47053745261330e+06	5.29365343149084e-03,0.00000000000000e+00	1.13210250740184e-04,0.00000000000000e+00	2.21302022018041e-05,0.00000000000000e+00	2.21302022018041e-05,0.00000000000000e+00	5.29365343149088e-03,0.00000000000000e+00
5.48314834385564e+06	5.28233027683655e-03,0.00000000000000e+00	1.12979887847550e-04,0.00000000000000e+00	2.21144238492970e-05,0.00000000000000e+00	2.21144238492970e-05,0.00000000000000e+00	5.28233027683713e-03,0.00000000000000e+00
5.49578830620467e+06	5.27102770916598e-03,0.00000000000000e+00	1.12749926502735e-04,0.00000000000000e+00	2.20985862866694e-05,0.00000000000000e+00	2.20985862866694e-05,0.00000000000000e+00	5.27102770916543e-03,0.00000000000000e+00
5.50845740667620e+06	5.25974571433310e-03,0.00000000000000e+00	1.12520366358583e-04,0.00000000000000e+00	2.20826896569209e-05,0.00000000000000e+00	2.20826896569209e-05,0.00000000000000e+00	5.25974571433356e-03,0.00000000000000e+00
5.52115571244056e+06	5.24848427803944e-03,0.00000000000000e+00	1.12291207065131e-04,0.00000000000000e+00	2.20667341037686e-05,0.00000000000000e+00	2.20667341037686e-05,0.00000000000000e+00	5.24848427803968e-03,0.00000000000000e+00
5.53388329082289e+06	5.23724338584128e-03,0.00000000000000e+00	1.12062448270028e-04,0.00000000000000e+00	2.20507197717230e-05,0.00000000000000e+00	2.20507197717230e-05,0.00000000000000e+00	5.23724338584182e-03,0.00000000000000e+00
5.54664020930355e+06	5.22602302313917e-03,0.00000000000000e+00	1.11834089618138e-04,0.00000000000000e+00	2.20346468060032e-05,0.00000000000000e+00	2.20346468060032e-05,0.00000000000000e+00	5.22602302313902e-03,0.00000000000000e+00
5.55942653551845e+06	5.21482317518993e-03,0.00000000000000e+00	1.11606130751951e-04,0.00000000000000e+00	2.20185153526131e-05,0.00000000000000e+00	2.20185153526131e-05,0.00000000000000e+00	5.21482317519073e-03,0.00000000000000e+00
5.57224233725941e+06	5.20364382710575e-03,0.00000000000000e+00	1.11378571311373e-04,0.00000000000000e+00	2.20023255582932e-05,0.00000000000000e+00	2.20023255582932e-05,0.00000000000000e+00	5.20364382710668e-03,0.00000000000000e+00
5.58508768247454e+06	5.19248496385038e-03,0.00000000000000e+00	1.11151410933808e-04,0.00000000000000e+00	2.19860775705308e-05,0.00000000000000e+00	2.19860775705308e-05,0.00000000000000e+00	5.19248496385064e-03,0.00000000000000e+00
5.59796263926859e+06	5.18134657024465e-03,0.00000000000000e+00	1.10924649254239e-04,0.00000000000000e+00	2.19697715375699e-05,0.00000000000000e+00	2.19697715375699e-05,0.00000000000000e+00	5.18134657024417e-03,0.00000000000000e+00
5.61086727590329e+06	5.17022863096577e-03,0.00000000000000e+00	1.10698285905217e-04,0.00000000000000e+00	2.19534076084035e-05,0.00000000000000e+00	2.19534076084035e-05,0.00000000000000e+00	5.17022863096598e-03,0.00000000000000e+00
5.62380166079775e+06	5.15913113055094e-03,0.00000000000000e+00	1.10472320516833e-04,0.00000000000000e+00	2.19369859327616e-05,0.00000000000000e+00	2.19369859327616e-05,0.00000000000000e+00	5.15913113055054e-03,0.00000000000000e+00
5.63676586252877e+06	5.14805405339335e-03,0.00000000000000e+00	1.10246752716836e-04,0.00000000000000e+00	2.19205066611282e-05,0.00000000000000e+00	2.19205066611282e-05,0.00000000000000e+00	5.14805405339349e-03,0.00000000000000e+00
5.64975994983128e+06	5.13699738375247e-03,0.00000000000000e+00	1.10021582130662e-04,0.00000000000000e+00	2.19039699447407e-05,0.00000000000000e+00	2.19039699447407e-05,0.00000000000000e+00	5.13699738375276e-03,0.00000000000000e+00
5.66278399159862e+06	5.12596110574062e-03,0.00000000000000e+00	1.09796808381272e-04,0.00000000000000e+00	2.18873759355523e-05,0.00000000000000e+00	2.18873759355523e-05,0.00000000000000e+00	5.12596110574113e-03,0.00000000000000e+00
5.67583805688298e+06	5.11494520334329e-03,0.00000000000000e+00	1.09572431089527e-04,0.00000000000000e+00	2.18707247863003e-05,0.00000000000000e+00	2.18707247863003e-05,0.00000000000000e+00	5.11494520334361e-03,0.00000000000000e+00
5.68892221489569e+06	5.10394966040082e-03,0.00000000000000e+00	1.09348449873833e-04,0.00000000000000e+00	2.18540166504283e-05,0.00000000000000e+00	2.18540166504283e-05,0.00000000000000e+00	5.10394966040061e-03,0.00000000000000e+00
5.70203653500768e+06	5.09297446062159e-03,0.00000000000000e+00	1.09124864350419e-04,0.00000000000000e+00	2.18372516821363e-05,0.00000000000000e+00	2.18372516821363e-05,0.00000000000000e+00	5.09297446062099e-03,0.00000000000000e+00
5.71518108674975e+06	5.08201958758099e-03,0.00000000000000e+00	1.08901674133309e-04,0.00000000000000e+00	2.18204300363681e-05,0.00000000000000e+00	2.18204300363681e-05,0.00000000000000e+00	5.08201958758061e-03,0.00000000000000e+00
5.72835593981302e+06	5.07108502472103e-03,0.00000000000000e+00	1.08678878834293e-04,0.00000000000000e+00	2.18035518687999e-05,0.00000000000000e+00	2.18035518687999e-05,0.00000000000000e+00	5.07108502472089e-03,0.00000000000000e+00
5.74156116404924e+06	5.06017075535175e-03,0.00000000000000e+00	1.08456478062990e-04,0.00000000000000e+00	2.17866173358456e-05,0.00000000000000e+00	2.17866173358456e-05,0.00000000000000e+00	5.06017075535158e-03,0.00000000000000e+00
5.75479682947120e+06	5.04927676265087e-03,0.00000000000000e+00	1.08234471426852e-04,0.00000000000000e+00	2.17696265946524e-05,0.00000000000000e+00	2.17696265946524e-05,0.00000000000000e+00	5.04927676265104e-03,0.00000000000000e+00
5.76806300625307e+06	5.03840302967215e-03,0.00000000000000e+00	1.08012858531282e-04,0.00000000000000e+00	2.17525798031172e-05,0.00000000000000e+00	2.17525798031172e-05,0.00000000000000e+00	5.03840302967153e-03,0.00000000000000e+00
5.78135976473081e+06	5.02754953933130e-03,0.00000000000000e+00	1.07791638979477e-04,0.00000000000000e+00	2.17354771198490e-05,0.00000000000000e+00	2.17354771198490e-05,0.00000000000000e+00	5.02754953933187e-03,0.00000000000000e+00
5.79468717540250e+06	5.01671627442580e-03,0.00000000000000e+00	1.07570812372619e-04,0.00000000000000e+00	2.17183187042004e-05,0.00000000000000e+00	2.17183187042004e-05,0.00000000000000e+00	5.01671627442609e-03,0.00000000000000e+00
5.80804530892876e+06	5.00590321762184e-03,0.00000000000000e+00	1.07350378309838e-04,0.00000000000000e+00	2.17011047162548e-05,0.00000000000000e+00	2.17011047162548e-05,0.00000000000000e+00	5.00590321762197e-03,0.00000000000000e+00
5.82143423613307e+06	4.99511035146055e-03,0.00000000000000e+00	1.07130336388209e-04,0.00000000000000e+00	2.16838353168179e-05,0.00000000000000e+00	2.16838353168179e-05,0.00000000000000e+00	4.99511035146047e-03,0.00000000000000e+00
5.83485402800219e+06	4.98433765836089e-03,0.00000000000000e+00	1.06910686202861e-04,0.00000000000000e+00	2.16665106674342e-05,0.00000000000000e+00	2.16665106674342e-05,0.00000000000000e+00	4.98433765836096e-03,0.00000000000000e+00
5.84830475568653e+06	4.97358512061735e-03,0.00000000000000e+00	1.06691427346896e-04,0.00000000000000e+00	2.16491309303635e-05,0.00000000000000e+00	2.16491309303635e-05,0.00000000000000e+00	4.97358512061725e-03,0.00000000000000e+00
5.86178649050050e+06	4.96285272040111e-03,0.00000000000000e+00	1.06472559411468e-04,0.00000000000000e+00	2.16316962685903e-05,0.00000000000000e+00	2.16316962685903e-05,0.00000000000000e+00	4.96285272040119e-03,0.00000000000000e+00
5.87529930392291e+06	4.95214043976512e-03,0.00000000000000e+00	1.06254081985838e-04,0.00000000000000e+00	2.16142068458291e-05,0.00000000000000e+00	2.16142068458291e-05,0.00000000000000e+00	4.95214043976534e-03,0.00000000000000e+00
5.88884326759738e+06	4.94144826064081e-03,0.00000000000000e+00	1.06035994657332e-04,0.00000000000000e+00	2.15966628265085e-05,0.00000000000000e+00	2.15966628265085e-05,0.00000000000000e+00	4.94144826064075e-03,0.00000000000000e+00
5.90241845333262e+06	4.93077616483904e-03,0.00000000000000e+00	1.05818297011383e-04,0.00000000000000e+00	2.15790643757727e-05,0.00000000000000e+00	2.15790643757727e-05,0.00000000000000e+00	4.93077616483878e-03,0.00000000000000e+00
5.91602493310294e+06	4.92012413405493e-03,0.00000000000000e+00	1.05600988631602e-04,0.00000000000000e+00	2.15614116594907e-05,0.00000000000000e+00	2.15614116594907e-05,0.00000000000000e+00	4.92012413405466e-03,0.00000000000000e+00
5.92966277904854e+06	4.90949214986700e-03,0.00000000000000e+00	1.05384069099773e-04,0.00000000000000e+00	2.15437048442470e-05,0.00000000000000e+00	2.15437048442470e-05,0.00000000000000e+00	4.90949214986685e-03,0.00000000000000e+00
5.94333206347590e+06	4.89888019373581e-03,0.00000000000000e+00	1.05167537995819e-04,0.00000000000000e+00	2.15259440973291e-05,0.00000000000000e+00	2.15259440973291e-05,0.00000000000000e+00	4.89888019373562e-03,0.00000000000000e+00
5.95703285885823e+06	4.88828824700990e-03,0.00000000000000e+00	1.04951394897951e-04,0.00000000000000e+00	2.15081295867505e-05,0.00000000000000e+00	2.15081295867505e-05,0.00000000000000e+00	4.88828824700979e-03,0.00000000000000e+00
5.97076523783577e+06	4.87771629092044e-03,0.00000000000000e+00	1.04735639382534e-04,0.00000000000000e+00	2.14902614812165e-05,0.00000000000000e+00	2.14902614812165e-05,0.00000000000000e+00	4.87771629092042e-03,0.00000000000000e+00
5.98452927321623e+06	4.86716430658722e-03,0.00000000000000e+00	1.04520271024229e-04,0.00000000000000e+00	2.14723399501471e-05,0.00000000000000e+00	2.14723399501471e-05,0.00000000000000e+00	4.86716430658755e-03,0.00000000000000e+00
5.99832503797515e+06	4.85663227502295e-03,0.00000000000000e+00	1.04305289396056e-04,0.00000000000000e+00	2.14543651636824e-05,0.00000000000000e+00	2.14543651636824e-05,0.00000000000000e+00	4.85663227502279e-03,0.00000000000000e+00
6.01215260525631e+06	4.84612017712159e-03,0.00000000000000e+00	1.04090694069221e-04,0.00000000000000e+00	2.14363372926404e-05,0.00000000000000e+00	2.14363372926404e-05,0.00000000000000e+00	4.84612017712143e-03,0.00000000000000e+00
6.02601204837209e+06	4.83562799367122e-03,0.00000000000000e+00	1.03876484613296e-04,0.00000000000000e+00	2.14182565085477e-05,0.00000000000000e+00	2.14182565085477e-05,0.00000000000000e+00	4.83562799367074e-03,0.00000000000000e+00
6.03990344080388e+06	4.82515570535208e-03,0.00000000000000e+00	1.03662660596264e-04,0.00000000000000e+00	2.14001229836405e-05,0.00000000000000e+00	2.14001229836405e-05,0.00000000000000e+00	4.82515570535175e-03,0.00000000000000e+00
6.05382685620246e+06	4.81470329273515e-03,0.00000000000000e+00	1.03449221584429e-04,0.00000000000000e+00	2.13819368908408e-05,0.00000000000000e+00	2.13819368908408e-05,0.00000000000000e+00	4.81470329273545e-03,0.00000000000000e+00
6.06778236838838e+06	4.80427073628647e-03,0.00000000000000e+00	1.03236167142499e-04,0.00000000000000e+00	2.13636984037649e-05,0.00000000000000e+00	2.13636984037649e-05,0.00000000000000e+00	4.80427073628613e-03,0.00000000000000e+00
6.08177005135240e+06	4.79385801636294e-03,0.00000000000000e+00	1.03023496833600e-04,0.00000000000000e+00	2.13454076967212e-05,0.00000000000000e+00	2.13454076967212e-05,0.00000000000000e+00	4.79385801636245e-03,0.00000000000000e+00
6.09578997925581e+06	4.78346511321883e-03,0.00000000000000e+00	1.02811210219307e-04,0.00000000000000e+00	2.13270649447074e-05,0.00000000000000e+00	2.13270649447074e-05,0.00000000000000e+00	4.78346511321832e-03,0.00000000000000e+00
6.10984222643087e+06	4.77309200700681e-03,0.00000000000000e+00	1.02599306859710e-04,0.00000000000000e+00	2.13086703234189e-05,0.00000000000000e+00	2.13086703234189e-05,0.00000000000000e+00	4.77309200700638e-03,0.00000000000000e+00
6.12392686738120e+06	4.76273867777125e-03,0.00000000000000e+00	1.02387786313267e-04,0.00000000000000e+00	2.12902240092109e-05,0.00000000000000e+00	2.12902240092109e-05,0.00000000000000e+00	4.76273867777090e-03,0.00000000000000e+00
6.13804397678216e+06	4.75240510545786e-03,0.00000000000000e+00	1.02176648137017e-04,0.00000000000000e+00	2.12717261791345e-05,0.00000000000000e+00	2.12717261791345e-05,0.00000000000000e+00	4.75240510545758e-03,0.00000000000000e+00
6.15219362948126e+06	4.74209126991221e-03,0.00000000000000e+00	1.01965891886546e-04,0.00000000000000e+00	2.12531770109239e-05,0.00000000000000e+00	2.12531770109239e-05,0.00000000000000e+00	4.74209126991209e-03,0.00000000000000e+00
6.16637590049855e+06	4.73179715087954e-03,0.00000000000000e+00	1.01755517115977e-04,0.00000000000000e+00	2.12345766829866e-05,0.00000000000000e+00	2.12345766829866e-05,0.00000000000000e+00	4.73179715087947e-03,0.00000000000000e+00
6.18059086502702e+06	4.72152272800448e-03,0.00000000000000e+00	1.01545523377974e-04,0.00000000000000e+00	2.12159253743966e-05,0.00000000000000e+00	2.12159253743966e-05,0.00000000000000e+00	4.72152272800424e-03,0.00000000000000e+00
6.19483859843300e+06	4.71126798083369e-03,0.00000000000000e+00	1.01335910223813e-04,0.00000000000000e+00	2.11972232649031e-05,0.00000000000000e+00	2.11972232649031e-05,0.00000000000000e+00	4.71126798083378e-03,0.00000000000000e+00
6.20911917625655e+06	4.70103288881791e-03,0.00000000000000e+00	1.01126677203372e-04,0.00000000000000e+00	2.11784705349201e-05,0.00000000000000e+00	2.11784705349201e-05,0.00000000000000e+00	4.70103288881766e-03,0.00000000000000e+00
6.22343267421187e+06	4.69081743131133e-03,0.00000000000000e+00	1.00917823865216e-04,0.00000000000000e+00	2.11596673655380e-05,0.00000000000000e+00	2.11596673655380e-05,0.00000000000000e+00	4.69081743131178e-03,0.00000000000000e+00
6.23777916818771e+06	4.68062158757381e-03,0.00000000000000e+00	1.00709349756502e-04,0.00000000000000e+00	2.11408139384958e-05,0.00000000000000e+00	2.11408139384958e-05,0.00000000000000e+00	4.68062158757373e-03,0.00000000000000e+00
6.25215873424775e+06	4.67044533677061e-03,0.00000000000000e+00	1.00501254423137e-04,0.00000000000000e+00	2.11219104362067e-05,0.00000000000000e+00	2.11219104362067e-05,0.00000000000000e+00	4.67044533677006e-03,0.00000000000000e+00
6.26657144863101e+06	4.66028865796947e-03,0.00000000000000e+00	1.00293537409639e-04,0.00000000000000e+00	2.11029570417229e-05,0.00000000000000e+00	2.11029570417229e-05,0.00000000000000e+00	4.66028865797011e-03,0.00000000000000e+00
6.28101738775227e+06	4.65015153015199e-03,0.00000000000000e+00	1.00086198259286e-04,0.00000000000000e+00	2.10839539387580e-05,0.00000000000000e+00	2.10839539387580e-05,0.00000000000000e+00	4.65015153015247e-03,0.00000000000000e+00
6.29549662820246e+06	4.64003393220370e-03,0.00000000000000e+00	9.98792365140939e-05,0.00000000000000e+00	2.10649013116761e-05,0.00000000000000e+00	2.10649013116761e-05,0.00000000000000e+00	4.64003393220429e-03,0.00000000000000e+00
6.31000924674909e+06	4.62993584292425e-03,0.00000000000000e+00	9.96726517148919e-05,0.00000000000000e+00	2.10457993455001e-05,0.00000000000000e+00	2.10457993455001e-05,0.00000000000000e+00	4.62993584292453e-03,0.00000000000000e+00
6.32455532033659e+06	4.61985724101829e-03,0.00000000000000e+00	9.94664434011902e-05,0.00000000000000e+00	2.10266482258763e-05,0.00000000000000e+00	2.10266482258763e-05,0.00000000000000e+00	4.61985724101790e-03,0.00000000000000e+00
6.33913492608681e+06	4.60979810510302e-03,0.00000000000000e+00	9.92606111113509e-05,0.00000000000000e+00	2.10074481391030e-05,0.00000000000000e+00	2.10074481391030e-05,0.00000000000000e+00	4.60979810510273e-03,0.00000000000000e+00
6.35374814129937e+06	4.59975841371014e-03,0.00000000000000e+00	9.90551543825577e-05,0.00000000000000e+00	2.09881992721171e-05,0.00000000000000e+00	2.09881992721171e-05,0.00000000000000e+00	4.59975841370954e-03,0.00000000000000e+00
6.36839504345208e+06	4.58973814528296e-03,0.00000000000000e+00	9.88500727508523e-05,0.00000000000000e+00	2.09689018124937e-05,0.00000000000000e+00	2.09689018124937e-05,0.00000000000000e+00	4.58973814528276e-03,0.00000000000000e+00
6.38307571020135e+06	4.57973727817684e-03,0.00000000000000e+00	9.86453657510372e-05,0.00000000000000e+00	2.09495559484189e-05,0.00000000000000e+00	2.09495559484189e-05,0.00000000000000e+00	4.57973727817612e-03,0.00000000000000e+00
6.39779021938262e+06	4.56975579066489e-03,0.00000000000000e+00	9.84410329169454e-05,0.00000000000000e+00	2.09301618687387e-05,0.00000000000000e+00	2.09301618687387e-05,0.00000000000000e+00	4.56975579066524e-03,0.00000000000000e+00
6.41253864901076e+06	4.55979366093419e-03,0.00000000000000e+00	9.82370737811597e-05,0.00000000000000e+00	2.09107197628925e-05,0.00000000000000e+00	2.09107197628925e-05,0.00000000000000e+00	4.55979366093450e-03,0.00000000000000e+00
6.42732107728046e+06	4.54985086708970e-03,0.00000000000000e+00	9.80334878752981e-05,0.00000000000000e+00	2.08912298209660e-05,0.00000000000000e+00	2.08912298209660e-05,0.00000000000000e+00	4.54985086709037e-03,0.00000000000000e+00
6.44213758256669e+06	4.53992738715284e-03,0.00000000000000e+00	9.78302747298339e-05,0.00000000000000e+00	2.08716922336453e-05,0.00000000000000e+00	2.08716922336453e-05,0.00000000000000e+00	4.53992738715294e-03,0.00000000000000e+00
6.45698824342510e+06	4.53002319906240e-03,0.00000000000000e+00	9.76274338742302e-05,0.00000000000000e+00	2.08521071922383e-05,0.00000000000000e+00	2.08521071922383e-05,0.00000000000000e+00	4.53002319906225e-03,0.00000000000000e+00
6.47187313859239e+06	4.52013828067765e-03,0.00000000000000e+00	9.74249648369262e-05,0.00000000000000e+00	2.08324748886638e-05,0.00000000000000e+00	2.08324748886638e-05,0.00000000000000e+00	4.52013828067758e-03,0.00000000000000e+00
6.48679234698681e+06	4.51027260977665e-03,0.00000000000000e+00	9.72228671453223e-05,0.00000000000000e+00	2.08127955154412e-05,0.00000000000000e+00	2.08127955154412e-05,0.00000000000000e+00	4.51027260977681e-03,0.00000000000000e+00
6.50174594770851e+06	4.50042616406072e-03,0.00000000000000e+00	9.70211403258651e-05,0.00000000000000e+00	2.07930692657007e-05,0.00000000000000e+00	2.07930692657007e-05,0.00000000000000e+00	4.50042616406031e-03,0.00000000000000e+00
6.51673402004000e+06	4.49059892115040e-03,0.00000000000000e+00	9.68197839040323e-05,0.00000000000000e+00	2.07732963331726e-05,0.00000000000000e+00	2.07732963331726e-05,0.00000000000000e+00	4.49059892115024e-03,0.00000000000000e+00
6.53175664344654e+06	4.48079085859041e-03,0.00000000000000e+00	9.66187974043191e-05,0.00000000000000e+00	2.07534769121767e-05,0.00000000000000e+00	2.07534769121767e-05,0.00000000000000e+00	4.48079085858995e-03,0.00000000000000e+00
6.54681389757658e+06	4.47100195384694e-03,0.00000000000000e+00	9.64181803503045e-05,0.00000000000000e+00	2.07336111976288e-05,0.00000000000000e+00	2.07336111976288e-05,0.00000000000000e+00	4.47100195384705e-03,0.00000000000000e+00
6.56190586226220e+06	4.46123218431262e-03,0.00000000000000e+00	9.62179322646212e-05,0.00000000000000e+00	2.07136993850267e-05,0.00000000000000e+00	2.07136993850267e-05,0.00000000000000e+00	4.46123218431200e-03,0.00000000000000e+00
6.57703261751948e+06	4.45148152730452e-03,0.00000000000000e+00	9.60180526690871e-05,0.00000000000000e+00	2.06937416704706e-05,0.00000000000000e+00	2.06937416704706e-05,0.00000000000000e+00	4.45148152730420e-03,0.00000000000000e+00
6.59219424354897e+06	4.44174996006502e-03,0.00000000000000e+00	9.58185410845440e-05,0.00000000000000e+00	2.06737382506209e-05,0.00000000000000e+00	2.06737382506209e-05,0.00000000000000e+00	4.44174996006455e-03,0.00000000000000e+00
6.60739082073611e+06	4.43203745976322e-03,0.00000000000000e+00	9.56193970310220e-05,0.00000000000000e+00	2.06536893227258e-05,0.00000000000000e+00	2.06536893227258e-05,0.00000000000000e+00	4.43203745976309e-03,0.00000000000000e+00
6.62262242965164e+06	4.42234400349589e-03,0.00000000000000e+00	9.54206200276757e-05,0.00000000000000e+00	2.06335950845995e-05,0.00000000000000e+00	2.06335950845995e-05,0.00000000000000e+00	4.42234400349598e-03,0.00000000000000e+00
6.63788915105202e+06	4.41266956829001e-03,0.00000000000000e+00	9.52222095928822e-05,0.00000000000000e+00	2.06134557346361e-05,0.00000000000000e+00	2.06134557346361e-05,0.00000000000000e+00	4.41266956829014e-03,0.00000000000000e+00
6.65319106587990e+06	4.40301413110015e-03,0.00000000000000e+00	9.50241652441777e-05,0.00000000000000e+00	2.05932714717877e-05,0.00000000000000e+00	2.05932714717877e-05,0.00000000000000e+00	4.40301413110029e-03,0.00000000000000e+00
6.66852825526451e+06	4.39337766880934e-03,0.00000000000000e+00	9.48264864982592e-05,0.00000000000000e+00	2.05730424955573e-05,0.00000000000000e+00	2.05730424955573e-05,0.00000000000000e+00	4.39337766880901e-03,0.00000000000000e+00
6.68390080052210e+06	4.38376015823328e-03,0.00000000000000e+00	9.46291728711294e-05,0.00000000000000e+00	2.05527690060220e-05,0.00000000000000e+00	2.05527690060220e-05,0.00000000000000e+00	4.38376015823353e-03,0.00000000000000e+00
6.69930878315637e+06	4.37416157612169e-03,0.00000000000000e+00	9.44322238780174e-05,0.00000000000000e+00	2.05324512038085e-05,0.00000000000000e+00	2.05324512038085e-05,0.00000000000000e+00	4.37416157612203e-03,0.00000000000000e+00
6.71475228485890e+06	4.36458189915226e-03,0.00000000000000e+00	9.42356390333476e-05,0.00000000000000e+00	2.05120892900781e-05,0.00000000000000e+00	2.05120892900781e-05,0.00000000000000e+00	4.36458189915226e-03,0.00000000000000e+00
6.73023138750963e+06	4.35502110393598e-03,0.00000000000000e+00	9.40394178508363e-05,0.00000000000000e+00	2.04916834665398e-05,0.00000000000000e+00	2.04916834665398e-05,0.00000000000000e+00	4.35502110393599e-03,0.00000000000000e+00
6.74574617317719e+06	4.34547916702352e-03,0.00000000000000e+00	9.38435598435879e-05,0.00000000000000e+00	2.04712339354636e-05,0.00000000000000e+00	2.04712339354636e-05,0.00000000000000e+00	4.34547916702352e-03,0.00000000000000e+00
6.76129672411944e+06	4.33595606489216e-03,0.00000000000000e+00	9.36480645238403e-05,0.00000000000000e+00	2.04507408996173e-05,0.00000000000000e+00	2.04507408996173e-05,0.00000000000000e+00	4.33595606489193e-03,0.00000000000000e+00
6.77688312278386e+06	4.32645177396235e-03,0.00000000000000e+00	9.34529314033313e-05,0.00000000000000e+00	2.04302045623380e-05,0.00000000000000e+00	2.04302045623380e-05,0.00000000000000e+00	4.32645177396202e-03,0.00000000000000e+00
6.79250545180798e+06	4.31696627058572e-03,0.00000000000000e+00	9.32581599930286e-05,0.00000000000000e+00	2.04096251274657e-05,0.00000000000000e+00	2.04096251274657e-05,0.00000000000000e+00	4.31696627058589e-03,0.00000000000000e+00
6.80816379401982e+06	4.30749953105336e-03,0.00000000000000e+00	9.30637498032729e-05,0.00000000000000e+00	2.03890027993664e-05,0.00000000000000e+00	2.03890027993664e-05,0.00000000000000e+00	4.30749953105357e-03,0.00000000000000e+00
6.82385823243838e+06	4.29805153159467e-03,0.00000000000000e+00	9.28697003438091e-05,0.00000000000000e+00	2.03683377829313e-05,0.00000000000000e+00	2.03683377829313e-05,0.00000000000000e+00	4.29805153159452e-03,0.00000000000000e+00
6.83958885027398e+06	4.28862224837476e-03,0.00000000000000e+00	9.26760111237238e-05,0.00000000000000e+00	2.03476302835546e-05,0.00000000000000e+00	2.03476302835546e-05,0.00000000000000e+00	4.28862224837473e-03,0.00000000000000e+00
6.85535573092881e+06	4.27921165750244e-03,0.00000000000000e+00	9.24826816515548e-05,0.00000000000000e+00	2.03268805071502e-05,0.00000000000000e+00	2.03268805071502e-05,0.00000000000000e+00	4.27921165750188e-03,0.00000000000000e+00
6.87115895799730e+06	4.26981973502095e-03,0.00000000000000e+00	9.22897114351969e-05,0.00000000000000e+00	2.03060886601227e-05,0.00000000000000e+00	2.03060886601227e-05,0.00000000000000e+00	4.26981973502096e-03,0.00000000000000e+00
6.88699861526657e+06	4.26044645692024e-03,0.00000000000000e+00	9.20970999820269e-05,0.00000000000000e+00	2.02852549493868e-05,0.00000000000000e+00	2.02852549493868e-05,0.00000000000000e+00	4.26044645692015e-03,0.00000000000000e+00
6.90287478671693e+06	4.25109179912894e-03,0.00000000000000e+00	9.19048467988716e-05,0.00000000000000e+00	2.02643795823525e-05,0.00000000000000e+00	2.02643795823525e-05,0.00000000000000e+00	4.25109179912934e-03,0.00000000000000e+00
6.91878755652224e+06	4.24175573752141e-03,0.00000000000000e+00	9.17129513920232e-05,0.00000000000000e+00	2.02434627669206e-05,0.00000000000000e+00	2.02434627669206e-05,0.00000000000000e+00	4.24175573752091e-03,0.00000000000000e+00
6.93473700905043e+06	4.23243824790711e-03,0.00000000000000e+00	9.15214132671919e-05,0.00000000000000e+00	2.02225047114639e-05,0.00000000000000e+00	2.02225047114639e-05,0.00000000000000e+00	4.23243824790757e-03,0.00000000000000e+00
6.95072322886392e+06	4.22313930604922e-03,0.00000000000000e+00	9.13302319296452e-05,0.00000000000000e+00	2.02015056248499e-05,0.00000000000000e+00	2.02015056248499e-05,0.00000000000000e+00	4.22313930604885e-03,0.00000000000000e+00
6.96674630072003e+06	4.21385888764680e-03,0.00000000000000e+00	9.11394068841139e-05,0.00000000000000e+00	2.01804657164124e-05,0.00000000000000e+00	2.01804657164124e-05,0.00000000000000e+00	4.21385888764681e-03,0.00000000000000e+00
6.98280630957152e+06	4.20459696835208e-03,0.00000000000000e+00	9.09489376349150e-05,0.00000000000000e+00	2.01593851959704e-05,0.00000000000000e+00	2.01593851959704e-05,0.00000000000000e+00	4.20459696835179e-03,0.00000000000000e+00
6.99890334056694e+06	4.19535352375819e-03,0.00000000000000e+00	9.07588236858580e-05,0.00000000000000e+00	2.01382642737993e-05,0.00000000000000e+00	2.01382642737993e-05,0.00000000000000e+00	4.19535352375806e-03,0.00000000000000e+00
7.01503747905116e+06	4.18612852940447e-03,0.00000000000000e+00	9.05690645402593e-05,0.00000000000000e+00	2.01171031606258e-05,0.00000000000000e+00	2.01171031606258e-05,0.00000000000000e+00	4.18612852940465e-03,0.00000000000000e+00
7.03120881056576e+06	4.17692196078319e-03,0.00000000000000e+00	9.03796597011258e-05,0.00000000000000e+00	2.00959020676613e-05,0.00000000000000e+00	2.00959020676613e-05,0.00000000000000e+00	4.17692196078378e-03,0.00000000000000e+00
7.04741742084954e+06	4.16773379332919e-03,0.00000000000000e+00	9.01906086709075e-05,0.00000000000000e+00	2.00746612065380e-05,0.00000000000000e+00	2.00746612065380e-05,0.00000000000000e+00	4.16773379332959e-03,0.00000000000000e+00
7.06366339583893e+06	4.15856400242885e-03,0.00000000000000e+00	9.00019109517266e-05,0.00000000000000e+00	2.00533807893523e-05,0.00000000000000e+00	2.00533807893523e-05,0.00000000000000e+00	4.15856400242869e-03,0.00000000000000e+00
7.07994682166849e+06	4.14941256341717e-03,0.00000000000000e+00	8.98135660453147e-05,0.00000000000000e+00	2.00320610286426e-05,0.00000000000000e+00	2.00320610286426e-05,0.00000000000000e+00	4.14941256341738e-03,0.00000000000000e+00
7.09626778467130e+06	4.14027945158063e-03,0.00000000000000e+00	8.96255734529800e-05,0.00000000000000e+00	2.00107021373738e-05,0.00000000000000e+00	2.00107021373738e-05,0.00000000000000e+00	4.14027945158020e-03,0.00000000000000e+00
7.11262637137950e+06	4.13116464215442e-03,0.00000000000000e+00	8.94379326756981e-05,0.00000000000000e+00	1.99893043289497e-05,0.00000000000000e+00	1.99893043289497e-05,0.00000000000000e+00	4.13116464215413e-03,0.00000000000000e+00
7.12902266852468e+06	4.12206811032741e-03,0.00000000000000e+00	8.92506432140946e-05,0.00000000000000e+00	1.99678678172007e-05,0.00000000000000e+00	1.99678678172007e-05,0.00000000000000e+00	4.12206811032792e-03,0.00000000000000e+00
7.14545676303837e+06	4.11298983124257e-03,0.00000000000000e+00	8.90637045684582e-05,0.00000000000000e+00	1.99463928163788e-05,0.00000000000000e+00	1.99463928163788e-05,0.00000000000000e+00	4.11298983124274e-03,0.00000000000000e+00
7.16192874205251e+06	4.10392977999070e-03,0.00000000000000e+00	8.88771162387086e-05,0.00000000000000e+00	1.99248795411422e-05,0.00000000000000e+00	1.99248795411422e-05,0.00000000000000e+00	4.10392977999076e-03,0.00000000000000e+00
7.17843869289989e+06	4.09488793161987e-03,0.00000000000000e+00	8.86908777245008e-05,0.00000000000000e+00	1.99033282065708e-05,0.00000000000000e+00	1.99033282065708e-05,0.00000000000000e+00	4.09488793162004e-03,0.00000000000000e+00
7.19498670311463e+06	4.08586426113322e-03,0.00000000000000e+00	8.85049885251923e-05,0.00000000000000e+00	1.98817390281503e-05,0.00000000000000e+00	1.98817390281503e-05,0.00000000000000e+00	4.08586426113310e-03,0.00000000000000e+00
7.21157286043263e+06	4.07685874348610e-03,0.00000000000000e+00	8.83194481398257e-05,0.00000000000000e+00	1.98601122217604e-05,0.00000000000000e+00	1.98601122217604e-05,0.00000000000000e+00	4.07685874348618e-03,0.00000000000000e+00
7.22819725279205e+06	4.06787135359290e-03,0.00000000000000e+00	8.81342560672020e-05,0.00000000000000e+00	1.98384480036831e-05,0.00000000000000e+00	1.98384480036831e-05,0.00000000000000e+00	4.06787135359269e-03,0.00000000000000e+00
7.24485996833376e+06	4.05890206632071e-03,0.00000000000000e+00	8.79494118058329e-05,0.00000000000000e+00	1.98167465905840e-05,0.00000000000000e+00	1.98167465905840e-05,0.00000000000000e+00	4.05890206632114e-03,0.00000000000000e+00
7.26156109540181e+06	4.04995085649535e-03,0.00000000000000e+00	8.77649148539532e-05,0.00000000000000e+00	1.97950081995066e-05,0.00000000000000e+00	1.97950081995066e-05,0.00000000000000e+00	4.04995085649572e-03,0.00000000000000e+00
7.27830072254392e+06	4.04101769890330e-03,0.00000000000000e+00	8.75807647096684e-05,0.00000000000000e+00	1.97732330478977e-05,0.00000000000000e+00	1.97732330478977e-05,0.00000000000000e+00	4.04101769890326e-03,0.00000000000000e+00
7.29507893851194e+06	4.03210256828348e-03,0.00000000000000e+00	8.73969608707422e-05,0.00000000000000e+00	1.97514213535511e-05,0.00000000000000e+00	1.97514213535511e-05,0.00000000000000e+00	4.03210256828343e-03,0.00000000000000e+00
7.31189583226228e+06	4.02320543933685e-03,0.00000000000000e+00	8.72135028347729e-05,0.00000000000000e+00	1.97295733346396e-05,0.00000000000000e+00	1.97295733346396e-05,0.00000000000000e+00	4.02320543933707e-03,0.00000000000000e+00
7.32875149295644e+06	4.01432628672934e-03,0.00000000000000e+00	8.70303900992504e-05,0.00000000000000e+00	1.97076892097193e-05,0.00000000000000e+00	1.97076892097193e-05,0.00000000000000e+00	4.01432628672879e-03,0.00000000000000e+00
7.34564600996147e+06	4.00546508507546e-03,0.00000000000000e+00	8.68476221612994e-05,0.00000000000000e+00	1.96857691976637e-05,0.00000000000000e+00	1.96857691976637e-05,0.00000000000000e+00	4.00546508507534e-03,0.00000000000000e+00
7.36257947285041e+06	3.99662180895724e-03,0.00000000000000e+00	8.66651985179307e-05,0.00000000000000e+00	1.96638135177124e-05,0.00000000000000e+00	1.96638135177124e-05,0.00000000000000e+00	3.99662180895715e-03,0.00000000000000e+00
7.37955197140278e+06	3.98779643292271e-03,0.00000000000000e+00	8.64831186661397e-05,0.00000000000000e+00	1.96418223894851e-05,0.00000000000000e+00	1.96418223894851e-05,0.00000000000000e+00	3.98779643292310e-03,0.00000000000000e+00
7.39656359560510e+06	3.97898893147378e-03,0.00000000000000e+00	8.63013821025490e-05,0.00000000000000e+00	1.96197960328924e-05,0.00000000000000e+00	1.96197960328924e-05,0.00000000000000e+00	3.97898893147402e-03,0.00000000000000e+00
7.41361443565130e+06	3.97019927907994e-03,0.00000000000000e+00	8.61199883237744e-05,0.00000000000000e+00	1.95977346682111e-05,0.00000000000000e+00	1.95977346682111e-05,0.00000000000000e+00	3.97019927907976e-03,0.00000000000000e+00
7.43070458194323e+06	3.96142745017303e-03,0.00000000000000e+00	8.59389368262884e-05,0.00000000000000e+00	1.95756385160444e-05,0.00000000000000e+00	1.95756385160444e-05,0.00000000000000e+00	3.96142745017290e-03,0.00000000000000e+00
7.44783412509114e+06	3.95267341914758e-03,0.00000000000000e+00	8.57582271063874e-05,0.00000000000000e+00	1.95535077973070e-05,0.00000000000000e+00	1.95535077973070e-05,0.00000000000000e+00	3.95267341914742e-03,0.00000000000000e+00
7.46500315591418e+06	3.94393716036478e-03,0.00000000000000e+00	8.55778586603203e-05,0.00000000000000e+00	1.95313427332455e-05,0.00000000000000e+00	1.95313427332455e-05,0.00000000000000e+00	3.94393716036467e-03,0.00000000000000e+00
7.48221176544084e+06	3.93521864814954e-03,0.00000000000000e+00	8.53978309841968e-05,0.00000000000000e+00	1.95091435454101e-05,0.00000000000000e+00	1.95091435454101e-05,0.00000000000000e+00	3.93521864814928e-03,0.00000000000000e+00
7.49946004490944e+06	3.92651785679179e-03,0.00000000000000e+00	8.52181435740423e-05,0.00000000000000e+00	1.94869104556583e-05,0.00000000000000e+00	1.94869104556583e-05,0.00000000000000e+00	3.92651785679178e-03,0.00000000000000e+00
7.51674808576865e+06	3.91783476055178e-03,0.00000000000000e+00	8.50387959258667e-05,0.00000000000000e+00	1.94646436861628e-05,0.00000000000000e+00	1.94646436861628e-05,0.00000000000000e+00	3.91783476055185e-03,0.00000000000000e+00
7.53407597967795e+06	3.90916933365491e-03,0.00000000000000e+00	8.48597875355877e-05,0.00000000000000e+00	1.94423434593860e-05,0.00000000000000e+00	1.94423434593860e-05,0.00000000000000e+00	3.90916933365495e-03,0.00000000000000e+00
7.55144381850809e+06	3.90052155029074e-03,0.00000000000000e+00	8.46811178989973e-05,0.00000000000000e+00	1.94200099980640e-05,0.00000000000000e+00	1.94200099980640e-05,0.00000000000000e+00	3.90052155029084e-03,0.00000000000000e+00
7.56885169434163e+06	3.89189138462132e-03,0.00000000000000e+00	8.45027865119187e-05,0.00000000000000e+00	1.93976435252341e-05,0.00000000000000e+00	1.93976435252341e-05,0.00000000000000e+00	3.89189138462093e-03,0.00000000000000e+00
7.58629969947340e+06	3.88327881077563e-03,0.00000000000000e+00	8.43247928701425e-05,0.00000000000000e+00	1.93752442642126e-05,0.00000000000000e+00	1.93752442642126e-05,0.00000000000000e+00	3.88327881077547e-03,0.00000000000000e+00
7.60378792641099e+06	3.87468380285295e-03,0.00000000000000e+00	8.41471364694085e-05,0.00000000000000e+00	1.93528124385823e-05,0.00000000000000e+00	1.93528124385823e-05,0.00000000000000e+00	3.87468380285279e-03,0.00000000000000e+00
7.62131646787522e+06	3.86610633492079e-03,0.00000000000000e+00	8.39698168054307e-05,0.00000000000000e+00	1.93303482721899e-05,0.00000000000000e+00	1.93303482721899e-05,0.00000000000000e+00	3.86610633492058e-03,0.00000000000000e+00
7.63888541680069e+06	3.85754638101863e-03,0.00000000000000e+00	8.37928333739499e-05,0.00000000000000e+00	1.93078519891503e-05,0.00000000000000e+00	1.93078519891503e-05,0.00000000000000e+00	3.85754638101846e-03,0.00000000000000e+00
7.65649486633621e+06	3.84900391515854e-03,0.00000000000000e+00	8.36161856707578e-05,0.00000000000000e+00	1.92853238138437e-05,0.00000000000000e+00	1.92853238138437e-05,0.00000000000000e+00	3.84900391515917e-03,0.00000000000000e+00
7.67414490984534e+06	3.84047891132092e-03,0.00000000000000e+00	8.34398731915347e-05,0.00000000000000e+00	1.92627639708706e-05,0.00000000000000e+00	1.92627639708706e-05,0.00000000000000e+00	3.84047891132121e-03,0.00000000000000e+00
7.69183564090683e+06	3.83197134345990e-03,0.00000000000000e+00	8.32638954321032e-05,0.00000000000000e+00	1.92401726851017e-05,0.00000000000000e+00	1.92401726851017e-05,0.00000000000000e+00	3.83197134346066e-03,0.00000000000000e+00
7.70956715331519e+06	3.82348118550368e-03,0.00000000000000e+00	8.30882518882649e-05,0.00000000000000e+00	1.92175501816323e-05,0.00000000000000e+00	1.92175501816323e-05,0.00000000000000e+00	3.82348118550382e-03,0.00000000000000e+00
7.72733954108114e+06	3.81500841135018e-03,0.00000000000000e+00	8.29129420558680e-05,0.00000000000000e+00	1.91948966857902e-05,0.00000000000000e+00	1.91948966857902e-05,0.00000000000000e+00	3.81500841135035e-03,0.00000000000000e+00
7.74515289843210e+06	3.80655299487678e-03,0.00000000000000e+00	8.27379654308727e-05,0.00000000000000e+00	1.91722124231420e-05,0.00000000000000e+00	1.91722124231420e-05,0.00000000000000e+00	3.80655299487652e-03,0.00000000000000e+00
7.76300731981272e+06	3.79811490992905e-03,0.00000000000000e+00	8.25633215092189e-05,0.00000000000000e+00	1.91494976194552e-05,0.00000000000000e+00	1.91494976194552e-05,0.00000000000000e+00	3.79811490992913e-03,0.00000000000000e+00
7.78090289988537e+06	3.78969413033138e-03,0.00000000000000e+00	8.23890097869625e-05,0.00000000000000e+00	1.91267525007212e-05,0.00000000000000e+00	1.91267525007212e-05,0.00000000000000e+00	3.78969413033202e-03,0.00000000000000e+00
7.79883973353062e+06	3.78129062988519e-03,0.00000000000000e+00	8.22150297602560e-05,0.00000000000000e+00	1.91039772931428e-05,0.00000000000000e+00	1.91039772931428e-05,0.00000000000000e+00	3.78129062988523e-03,0.00000000000000e+00
7.81681791584779e+06	3.77290438236428e-03,0.00000000000000e+00	8.20413809253154e-05,0.00000000000000e+00	1.90811722231189e-05,0.00000000000000e+00	1.90811722231190e-05,0.00000000000000e+00	3.77290438236364e-03,0.00000000000000e+00
7.83483754215541e+06	3.76453536151629e-03,0.00000000000000e+00	8.18680627784144e-05,0.00000000000000e+00	1.90583375172347e-05,0.00000000000000e+00	1.90583375172347e-05,0.00000000000000e+00	3.76453536151684e-03,0.00000000000000e+00
7.85289870799175e+06	3.75618354107766e-03,0.00000000000000e+00	8.16950748160623e-05,0.00000000000000e+00	1.90354734022950e-05,0.00000000000000e+00	1.90354734022950e-05,0.00000000000000e+00	3.75618354107742e-03,0.00000000000000e+00
7.87100150911530e+06	3.74784889474890e-03,0.00000000000000e+00	8.15224165347451e-05,0.00000000000000e+00	1.90125801052565e-05,0.00000000000000e+00	1.90125801052565e-05,0.00000000000000e+00	3.74784889474921e-03,0.00000000000000e+00
7.88914604150532e+06	3.73953139621849e-03,0.00000000000000e+00	8.13500874311725e-05,0.00000000000000e+00	1.89896578532765e-05,0.00000000000000e+00	1.89896578532765e-05,0.00000000000000e+00	3.73953139621882e-03,0.00000000000000e+00
7.90733240136231e+06	3.73123101914729e-03,0.00000000000000e+00	8.11780870021051e-05,0.00000000000000e+00	1.89667068736656e-05,0.00000000000000e+00	1.89667068736656e-05,0.00000000000000e+00	3.73123101914772e-03,0.00000000000000e+00
7.92556068510854e+06	3.72294773717943e-03,0.00000000000000e+00	8.10064147445148e-05,0.00000000000000e+00	1.89437273939162e-05,0.00000000000000e+00	1.89437273939162e-05,0.00000000000000e+00	3.72294773717989e-03,0.00000000000000e+00
7.94383098938855e+06	3.71468152393855e-03,0.00000000000000e+00	8.08350701555102e-05,0.00000000000000e+00	1.89207196416778e-05,0.00000000000000e+00	1.89207196416778e-05,0.00000000000000e+00	3.71468152393844e-03,0.00000000000000e+00
7.96214341106969e+06	3.70643235302341e-03,0.00000000000000e+00	8.06640527322891e-05,0.00000000000000e+00	1.88976838447378e-05,0.00000000000000e+00	1.88976838447378e-05,0.00000000000000e+00	3.70643235302358e-03,0.00000000000000e+00
7.98049804724259e+06	3.69820019801993e-03,0.00000000000000e+00	8.04933619722986e-05,0.00000000000000e+00	1.88746202310508e-05,0.00000000000000e+00	1.88746202310508e-05,0.00000000000000e+00	3.69820019802015e-03,0.00000000000000e+00
7.99889499522169e+06	3.68998503249321e-03,0.00000000000000e+00	8.03229973731461e-05,0.00000000000000e+00	1.88515290287099e-05,0.00000000000000e+00	1.88515290287099e-05,0.00000000000000e+00	3.68998503249366e-03,0.00000000000000e+00
8.00000000000000e+06	3.68949273340923e-03,0.00000000000000e+00	8.03127873339580e-05,0.00000000000000e+00	1.88501428846115e-05,0.00000000000000e+00	1.88501428846115e-05,0.00000000000000e+00	3.68949273340914e-03,0.00000000000000e+00
