Freq.	mag(I(RCoil1))	mag(I(RCoil2))	mag(I(RCoil3))	mag(I(RLoad))	mag(I(RSource))
2.00000000000000e+06	2.81085481551820e-03,0.00000000000000e+00	1.11395069750351e-05,0.00000000000000e+00	5.47423189564589e-07,0.00000000000000e+00	5.47423189564725e-07,0.00000000000000e+00	2.81085481551849e-03,0.00000000000000e+00
2.00461047615580e+06	2.81961793383640e-03,0.00000000000000e+00	1.12360230128764e-05,0.00000000000000e+00	5.54724269199859e-07,0.00000000000000e+00	5.54724269199692e-07,0.00000000000000e+00	2.81961793383647e-03,0.00000000000000e+00
2.00923158055679e+06	2.82842056074857e-03,0.00000000000000e+00	1.13334818298893e-05,0.00000000000000e+00	5.62127729121772e-07,0.00000000000000e+00	5.62127729121748e-07,0.00000000000000e+00	2.82842056074846e-03,0.00000000000000e+00
2.01386333770361e+06	2.83726296878113e-03,0.00000000000000e+00	1.14318941174079e-05,0.00000000000000e+00	5.69635097618976e-07,0.00000000000000e+00	5.69635097618826e-07,0.00000000000000e+00	2.83726296878082e-03,0.00000000000000e+00
2.01850577215337e+06	2.84614543303978e-03,0.00000000000000e+00	1.15312707092921e-05,0.00000000000000e+00	5.77247927557292e-07,0.00000000000000e+00	5.77247927557275e-07,0.00000000000000e+00	2.84614543303985e-03,0.00000000000000e+00
2.02315890851980e+06	2.85506823123253e-03,0.00000000000000e+00	1.16316225841057e-05,0.00000000000000e+00	5.84967796809909e-07,0.00000000000000e+00	5.84967796809879e-07,0.00000000000000e+00	2.85506823123300e-03,0.00000000000000e+00
2.02782277147336e+06	2.86403164370390e-03,0.00000000000000e+00	1.17329608674022e-05,0.00000000000000e+00	5.92796308696214e-07,0.00000000000000e+00	5.92796308696407e-07,0.00000000000000e+00	2.86403164370422e-03,0.00000000000000e+00
2.03249738574139e+06	2.87303595346353e-03,0.00000000000000e+00	1.18352968340209e-05,0.00000000000000e+00	6.00735092428079e-07,0.00000000000000e+00	6.00735092428026e-07,0.00000000000000e+00	2.87303595346344e-03,0.00000000000000e+00
2.03718277610823e+06	2.88208144621712e-03,0.00000000000000e+00	1.19386419104136e-05,0.00000000000000e+00	6.08785803562371e-07,0.00000000000000e+00	6.08785803562293e-07,0.00000000000000e+00	2.88208144621684e-03,0.00000000000000e+00
2.04187896741536e+06	2.89116841040279e-03,0.00000000000000e+00	1.20430076770567e-05,0.00000000000000e+00	6.16950124470458e-07,0.00000000000000e+00	6.16950124470571e-07,0.00000000000000e+00	2.89116841040312e-03,0.00000000000000e+00
2.04658598456151e+06	2.90029713721761e-03,0.00000000000000e+00	1.21484058708276e-05,0.00000000000000e+00	6.25229764807036e-07,0.00000000000000e+00	6.25229764807226e-07,0.00000000000000e+00	2.90029713721717e-03,0.00000000000000e+00
2.05130385250281e+06	2.90946792065275e-03,0.00000000000000e+00	1.22548483875333e-05,0.00000000000000e+00	6.33626461994027e-07,0.00000000000000e+00	6.33626461994085e-07,0.00000000000000e+00	2.90946792065277e-03,0.00000000000000e+00
2.05603259625295e+06	2.91868105752671e-03,0.00000000000000e+00	1.23623472843831e-05,0.00000000000000e+00	6.42141981709342e-07,0.00000000000000e+00	6.42141981709478e-07,0.00000000000000e+00	2.91868105752658e-03,0.00000000000000e+00
2.06077224088323e+06	2.92793684752009e-03,0.00000000000000e+00	1.24709147825675e-05,0.00000000000000e+00	6.50778118392628e-07,0.00000000000000e+00	6.50778118392623e-07,0.00000000000000e+00	2.92793684751982e-03,0.00000000000000e+00
2.06552281152279e+06	2.93723559320573e-03,0.00000000000000e+00	1.25805632698588e-05,0.00000000000000e+00	6.59536695751780e-07,0.00000000000000e+00	6.59536695751793e-07,0.00000000000000e+00	2.93723559320568e-03,0.00000000000000e+00
2.07028433335869e+06	2.94657760008648e-03,0.00000000000000e+00	1.26913053032666e-05,0.00000000000000e+00	6.68419567285729e-07,0.00000000000000e+00	6.68419567285900e-07,0.00000000000000e+00	2.94657760008686e-03,0.00000000000000e+00
2.07505683163602e+06	2.95596317662955e-03,0.00000000000000e+00	1.28031536117484e-05,0.00000000000000e+00	6.77428616814130e-07,0.00000000000000e+00	6.77428616814140e-07,0.00000000000000e+00	2.95596317662954e-03,0.00000000000000e+00
2.07984033165812e+06	2.96539263430273e-03,0.00000000000000e+00	1.29161210989605e-05,0.00000000000000e+00	6.86565759020178e-07,0.00000000000000e+00	6.86565759020148e-07,0.00000000000000e+00	2.96539263430294e-03,0.00000000000000e+00
2.08463485878661e+06	2.97486628760621e-03,0.00000000000000e+00	1.30302208460468e-05,0.00000000000000e+00	6.95832940001805e-07,0.00000000000000e+00	6.95832940001678e-07,0.00000000000000e+00	2.97486628760656e-03,0.00000000000000e+00
2.08944043844160e+06	2.98438445411457e-03,0.00000000000000e+00	1.31454661145157e-05,0.00000000000000e+00	7.05232137832221e-07,0.00000000000000e+00	7.05232137832083e-07,0.00000000000000e+00	2.98438445411490e-03,0.00000000000000e+00
2.09425709610180e+06	2.99394745451236e-03,0.00000000000000e+00	1.32618703491460e-05,0.00000000000000e+00	7.14765363137426e-07,0.00000000000000e+00	7.14765363137461e-07,0.00000000000000e+00	2.99394745451238e-03,0.00000000000000e+00
2.09908485730464e+06	3.00355561262607e-03,0.00000000000000e+00	1.33794471809315e-05,0.00000000000000e+00	7.24434659679212e-07,0.00000000000000e+00	7.24434659679232e-07,0.00000000000000e+00	3.00355561262672e-03,0.00000000000000e+00
2.10392374764644e+06	3.01320925547257e-03,0.00000000000000e+00	1.34982104301234e-05,0.00000000000000e+00	7.34242104950999e-07,0.00000000000000e+00	7.34242104951036e-07,0.00000000000000e+00	3.01320925547267e-03,0.00000000000000e+00
2.10877379278251e+06	3.02290871328558e-03,0.00000000000000e+00	1.36181741092744e-05,0.00000000000000e+00	7.44189810788322e-07,0.00000000000000e+00	7.44189810788336e-07,0.00000000000000e+00	3.02290871328540e-03,0.00000000000000e+00
2.11363501842731e+06	3.03265431956822e-03,0.00000000000000e+00	1.37393524264188e-05,0.00000000000000e+00	7.54279923988349e-07,0.00000000000000e+00	7.54279923988279e-07,0.00000000000000e+00	3.03265431956804e-03,0.00000000000000e+00
2.11850745035458e+06	3.04244641111788e-03,0.00000000000000e+00	1.38617597882010e-05,0.00000000000000e+00	7.64514626941544e-07,0.00000000000000e+00	7.64514626941628e-07,0.00000000000000e+00	3.04244641111766e-03,0.00000000000000e+00
2.12339111439745e+06	3.05228532807898e-03,0.00000000000000e+00	1.39854108031664e-05,0.00000000000000e+00	7.74896138278995e-07,0.00000000000000e+00	7.74896138279053e-07,0.00000000000000e+00	3.05228532807927e-03,0.00000000000000e+00
2.12828603644863e+06	3.06217141397769e-03,0.00000000000000e+00	1.41103202850681e-05,0.00000000000000e+00	7.85426713530427e-07,0.00000000000000e+00	7.85426713530475e-07,0.00000000000000e+00	3.06217141397815e-03,0.00000000000000e+00
2.13319224246051e+06	3.07210501576598e-03,0.00000000000000e+00	1.42365032562347e-05,0.00000000000000e+00	7.96108645794006e-07,0.00000000000000e+00	7.96108645794159e-07,0.00000000000000e+00	3.07210501576557e-03,0.00000000000000e+00
2.13810975844531e+06	3.08208648385728e-03,0.00000000000000e+00	1.43639749509967e-05,0.00000000000000e+00	8.06944266424062e-07,0.00000000000000e+00	8.06944266424004e-07,0.00000000000000e+00	3.08208648385759e-03,0.00000000000000e+00
2.14303861047521e+06	3.09211617218045e-03,0.00000000000000e+00	1.44927508192097e-05,0.00000000000000e+00	8.17935945725204e-07,0.00000000000000e+00	8.17935945725331e-07,0.00000000000000e+00	3.09211617218031e-03,0.00000000000000e+00
2.14797882468249e+06	3.10219443821124e-03,0.00000000000000e+00	1.46228465298128e-05,0.00000000000000e+00	8.29086093672024e-07,0.00000000000000e+00	8.29086093671845e-07,0.00000000000000e+00	3.10219443821102e-03,0.00000000000000e+00
2.15293042725967e+06	3.11232164302533e-03,0.00000000000000e+00	1.47542779744682e-05,0.00000000000000e+00	8.40397160628415e-07,0.00000000000000e+00	8.40397160628424e-07,0.00000000000000e+00	3.11232164302524e-03,0.00000000000000e+00
2.15789344445965e+06	3.12249815133717e-03,0.00000000000000e+00	1.48870612712648e-05,0.00000000000000e+00	8.51871638095715e-07,0.00000000000000e+00	8.51871638095692e-07,0.00000000000000e+00	3.12249815133695e-03,0.00000000000000e+00
2.16286790259587e+06	3.13272433154569e-03,0.00000000000000e+00	1.50212127684922e-05,0.00000000000000e+00	8.63512059464859e-07,0.00000000000000e+00	8.63512059464883e-07,0.00000000000000e+00	3.13272433154584e-03,0.00000000000000e+00
2.16785382804240e+06	3.14300055578404e-03,0.00000000000000e+00	1.51567490485085e-05,0.00000000000000e+00	8.75321000791025e-07,0.00000000000000e+00	8.75321000791004e-07,0.00000000000000e+00	3.14300055578366e-03,0.00000000000000e+00
2.17285124723413e+06	3.15332719996096e-03,0.00000000000000e+00	1.52936869316434e-05,0.00000000000000e+00	8.87301081580842e-07,0.00000000000000e+00	8.87301081580645e-07,0.00000000000000e+00	3.15332719996070e-03,0.00000000000000e+00
2.17786018666686e+06	3.16370464381027e-03,0.00000000000000e+00	1.54320434801983e-05,0.00000000000000e+00	8.99454965595878e-07,0.00000000000000e+00	8.99454965595715e-07,0.00000000000000e+00	3.16370464381020e-03,0.00000000000000e+00
2.18288067289751e+06	3.17413327094082e-03,0.00000000000000e+00	1.55718360025562e-05,0.00000000000000e+00	9.11785361673873e-07,0.00000000000000e+00	9.11785361673738e-07,0.00000000000000e+00	3.17413327094106e-03,0.00000000000000e+00
2.18791273254418e+06	3.18461346888113e-03,0.00000000000000e+00	1.57130820572914e-05,0.00000000000000e+00	9.24295024563795e-07,0.00000000000000e+00	9.24295024563949e-07,0.00000000000000e+00	3.18461346888096e-03,0.00000000000000e+00
2.19295639228637e+06	3.19514562913014e-03,0.00000000000000e+00	1.58557994574367e-05,0.00000000000000e+00	9.36986755782315e-07,0.00000000000000e+00	9.36986755782348e-07,0.00000000000000e+00	3.19514562912994e-03,0.00000000000000e+00
2.19801167886504e+06	3.20573014720805e-03,0.00000000000000e+00	1.60000062748008e-05,0.00000000000000e+00	9.49863404483420e-07,0.00000000000000e+00	9.49863404483430e-07,0.00000000000000e+00	3.20573014720818e-03,0.00000000000000e+00
2.20307861908283e+06	3.21636742270562e-03,0.00000000000000e+00	1.61457208443527e-05,0.00000000000000e+00	9.62927868349957e-07,0.00000000000000e+00	9.62927868350016e-07,0.00000000000000e+00	3.21636742270615e-03,0.00000000000000e+00
2.20815723980414e+06	3.22705785933738e-03,0.00000000000000e+00	1.62929617687317e-05,0.00000000000000e+00	9.76183094497860e-07,0.00000000000000e+00	9.76183094498306e-07,0.00000000000000e+00	3.22705785933717e-03,0.00000000000000e+00
2.21324756795533e+06	3.23780186499207e-03,0.00000000000000e+00	1.64417479228281e-05,0.00000000000000e+00	9.89632080409603e-07,0.00000000000000e+00	9.89632080410273e-07,0.00000000000000e+00	3.23780186499186e-03,0.00000000000000e+00
2.21834963052480e+06	3.24859985178495e-03,0.00000000000000e+00	1.65920984584234e-05,0.00000000000000e+00	1.00327787487471e-06,0.00000000000000e+00	1.00327787487451e-06,0.00000000000000e+00	3.24859985178495e-03,0.00000000000000e+00
2.22346345456318e+06	3.25945223611556e-03,0.00000000000000e+00	1.67440328089838e-05,0.00000000000000e+00	1.01712357895464e-06,0.00000000000000e+00	1.01712357895433e-06,0.00000000000000e+00	3.25945223611525e-03,0.00000000000000e+00
2.22858906718345e+06	3.27035943871867e-03,0.00000000000000e+00	1.68975706945027e-05,0.00000000000000e+00	1.03117234697046e-06,0.00000000000000e+00	1.03117234697060e-06,0.00000000000000e+00	3.27035943871853e-03,0.00000000000000e+00
2.23372649556112e+06	3.28132188471964e-03,0.00000000000000e+00	1.70527321264355e-05,0.00000000000000e+00	1.04542738751165e-06,0.00000000000000e+00	1.04542738751211e-06,0.00000000000000e+00	3.28132188471951e-03,0.00000000000000e+00
2.23887576693430e+06	3.29234000369059e-03,0.00000000000000e+00	1.72095374127669e-05,0.00000000000000e+00	1.05989196446024e-06,0.00000000000000e+00	1.05989196446022e-06,0.00000000000000e+00	3.29234000369092e-03,0.00000000000000e+00
2.24403690860392e+06	3.30341422971317e-03,0.00000000000000e+00	1.73680071631620e-05,0.00000000000000e+00	1.07456939803603e-06,0.00000000000000e+00	1.07456939803591e-06,0.00000000000000e+00	3.30341422971279e-03,0.00000000000000e+00
2.24920994793385e+06	3.31454500142580e-03,0.00000000000000e+00	1.75281622942102e-05,0.00000000000000e+00	1.08946306587394e-06,0.00000000000000e+00	1.08946306587399e-06,0.00000000000000e+00	3.31454500142585e-03,0.00000000000000e+00
2.25439491235101e+06	3.32573276209170e-03,0.00000000000000e+00	1.76900240347806e-05,0.00000000000000e+00	1.10457640411400e-06,0.00000000000000e+00	1.10457640411416e-06,0.00000000000000e+00	3.32573276209200e-03,0.00000000000000e+00
2.25959182934559e+06	3.33697795965452e-03,0.00000000000000e+00	1.78536139314899e-05,0.00000000000000e+00	1.11991290851745e-06,0.00000000000000e+00	1.11991290851730e-06,0.00000000000000e+00	3.33697795965453e-03,0.00000000000000e+00
2.26480072647111e+06	3.34828104680137e-03,0.00000000000000e+00	1.80189538543028e-05,0.00000000000000e+00	1.13547613560719e-06,0.00000000000000e+00	1.13547613560688e-06,0.00000000000000e+00	3.34828104680105e-03,0.00000000000000e+00
2.27002163134462e+06	3.35964248101706e-03,0.00000000000000e+00	1.81860660021626e-05,0.00000000000000e+00	1.15126970382674e-06,0.00000000000000e+00	1.15126970382714e-06,0.00000000000000e+00	3.35964248101683e-03,0.00000000000000e+00
2.27525457164686e+06	3.37106272465834e-03,0.00000000000000e+00	1.83549729088541e-05,0.00000000000000e+00	1.16729729474199e-06,0.00000000000000e+00	1.16729729474128e-06,0.00000000000000e+00	3.37106272465823e-03,0.00000000000000e+00
2.28049957512233e+06	3.38254224500742e-03,0.00000000000000e+00	1.85256974488968e-05,0.00000000000000e+00	1.18356265423813e-06,0.00000000000000e+00	1.18356265423817e-06,0.00000000000000e+00	3.38254224500736e-03,0.00000000000000e+00
2.28575666957954e+06	3.39408151433951e-03,0.00000000000000e+00	1.86982628435815e-05,0.00000000000000e+00	1.20006959377122e-06,0.00000000000000e+00	1.20006959377140e-06,0.00000000000000e+00	3.39408151433990e-03,0.00000000000000e+00
2.29102588289106e+06	3.40568100998982e-03,0.00000000000000e+00	1.88726926671367e-05,0.00000000000000e+00	1.21682199163223e-06,0.00000000000000e+00	1.21682199163163e-06,0.00000000000000e+00	3.40568100999037e-03,0.00000000000000e+00
2.29630724299376e+06	3.41734121441785e-03,0.00000000000000e+00	1.90490108530407e-05,0.00000000000000e+00	1.23382379423287e-06,0.00000000000000e+00	1.23382379423341e-06,0.00000000000000e+00	3.41734121441788e-03,0.00000000000000e+00
2.30160077788886e+06	3.42906261527339e-03,0.00000000000000e+00	1.92272417004066e-05,0.00000000000000e+00	1.25107901744043e-06,0.00000000000000e+00	1.25107901743979e-06,0.00000000000000e+00	3.42906261527342e-03,0.00000000000000e+00
2.30690651564218e+06	3.44084570546785e-03,0.00000000000000e+00	1.94074098805683e-05,0.00000000000000e+00	1.26859174791038e-06,0.00000000000000e+00	1.26859174791081e-06,0.00000000000000e+00	3.44084570546822e-03,0.00000000000000e+00
2.31222448438419e+06	3.45269098324302e-03,0.00000000000000e+00	1.95895404437337e-05,0.00000000000000e+00	1.28636614448100e-06,0.00000000000000e+00	1.28636614448103e-06,0.00000000000000e+00	3.45269098324311e-03,0.00000000000000e+00
2.31755471231024e+06	3.46459895224184e-03,0.00000000000000e+00	1.97736588258499e-05,0.00000000000000e+00	1.30440643957187e-06,0.00000000000000e+00	1.30440643957155e-06,0.00000000000000e+00	3.46459895224139e-03,0.00000000000000e+00
2.32289722768068e+06	3.47657012157525e-03,0.00000000000000e+00	1.99597908555198e-05,0.00000000000000e+00	1.32271694062232e-06,0.00000000000000e+00	1.32271694062248e-06,0.00000000000000e+00	3.47657012157504e-03,0.00000000000000e+00
2.32825205882097e+06	3.48860500589998e-03,0.00000000000000e+00	2.01479627611435e-05,0.00000000000000e+00	1.34130203156754e-06,0.00000000000000e+00	1.34130203156703e-06,0.00000000000000e+00	3.48860500589966e-03,0.00000000000000e+00
2.33361923412192e+06	3.50070412549366e-03,0.00000000000000e+00	2.03382011781872e-05,0.00000000000000e+00	1.36016617433524e-06,0.00000000000000e+00	1.36016617433546e-06,0.00000000000000e+00	3.50070412549315e-03,0.00000000000000e+00
2.33899878203973e+06	3.51286800632229e-03,0.00000000000000e+00	2.05305331565596e-05,0.00000000000000e+00	1.37931391038354e-06,0.00000000000000e+00	1.37931391038292e-06,0.00000000000000e+00	3.51286800632214e-03,0.00000000000000e+00
2.34439073109625e+06	3.52509718012400e-03,0.00000000000000e+00	2.07249861682061e-05,0.00000000000000e+00	1.39874986226409e-06,0.00000000000000e+00	1.39874986226457e-06,0.00000000000000e+00	3.52509718012412e-03,0.00000000000000e+00
2.34979510987905e+06	3.53739218448300e-03,0.00000000000000e+00	2.09215881148253e-05,0.00000000000000e+00	1.41847873523390e-06,0.00000000000000e+00	1.41847873523439e-06,0.00000000000000e+00	3.53739218448289e-03,0.00000000000000e+00
2.35521194704161e+06	3.54975356290742e-03,0.00000000000000e+00	2.11203673357595e-05,0.00000000000000e+00	1.43850531888498e-06,0.00000000000000e+00	1.43850531888472e-06,0.00000000000000e+00	3.54975356290768e-03,0.00000000000000e+00
2.36064127130345e+06	3.56218186491057e-03,0.00000000000000e+00	2.13213526160235e-05,0.00000000000000e+00	1.45883448881598e-06,0.00000000000000e+00	1.45883448881640e-06,0.00000000000000e+00	3.56218186491031e-03,0.00000000000000e+00
2.36608311145032e+06	3.57467764608790e-03,0.00000000000000e+00	2.15245731945570e-05,0.00000000000000e+00	1.47947120835555e-06,0.00000000000000e+00	1.47947120835558e-06,0.00000000000000e+00	3.57467764608807e-03,0.00000000000000e+00
2.37153749633431e+06	3.58724146820665e-03,0.00000000000000e+00	2.17300587726261e-05,0.00000000000000e+00	1.50042053029696e-06,0.00000000000000e+00	1.50042053029741e-06,0.00000000000000e+00	3.58724146820705e-03,0.00000000000000e+00
2.37700445487403e+06	3.59987389928384e-03,0.00000000000000e+00	2.19378395223829e-05,0.00000000000000e+00	1.52168759869539e-06,0.00000000000000e+00	1.52168759869527e-06,0.00000000000000e+00	3.59987389928391e-03,0.00000000000000e+00
2.38248401605474e+06	3.61257551367117e-03,0.00000000000000e+00	2.21479460956273e-05,0.00000000000000e+00	1.54327765068729e-06,0.00000000000000e+00	1.54327765068673e-06,0.00000000000000e+00	3.61257551367060e-03,0.00000000000000e+00
2.38797620892854e+06	3.62534689214027e-03,0.00000000000000e+00	2.23604096327681e-05,0.00000000000000e+00	1.56519601836059e-06,0.00000000000000e+00	1.56519601835996e-06,0.00000000000000e+00	3.62534689214056e-03,0.00000000000000e+00
2.39348106261448e+06	3.63818862197750e-03,0.00000000000000e+00	2.25752617719445e-05,0.00000000000000e+00	1.58744813066981e-06,0.00000000000000e+00	1.58744813066957e-06,0.00000000000000e+00	3.63818862197747e-03,0.00000000000000e+00
2.39899860629875e+06	3.65110129706279e-03,0.00000000000000e+00	2.27925346583868e-05,0.00000000000000e+00	1.61003951538179e-06,0.00000000000000e+00	1.61003951538154e-06,0.00000000000000e+00	3.65110129706350e-03,0.00000000000000e+00
2.40452886923482e+06	3.66408551796803e-03,0.00000000000000e+00	2.30122609539348e-05,0.00000000000000e+00	1.63297580107188e-06,0.00000000000000e+00	1.63297580107183e-06,0.00000000000000e+00	3.66408551796778e-03,0.00000000000000e+00
2.41007188074358e+06	3.67714189204072e-03,0.00000000000000e+00	2.32344738467794e-05,0.00000000000000e+00	1.65626271916466e-06,0.00000000000000e+00	1.65626271916524e-06,0.00000000000000e+00	3.67714189204062e-03,0.00000000000000e+00
2.41562767021355e+06	3.69027103350499e-03,0.00000000000000e+00	2.34592070614417e-05,0.00000000000000e+00	1.67990610602863e-06,0.00000000000000e+00	1.67990610602917e-06,0.00000000000000e+00	3.69027103350545e-03,0.00000000000000e+00
2.42119626710095e+06	3.70347356355321e-03,0.00000000000000e+00	2.36864948689200e-05,0.00000000000000e+00	1.70391190509878e-06,0.00000000000000e+00	1.70391190509836e-06,0.00000000000000e+00	3.70347356355351e-03,0.00000000000000e+00
2.42677770092994e+06	3.71675011044170e-03,0.00000000000000e+00	2.39163720971155e-05,0.00000000000000e+00	1.72828616906283e-06,0.00000000000000e+00	1.72828616906313e-06,0.00000000000000e+00	3.71675011044200e-03,0.00000000000000e+00
2.43237200129273e+06	3.73010130958649e-03,0.00000000000000e+00	2.41488741414023e-05,0.00000000000000e+00	1.75303506210082e-06,0.00000000000000e+00	1.75303506210032e-06,0.00000000000000e+00	3.73010130958665e-03,0.00000000000000e+00
2.43797919784972e+06	3.74352780366840e-03,0.00000000000000e+00	2.43840369755518e-05,0.00000000000000e+00	1.77816486215540e-06,0.00000000000000e+00	1.77816486215516e-06,0.00000000000000e+00	3.74352780366873e-03,0.00000000000000e+00
2.44359932032973e+06	3.75703024272688e-03,0.00000000000000e+00	2.46218971627524e-05,0.00000000000000e+00	1.80368196327579e-06,0.00000000000000e+00	1.80368196327592e-06,0.00000000000000e+00	3.75703024272700e-03,0.00000000000000e+00
2.44923239853009e+06	3.77060928426665e-03,0.00000000000000e+00	2.48624918670023e-05,0.00000000000000e+00	1.82959287800223e-06,0.00000000000000e+00	1.82959287800260e-06,0.00000000000000e+00	3.77060928426659e-03,0.00000000000000e+00
2.45487846231680e+06	3.78426559336329e-03,0.00000000000000e+00	2.51058588646884e-05,0.00000000000000e+00	1.85590423981453e-06,0.00000000000000e+00	1.85590423981430e-06,0.00000000000000e+00	3.78426559336325e-03,0.00000000000000e+00
2.46053754162475e+06	3.79799984276574e-03,0.00000000000000e+00	2.53520365564126e-05,0.00000000000000e+00	1.88262280562035e-06,0.00000000000000e+00	1.88262280561992e-06,0.00000000000000e+00	3.79799984276531e-03,0.00000000000000e+00
2.46620966645781e+06	3.81181271300273e-03,0.00000000000000e+00	2.56010639791240e-05,0.00000000000000e+00	1.90975545832270e-06,0.00000000000000e+00	1.90975545832265e-06,0.00000000000000e+00	3.81181271300252e-03,0.00000000000000e+00
2.47189486688901e+06	3.82570489249616e-03,0.00000000000000e+00	2.58529808184568e-05,0.00000000000000e+00	1.93730920943258e-06,0.00000000000000e+00	1.93730920943237e-06,0.00000000000000e+00	3.82570489249602e-03,0.00000000000000e+00
2.47759317306073e+06	3.83967707767174e-03,0.00000000000000e+00	2.61078274214786e-05,0.00000000000000e+00	1.96529120174598e-06,0.00000000000000e+00	1.96529120174558e-06,0.00000000000000e+00	3.83967707767141e-03,0.00000000000000e+00
2.48330461518481e+06	3.85372997306715e-03,0.00000000000000e+00	2.63656448095276e-05,0.00000000000000e+00	1.99370871208120e-06,0.00000000000000e+00	1.99370871208115e-06,0.00000000000000e+00	3.85372997306770e-03,0.00000000000000e+00
2.48902922354276e+06	3.86786429145414e-03,0.00000000000000e+00	2.66264746915084e-05,0.00000000000000e+00	2.02256915408457e-06,0.00000000000000e+00	2.02256915408487e-06,0.00000000000000e+00	3.86786429145403e-03,0.00000000000000e+00
2.49476702848587e+06	3.88208075394478e-03,0.00000000000000e+00	2.68903594773879e-05,0.00000000000000e+00	2.05188008109780e-06,0.00000000000000e+00	2.05188008109719e-06,0.00000000000000e+00	3.88208075394493e-03,0.00000000000000e+00
2.50051806043543e+06	3.89638009012213e-03,0.00000000000000e+00	2.71573422920791e-05,0.00000000000000e+00	2.08164918908926e-06,0.00000000000000e+00	2.08164918908988e-06,0.00000000000000e+00	3.89638009012215e-03,0.00000000000000e+00
2.50628234988282e+06	3.91076303815131e-03,0.00000000000000e+00	2.74274669895322e-05,0.00000000000000e+00	2.11188431967040e-06,0.00000000000000e+00	2.11188431966997e-06,0.00000000000000e+00	3.91076303815115e-03,0.00000000000000e+00
2.51205992738974e+06	3.92523034490448e-03,0.00000000000000e+00	2.77007781672681e-05,0.00000000000000e+00	2.14259346315290e-06,0.00000000000000e+00	2.14259346315349e-06,0.00000000000000e+00	3.92523034490482e-03,0.00000000000000e+00
2.51785082358832e+06	3.93978276609075e-03,0.00000000000000e+00	2.79773211811462e-05,0.00000000000000e+00	2.17378476171843e-06,0.00000000000000e+00	2.17378476171891e-06,0.00000000000000e+00	3.93978276609066e-03,0.00000000000000e+00
2.52365506918133e+06	3.95442106637069e-03,0.00000000000000e+00	2.82571421604995e-05,0.00000000000000e+00	2.20546651262056e-06,0.00000000000000e+00	2.20546651262115e-06,0.00000000000000e+00	3.95442106637050e-03,0.00000000000000e+00
2.52947269494229e+06	3.96914601949692e-03,0.00000000000000e+00	2.85402880236697e-05,0.00000000000000e+00	2.23764717149821e-06,0.00000000000000e+00	2.23764717149826e-06,0.00000000000000e+00	3.96914601949719e-03,0.00000000000000e+00
2.53530373171568e+06	3.98395840843826e-03,0.00000000000000e+00	2.88268064937923e-05,0.00000000000000e+00	2.27033535574250e-06,0.00000000000000e+00	2.27033535574239e-06,0.00000000000000e+00	3.98395840843784e-03,0.00000000000000e+00
2.54114821041707e+06	3.99885902551362e-03,0.00000000000000e+00	2.91167461150874e-05,0.00000000000000e+00	2.30353984796423e-06,0.00000000000000e+00	2.30353984796422e-06,0.00000000000000e+00	3.99885902551349e-03,0.00000000000000e+00
2.54700616203331e+06	4.01384867252764e-03,0.00000000000000e+00	2.94101562693688e-05,0.00000000000000e+00	2.33726959953352e-06,0.00000000000000e+00	2.33726959953319e-06,0.00000000000000e+00	4.01384867252804e-03,0.00000000000000e+00
2.55287761762267e+06	4.02892816090896e-03,0.00000000000000e+00	2.97070871930774e-05,0.00000000000000e+00	2.37153373419426e-06,0.00000000000000e+00	2.37153373419497e-06,0.00000000000000e+00	4.02892816090895e-03,0.00000000000000e+00
2.55876260831503e+06	4.04409831184642e-03,0.00000000000000e+00	3.00075899946427e-05,0.00000000000000e+00	2.40634155179586e-06,0.00000000000000e+00	2.40634155179589e-06,0.00000000000000e+00	4.04409831184686e-03,0.00000000000000e+00
2.56466116531203e+06	4.05935995643374e-03,0.00000000000000e+00	3.03117166722124e-05,0.00000000000000e+00	2.44170253207742e-06,0.00000000000000e+00	2.44170253207765e-06,0.00000000000000e+00	4.05935995643405e-03,0.00000000000000e+00
2.57057331988722e+06	4.07471393581411e-03,0.00000000000000e+00	3.06195201319234e-05,0.00000000000000e+00	2.47762633858008e-06,0.00000000000000e+00	2.47762633857994e-06,0.00000000000000e+00	4.07471393581421e-03,0.00000000000000e+00
2.57649910338625e+06	4.09016110132508e-03,0.00000000000000e+00	3.09310542064735e-05,0.00000000000000e+00	2.51412282261853e-06,0.00000000000000e+00	2.51412282261815e-06,0.00000000000000e+00	4.09016110132505e-03,0.00000000000000e+00
2.58243854722705e+06	4.10570231464594e-03,0.00000000000000e+00	3.12463736741444e-05,0.00000000000000e+00	2.55120202738194e-06,0.00000000000000e+00	2.55120202738177e-06,0.00000000000000e+00	4.10570231464598e-03,0.00000000000000e+00
2.58839168289996e+06	4.12133844795558e-03,0.00000000000000e+00	3.15655342784365e-05,0.00000000000000e+00	2.58887419211266e-06,0.00000000000000e+00	2.58887419211323e-06,0.00000000000000e+00	4.12133844795607e-03,0.00000000000000e+00
2.59435854196790e+06	4.13707038408127e-03,0.00000000000000e+00	3.18885927479127e-05,0.00000000000000e+00	2.62714975639845e-06,0.00000000000000e+00	2.62714975639874e-06,0.00000000000000e+00	4.13707038408126e-03,0.00000000000000e+00
2.60033915606656e+06	4.15289901665315e-03,0.00000000000000e+00	3.22156068167057e-05,0.00000000000000e+00	2.66603936456341e-06,0.00000000000000e+00	2.66603936456344e-06,0.00000000000000e+00	4.15289901665318e-03,0.00000000000000e+00
2.60633355690458e+06	4.16882525027162e-03,0.00000000000000e+00	3.25466352454675e-05,0.00000000000000e+00	2.70555387016386e-06,0.00000000000000e+00	2.70555387016454e-06,0.00000000000000e+00	4.16882525027215e-03,0.00000000000000e+00
2.61234177626367e+06	4.18485000066499e-03,0.00000000000000e+00	3.28817378427968e-05,0.00000000000000e+00	2.74570434062248e-06,0.00000000000000e+00	2.74570434062164e-06,0.00000000000000e+00	4.18485000066505e-03,0.00000000000000e+00
2.61836384599880e+06	4.20097419485214e-03,0.00000000000000e+00	3.32209754871802e-05,0.00000000000000e+00	2.78650206192858e-06,0.00000000000000e+00	2.78650206192777e-06,0.00000000000000e+00	4.20097419485156e-03,0.00000000000000e+00
2.62439979803839e+06	4.21719877130867e-03,0.00000000000000e+00	3.35644101494527e-05,0.00000000000000e+00	2.82795854349726e-06,0.00000000000000e+00	2.82795854349638e-06,0.00000000000000e+00	4.21719877130825e-03,0.00000000000000e+00
2.63044966438446e+06	4.23352468014807e-03,0.00000000000000e+00	3.39121049159281e-05,0.00000000000000e+00	2.87008552313681e-06,0.00000000000000e+00	2.87008552313674e-06,0.00000000000000e+00	4.23352468014832e-03,0.00000000000000e+00
2.63651347711280e+06	4.24995288328435e-03,0.00000000000000e+00	3.42641240118479e-05,0.00000000000000e+00	2.91289497212832e-06,0.00000000000000e+00	2.91289497212841e-06,0.00000000000000e+00	4.24995288328425e-03,0.00000000000000e+00
2.64259126837313e+06	4.26648435461036e-03,0.00000000000000e+00	3.46205328256418e-05,0.00000000000000e+00	2.95639910045213e-06,0.00000000000000e+00	2.95639910045215e-06,0.00000000000000e+00	4.26648435460983e-03,0.00000000000000e+00
2.64868307038931e+06	4.28312008017831e-03,0.00000000000000e+00	3.49813979336021e-05,0.00000000000000e+00	3.00061036211540e-06,0.00000000000000e+00	3.00061036211647e-06,0.00000000000000e+00	4.28312008017804e-03,0.00000000000000e+00
2.65478891545946e+06	4.29986105838526e-03,0.00000000000000e+00	3.53467871253166e-05,0.00000000000000e+00	3.04554146067287e-06,0.00000000000000e+00	3.04554146067220e-06,0.00000000000000e+00	4.29986105838559e-03,0.00000000000000e+00
2.66090883595616e+06	4.31670830015083e-03,0.00000000000000e+00	3.57167694295351e-05,0.00000000000000e+00	3.09120535479469e-06,0.00000000000000e+00	3.09120535479367e-06,0.00000000000000e+00	4.31670830015039e-03,0.00000000000000e+00
2.66704286432663e+06	4.33366282911131e-03,0.00000000000000e+00	3.60914151408956e-05,0.00000000000000e+00	3.13761526407257e-06,0.00000000000000e+00	3.13761526407269e-06,0.00000000000000e+00	4.33366282911110e-03,0.00000000000000e+00
2.67319103309287e+06	4.35072568181159e-03,0.00000000000000e+00	3.64707958471291e-05,0.00000000000000e+00	3.18478467491260e-06,0.00000000000000e+00	3.18478467491230e-06,0.00000000000000e+00	4.35072568181169e-03,0.00000000000000e+00
2.67935337485185e+06	4.36789790789859e-03,0.00000000000000e+00	3.68549844570147e-05,0.00000000000000e+00	3.23272734658771e-06,0.00000000000000e+00	3.23272734658665e-06,0.00000000000000e+00	4.36789790789885e-03,0.00000000000000e+00
2.68552992227571e+06	4.38518057031918e-03,0.00000000000000e+00	3.72440552290412e-05,0.00000000000000e+00	3.28145731746592e-06,0.00000000000000e+00	3.28145731746623e-06,0.00000000000000e+00	4.38518057031891e-03,0.00000000000000e+00
2.69172070811188e+06	4.40257474552205e-03,0.00000000000000e+00	3.76380838007464e-05,0.00000000000000e+00	3.33098891137329e-06,0.00000000000000e+00	3.33098891137277e-06,0.00000000000000e+00	4.40257474552203e-03,0.00000000000000e+00
2.69792576518329e+06	4.42008152366351e-03,0.00000000000000e+00	3.80371472188082e-05,0.00000000000000e+00	3.38133674413752e-06,0.00000000000000e+00	3.38133674413830e-06,0.00000000000000e+00	4.42008152366382e-03,0.00000000000000e+00
2.70414512638854e+06	4.43770200881845e-03,0.00000000000000e+00	3.84413239698921e-05,0.00000000000000e+00	3.43251573029424e-06,0.00000000000000e+00	3.43251573029308e-06,0.00000000000000e+00	4.43770200881797e-03,0.00000000000000e+00
2.71037882470205e+06	4.45543731918829e-03,0.00000000000000e+00	3.88506940122750e-05,0.00000000000000e+00	3.48454108995264e-06,0.00000000000000e+00	3.48454108995176e-06,0.00000000000000e+00	4.45543731918800e-03,0.00000000000000e+00
2.71662689317429e+06	4.47328858731815e-03,0.00000000000000e+00	3.92653388082283e-05,0.00000000000000e+00	3.53742835587440e-06,0.00000000000000e+00	3.53742835587499e-06,0.00000000000000e+00	4.47328858731818e-03,0.00000000000000e+00
2.72288936493188e+06	4.49125696032287e-03,0.00000000000000e+00	3.96853413573666e-05,0.00000000000000e+00	3.59119338070793e-06,0.00000000000000e+00	3.59119338070828e-06,0.00000000000000e+00	4.49125696032318e-03,0.00000000000000e+00
2.72916627317783e+06	4.50934360010076e-03,0.00000000000000e+00	4.01107862305623e-05,0.00000000000000e+00	3.64585234440436e-06,0.00000000000000e+00	3.64585234440471e-06,0.00000000000000e+00	4.50934360010047e-03,0.00000000000000e+00
2.73545765119168e+06	4.52754968356599e-03,0.00000000000000e+00	4.05417596050512e-05,0.00000000000000e+00	3.70142176186542e-06,0.00000000000000e+00	3.70142176186448e-06,0.00000000000000e+00	4.52754968356617e-03,0.00000000000000e+00
2.74176353232969e+06	4.54587640288259e-03,0.00000000000000e+00	4.09783493002135e-05,0.00000000000000e+00	3.75791849074499e-06,0.00000000000000e+00	3.75791849074486e-06,0.00000000000000e+00	4.54587640288277e-03,0.00000000000000e+00
2.74808395002501e+06	4.56432496569314e-03,0.00000000000000e+00	4.14206448143000e-05,0.00000000000000e+00	3.81535973950458e-06,0.00000000000000e+00	3.81535973950390e-06,0.00000000000000e+00	4.56432496569309e-03,0.00000000000000e+00
2.75441893778787e+06	4.58289659536529e-03,0.00000000000000e+00	4.18687373622662e-05,0.00000000000000e+00	3.87376307563778e-06,0.00000000000000e+00	3.87376307563713e-06,0.00000000000000e+00	4.58289659536526e-03,0.00000000000000e+00
2.76076852920575e+06	4.60159253122777e-03,0.00000000000000e+00	4.23227199143193e-05,0.00000000000000e+00	3.93314643412965e-06,0.00000000000000e+00	3.93314643413064e-06,0.00000000000000e+00	4.60159253122797e-03,0.00000000000000e+00
2.76713275794354e+06	4.62041402882915e-03,0.00000000000000e+00	4.27826872357331e-05,0.00000000000000e+00	3.99352812617283e-06,0.00000000000000e+00	3.99352812617218e-06,0.00000000000000e+00	4.62041402882851e-03,0.00000000000000e+00
2.77351165774376e+06	4.63936236017550e-03,0.00000000000000e+00	4.32487359274563e-05,0.00000000000000e+00	4.05492684804600e-06,0.00000000000000e+00	4.05492684804445e-06,0.00000000000000e+00	4.63936236017579e-03,0.00000000000000e+00
2.77990526242669e+06	4.65843881400040e-03,0.00000000000000e+00	4.37209644679939e-05,0.00000000000000e+00	4.11736169029532e-06,0.00000000000000e+00	4.11736169029541e-06,0.00000000000000e+00	4.65843881400089e-03,0.00000000000000e+00
2.78631360589058e+06	4.67764469601735e-03,0.00000000000000e+00	4.41994732561896e-05,0.00000000000000e+00	4.18085214713440e-06,0.00000000000000e+00	4.18085214713433e-06,0.00000000000000e+00	4.67764469601738e-03,0.00000000000000e+00
2.79273672211185e+06	4.69698132918823e-03,0.00000000000000e+00	4.46843646553259e-05,0.00000000000000e+00	4.24541812609312e-06,0.00000000000000e+00	4.24541812609353e-06,0.00000000000000e+00	4.69698132918867e-03,0.00000000000000e+00
2.79917464514521e+06	4.71645005399468e-03,0.00000000000000e+00	4.51757430381970e-05,0.00000000000000e+00	4.31107995794029e-06,0.00000000000000e+00	4.31107995793903e-06,0.00000000000000e+00	4.71645005399515e-03,0.00000000000000e+00
2.80562740912389e+06	4.73605222871138e-03,0.00000000000000e+00	4.56737148335428e-05,0.00000000000000e+00	4.37785840685935e-06,0.00000000000000e+00	4.37785840685935e-06,0.00000000000000e+00	4.73605222871158e-03,0.00000000000000e+00
2.81209504825981e+06	4.75578922968188e-03,0.00000000000000e+00	4.61783885735449e-05,0.00000000000000e+00	4.44577468092655e-06,0.00000000000000e+00	4.44577468092653e-06,0.00000000000000e+00	4.75578922968224e-03,0.00000000000000e+00
2.81857759684373e+06	4.77566245161326e-03,0.00000000000000e+00	4.66898749427417e-05,0.00000000000000e+00	4.51485044283754e-06,0.00000000000000e+00	4.51485044283737e-06,0.00000000000000e+00	4.77566245161354e-03,0.00000000000000e+00
2.82507508924549e+06	4.79567330785562e-03,0.00000000000000e+00	4.72082868281788e-05,0.00000000000000e+00	4.58510782096959e-06,0.00000000000000e+00	4.58510782096889e-06,0.00000000000000e+00	4.79567330785581e-03,0.00000000000000e+00
2.83158755991414e+06	4.81582323070124e-03,0.00000000000000e+00	4.77337393708624e-05,0.00000000000000e+00	4.65656942070310e-06,0.00000000000000e+00	4.65656942070372e-06,0.00000000000000e+00	4.81582323070123e-03,0.00000000000000e+00
2.83811504337816e+06	4.83611367168451e-03,0.00000000000000e+00	4.82663500186822e-05,0.00000000000000e+00	4.72925833609993e-06,0.00000000000000e+00	4.72925833610081e-06,0.00000000000000e+00	4.83611367168453e-03,0.00000000000000e+00
2.84465757424562e+06	4.85654610188380e-03,0.00000000000000e+00	4.88062385806800e-05,0.00000000000000e+00	4.80319816186714e-06,0.00000000000000e+00	4.80319816186851e-06,0.00000000000000e+00	4.85654610188415e-03,0.00000000000000e+00
2.85121518720435e+06	4.87712201223551e-03,0.00000000000000e+00	4.93535272828465e-05,0.00000000000000e+00	4.87841300566973e-06,0.00000000000000e+00	4.87841300567005e-06,0.00000000000000e+00	4.87712201223512e-03,0.00000000000000e+00
2.85778791702218e+06	4.89784291384813e-03,0.00000000000000e+00	4.99083408254527e-05,0.00000000000000e+00	4.95492750079025e-06,0.00000000000000e+00	4.95492750078961e-06,0.00000000000000e+00	4.89784291384743e-03,0.00000000000000e+00
2.86437579854706e+06	4.91871033831904e-03,0.00000000000000e+00	5.04708064417885e-05,0.00000000000000e+00	5.03276681911780e-06,0.00000000000000e+00	5.03276681911880e-06,0.00000000000000e+00	4.91871033831934e-03,0.00000000000000e+00
2.87097886670729e+06	4.93972583807128e-03,0.00000000000000e+00	5.10410539587179e-05,0.00000000000000e+00	5.11195668454383e-06,0.00000000000000e+00	5.11195668454386e-06,0.00000000000000e+00	4.93972583807090e-03,0.00000000000000e+00
2.87759715651167e+06	4.96089098667659e-03,0.00000000000000e+00	5.16192158587891e-05,0.00000000000000e+00	5.19252338667119e-06,0.00000000000000e+00	5.19252338667185e-06,0.00000000000000e+00	4.96089098667681e-03,0.00000000000000e+00
2.88423070304971e+06	4.98220737919809e-03,0.00000000000000e+00	5.22054273439958e-05,0.00000000000000e+00	5.27449379498183e-06,0.00000000000000e+00	5.27449379498279e-06,0.00000000000000e+00	4.98220737919839e-03,0.00000000000000e+00
2.89087954149183e+06	5.00367663253698e-03,0.00000000000000e+00	5.27998264014636e-05,0.00000000000000e+00	5.35789537335244e-06,0.00000000000000e+00	5.35789537335193e-06,0.00000000000000e+00	5.00367663253718e-03,0.00000000000000e+00
2.89754370708950e+06	5.02530038577278e-03,0.00000000000000e+00	5.34025538707586e-05,0.00000000000000e+00	5.44275619498846e-06,0.00000000000000e+00	5.44275619498826e-06,0.00000000000000e+00	5.02530038577301e-03,0.00000000000000e+00
2.90422323517546e+06	5.04708030053303e-03,0.00000000000000e+00	5.40137535132375e-05,0.00000000000000e+00	5.52910495780488e-06,0.00000000000000e+00	5.52910495780488e-06,0.00000000000000e+00	5.04708030053317e-03,0.00000000000000e+00
2.91091816116391e+06	5.06901806134330e-03,0.00000000000000e+00	5.46335720832208e-05,0.00000000000000e+00	5.61697100023625e-06,0.00000000000000e+00	5.61697100023482e-06,0.00000000000000e+00	5.06901806134349e-03,0.00000000000000e+00
2.91762852055067e+06	5.09111537600823e-03,0.00000000000000e+00	5.52621594012564e-05,0.00000000000000e+00	5.70638431748822e-06,0.00000000000000e+00	5.70638431748896e-06,0.00000000000000e+00	5.09111537600770e-03,0.00000000000000e+00
2.92435434891341e+06	5.11337397597468e-03,0.00000000000000e+00	5.58996684293598e-05,0.00000000000000e+00	5.79737557828489e-06,0.00000000000000e+00	5.79737557828396e-06,0.00000000000000e+00	5.11337397597457e-03,0.00000000000000e+00
2.93109568191180e+06	5.13579561672368e-03,0.00000000000000e+00	5.65462553483396e-05,0.00000000000000e+00	5.88997614204247e-06,0.00000000000000e+00	5.88997614204204e-06,0.00000000000000e+00	5.13579561672351e-03,0.00000000000000e+00
2.93785255528771e+06	5.15838207814993e-03,0.00000000000000e+00	5.72020796374809e-05,0.00000000000000e+00	5.98421807661218e-06,0.00000000000000e+00	5.98421807661156e-06,0.00000000000000e+00	5.15838207814992e-03,0.00000000000000e+00
2.94462500486541e+06	5.18113516496777e-03,0.00000000000000e+00	5.78673041563800e-05,0.00000000000000e+00	6.08013417649856e-06,0.00000000000000e+00	6.08013417649926e-06,0.00000000000000e+00	5.18113516496764e-03,0.00000000000000e+00
2.95141306655176e+06	5.20405670709925e-03,0.00000000000000e+00	5.85420952290129e-05,0.00000000000000e+00	6.17775798160025e-06,0.00000000000000e+00	6.17775798160037e-06,0.00000000000000e+00	5.20405670709942e-03,0.00000000000000e+00
2.95821677633639e+06	5.22714856009635e-03,0.00000000000000e+00	5.92266227304463e-05,0.00000000000000e+00	6.27712379651490e-06,0.00000000000000e+00	6.27712379651496e-06,0.00000000000000e+00	5.22714856009739e-03,0.00000000000000e+00
2.96503617029188e+06	5.25041260555539e-03,0.00000000000000e+00	5.99210601758919e-05,0.00000000000000e+00	6.37826671044136e-06,0.00000000000000e+00	6.37826671044070e-06,0.00000000000000e+00	5.25041260555458e-03,0.00000000000000e+00
2.97187128457399e+06	5.27385075152318e-03,0.00000000000000e+00	6.06255848122085e-05,0.00000000000000e+00	6.48122261758191e-06,0.00000000000000e+00	6.48122261758136e-06,0.00000000000000e+00	5.27385075152418e-03,0.00000000000000e+00
2.97872215542180e+06	5.29746493295655e-03,0.00000000000000e+00	6.13403777123724e-05,0.00000000000000e+00	6.58602823823796e-06,0.00000000000000e+00	6.58602823823764e-06,0.00000000000000e+00	5.29746493295663e-03,0.00000000000000e+00
2.98558881915796e+06	5.32125711213160e-03,0.00000000000000e+00	6.20656238723438e-05,0.00000000000000e+00	6.69272114049703e-06,0.00000000000000e+00	6.69272114049670e-06,0.00000000000000e+00	5.32125711213118e-03,0.00000000000000e+00
2.99247131218884e+06	5.34522927911007e-03,0.00000000000000e+00	6.28015123110563e-05,0.00000000000000e+00	6.80133976253014e-06,0.00000000000000e+00	6.80133976253064e-06,0.00000000000000e+00	5.34522927910963e-03,0.00000000000000e+00
2.99936967100472e+06	5.36938345218109e-03,0.00000000000000e+00	6.35482361730762e-05,0.00000000000000e+00	6.91192343564158e-06,0.00000000000000e+00	6.91192343564106e-06,0.00000000000000e+00	5.36938345218133e-03,0.00000000000000e+00
3.00628393218002e+06	5.39372167832681e-03,0.00000000000000e+00	6.43059928344735e-05,0.00000000000000e+00	7.02451240790076e-06,0.00000000000000e+00	7.02451240790082e-06,0.00000000000000e+00	5.39372167832800e-03,0.00000000000000e+00
3.01321413237346e+06	5.41824603369142e-03,0.00000000000000e+00	6.50749840115681e-05,0.00000000000000e+00	7.13914786857013e-06,0.00000000000000e+00	7.13914786856923e-06,0.00000000000000e+00	5.41824603369132e-03,0.00000000000000e+00
3.02016030832827e+06	5.44295862405068e-03,0.00000000000000e+00	6.58554158732871e-05,0.00000000000000e+00	7.25587197324430e-06,0.00000000000000e+00	7.25587197324389e-06,0.00000000000000e+00	5.44295862405104e-03,0.00000000000000e+00
3.02712249687239e+06	5.46786158530886e-03,0.00000000000000e+00	6.66474991564074e-05,0.00000000000000e+00	7.37472786973698e-06,0.00000000000000e+00	7.37472786973744e-06,0.00000000000000e+00	5.46786158530958e-03,0.00000000000000e+00
3.03410073491864e+06	5.49295708398320e-03,0.00000000000000e+00	6.74514492845678e-05,0.00000000000000e+00	7.49575972477718e-06,0.00000000000000e+00	7.49575972477700e-06,0.00000000000000e+00	5.49295708398290e-03,0.00000000000000e+00
3.04109505946496e+06	5.51824731770239e-03,0.00000000000000e+00	6.82674864905866e-05,0.00000000000000e+00	7.61901275150712e-06,0.00000000000000e+00	7.61901275150605e-06,0.00000000000000e+00	5.51824731770249e-03,0.00000000000000e+00
3.04810550759455e+06	5.54373451572768e-03,0.00000000000000e+00	6.90958359426827e-05,0.00000000000000e+00	7.74453323781486e-06,0.00000000000000e+00	7.74453323781569e-06,0.00000000000000e+00	5.54373451572845e-03,0.00000000000000e+00
3.05513211647612e+06	5.56942093946177e-03,0.00000000000000e+00	6.99367278743547e-05,0.00000000000000e+00	7.87236857555500e-06,0.00000000000000e+00	7.87236857555389e-06,0.00000000000000e+00	5.56942093946216e-03,0.00000000000000e+00
3.06217492336403e+06	5.59530888297859e-03,0.00000000000000e+00	7.07903977181125e-05,0.00000000000000e+00	8.00256729068045e-06,0.00000000000000e+00	8.00256729068055e-06,0.00000000000000e+00	5.59530888297756e-03,0.00000000000000e+00
3.06923396559856e+06	5.62140067355632e-03,0.00000000000000e+00	7.16570862436155e-05,0.00000000000000e+00	8.13517907427075e-06,0.00000000000000e+00	8.13517907427040e-06,0.00000000000000e+00	5.62140067355663e-03,0.00000000000000e+00
3.07630928060604e+06	5.64769867223134e-03,0.00000000000000e+00	7.25370396994527e-05,0.00000000000000e+00	8.27025481456621e-06,0.00000000000000e+00	8.27025481456545e-06,0.00000000000000e+00	5.64769867223109e-03,0.00000000000000e+00
3.08340090589909e+06	5.67420527433664e-03,0.00000000000000e+00	7.34305099598761e-05,0.00000000000000e+00	8.40784662995565e-06,0.00000000000000e+00	8.40784662995432e-06,0.00000000000000e+00	5.67420527433667e-03,0.00000000000000e+00
3.09050887907680e+06	5.70092291008115e-03,0.00000000000000e+00	7.43377546755460e-05,0.00000000000000e+00	8.54800790306050e-06,0.00000000000000e+00	8.54800790305945e-06,0.00000000000000e+00	5.70092291008115e-03,0.00000000000000e+00
3.09763323782493e+06	5.72785404510145e-03,0.00000000000000e+00	7.52590374291016e-05,0.00000000000000e+00	8.69079331580186e-06,0.00000000000000e+00	8.69079331580284e-06,0.00000000000000e+00	5.72785404510122e-03,0.00000000000000e+00
3.10477401991613e+06	5.75500118106629e-03,0.00000000000000e+00	7.61946278958110e-05,0.00000000000000e+00	8.83625888572219e-06,0.00000000000000e+00	8.83625888572126e-06,0.00000000000000e+00	5.75500118106760e-03,0.00000000000000e+00
3.11193126321012e+06	5.78236685624863e-03,0.00000000000000e+00	7.71448020085778e-05,0.00000000000000e+00	8.98446200323933e-06,0.00000000000000e+00	8.98446200323991e-06,0.00000000000000e+00	5.78236685624842e-03,0.00000000000000e+00
3.11910500565387e+06	5.80995364613054e-03,0.00000000000000e+00	7.81098421287527e-05,0.00000000000000e+00	9.13546147029433e-06,0.00000000000000e+00	9.13546147029396e-06,0.00000000000000e+00	5.80995364613053e-03,0.00000000000000e+00
3.12629528528188e+06	5.83776416401754e-03,0.00000000000000e+00	7.90900372218975e-05,0.00000000000000e+00	9.28931754012926e-06,0.00000000000000e+00	9.28931754013114e-06,0.00000000000000e+00	5.83776416401772e-03,0.00000000000000e+00
3.13350214021627e+06	5.86580106165182e-03,0.00000000000000e+00	8.00856830391145e-05,0.00000000000000e+00	9.44609195835036e-06,0.00000000000000e+00	9.44609195835112e-06,0.00000000000000e+00	5.86580106165167e-03,0.00000000000000e+00
3.14072560866707e+06	5.89406702983927e-03,0.00000000000000e+00	8.10970823042529e-05,0.00000000000000e+00	9.60584800531804e-06,0.00000000000000e+00	9.60584800531630e-06,0.00000000000000e+00	5.89406702983977e-03,0.00000000000000e+00
3.14796572893241e+06	5.92256479910033e-03,0.00000000000000e+00	8.21245449068809e-05,0.00000000000000e+00	9.76865053989895e-06,0.00000000000000e+00	9.76865053989836e-06,0.00000000000000e+00	5.92256479910050e-03,0.00000000000000e+00
3.15522253939866e+06	5.95129714029955e-03,0.00000000000000e+00	8.31683881014100e-05,0.00000000000000e+00	9.93456604466941e-06,0.00000000000000e+00	9.93456604466938e-06,0.00000000000000e+00	5.95129714029949e-03,0.00000000000000e+00
3.16249607854073e+06	5.98026686531940e-03,0.00000000000000e+00	8.42289367127204e-05,0.00000000000000e+00	1.01036626725489e-05,0.00000000000000e+00	1.01036626725486e-05,0.00000000000000e+00	5.98026686531946e-03,0.00000000000000e+00
3.16978638492219e+06	6.00947682771899e-03,0.00000000000000e+00	8.53065233480962e-05,0.00000000000000e+00	1.02760102949657e-05,0.00000000000000e+00	1.02760102949674e-05,0.00000000000000e+00	6.00947682771912e-03,0.00000000000000e+00
3.17709349719552e+06	6.03892992341735e-03,0.00000000000000e+00	8.64014886163263e-05,0.00000000000000e+00	1.04516805516374e-05,0.00000000000000e+00	1.04516805516378e-05,0.00000000000000e+00	6.03892992341835e-03,0.00000000000000e+00
3.18441745410231e+06	6.06862909138297e-03,0.00000000000000e+00	8.75141813534907e-05,0.00000000000000e+00	1.06307469019315e-05,0.00000000000000e+00	1.06307469019301e-05,0.00000000000000e+00	6.06862909138308e-03,0.00000000000000e+00
3.19175829447343e+06	6.09857731432486e-03,0.00000000000000e+00	8.86449588564944e-05,0.00000000000000e+00	1.08132846779522e-05,0.00000000000000e+00	1.08132846779527e-05,0.00000000000000e+00	6.09857731432485e-03,0.00000000000000e+00
3.19911605722930e+06	6.12877761940147e-03,0.00000000000000e+00	8.97941871236148e-05,0.00000000000000e+00	1.09993711394276e-05,0.00000000000000e+00	1.09993711394277e-05,0.00000000000000e+00	6.12877761940293e-03,0.00000000000000e+00
3.20649078138005e+06	6.15923307895291e-03,0.00000000000000e+00	9.09622411036841e-05,0.00000000000000e+00	1.11890855303657e-05,0.00000000000000e+00	1.11890855303665e-05,0.00000000000000e+00	6.15923307895411e-03,0.00000000000000e+00
3.21388250602572e+06	6.18994681121142e-03,0.00000000000000e+00	9.21495049527389e-05,0.00000000000000e+00	1.13825091376063e-05,0.00000000000000e+00	1.13825091376067e-05,0.00000000000000e+00	6.18994681121008e-03,0.00000000000000e+00
3.22129127035651e+06	6.22092198104602e-03,0.00000000000000e+00	9.33563722994920e-05,0.00000000000000e+00	1.15797253514172e-05,0.00000000000000e+00	1.15797253514172e-05,0.00000000000000e+00	6.22092198104575e-03,0.00000000000000e+00
3.22871711365294e+06	6.25216180071960e-03,0.00000000000000e+00	9.45832465195356e-05,0.00000000000000e+00	1.17808197280163e-05,0.00000000000000e+00	1.17808197280151e-05,0.00000000000000e+00	6.25216180071977e-03,0.00000000000000e+00
3.23616007528610e+06	6.28366953063577e-03,0.00000000000000e+00	9.58305410184728e-05,0.00000000000000e+00	1.19858800543262e-05,0.00000000000000e+00	1.19858800543262e-05,0.00000000000000e+00	6.28366953063506e-03,0.00000000000000e+00
3.24362019471782e+06	6.31544848011289e-03,0.00000000000000e+00	9.70986795248284e-05,0.00000000000000e+00	1.21949964148133e-05,0.00000000000000e+00	1.21949964148121e-05,0.00000000000000e+00	6.31544848011352e-03,0.00000000000000e+00
3.25109751150093e+06	6.34750200816915e-03,0.00000000000000e+00	9.83880963924494e-05,0.00000000000000e+00	1.24082612607504e-05,0.00000000000000e+00	1.24082612607497e-05,0.00000000000000e+00	6.34750200816859e-03,0.00000000000000e+00
3.25859206527941e+06	6.37983352429078e-03,0.00000000000000e+00	9.96992369131523e-05,0.00000000000000e+00	1.26257694816878e-05,0.00000000000000e+00	1.26257694816883e-05,0.00000000000000e+00	6.37983352429069e-03,0.00000000000000e+00
3.26610389578863e+06	6.41244648925516e-03,0.00000000000000e+00	1.01032557640067e-04,0.00000000000000e+00	1.28476184795385e-05,0.00000000000000e+00	1.28476184795381e-05,0.00000000000000e+00	6.41244648925458e-03,0.00000000000000e+00
3.27363304285558e+06	6.44534441592090e-03,0.00000000000000e+00	1.02388526721760e-04,0.00000000000000e+00	1.30739082451029e-05,0.00000000000000e+00	1.30739082451037e-05,0.00000000000000e+00	6.44534441592128e-03,0.00000000000000e+00
3.28117954639904e+06	6.47853087005255e-03,0.00000000000000e+00	1.03767624247840e-04,0.00000000000000e+00	1.33047414372978e-05,0.00000000000000e+00	1.33047414372975e-05,0.00000000000000e+00	6.47853087005341e-03,0.00000000000000e+00
3.28874344642983e+06	6.51200947114569e-03,0.00000000000000e+00	1.05170342606264e-04,0.00000000000000e+00	1.35402234651944e-05,0.00000000000000e+00	1.35402234651945e-05,0.00000000000000e+00	6.51200947114510e-03,0.00000000000000e+00
3.29632478305098e+06	6.54578389325178e-03,0.00000000000000e+00	1.06597186853060e-04,0.00000000000000e+00	1.37804625727883e-05,0.00000000000000e+00	1.37804625727879e-05,0.00000000000000e+00	6.54578389325275e-03,0.00000000000000e+00
3.30392359645799e+06	6.57985786585283e-03,0.00000000000000e+00	1.08048675094753e-04,0.00000000000000e+00	1.40255699269419e-05,0.00000000000000e+00	1.40255699269429e-05,0.00000000000000e+00	6.57985786585239e-03,0.00000000000000e+00
3.31153992693902e+06	6.61423517466906e-03,0.00000000000000e+00	1.09525338883867e-04,0.00000000000000e+00	1.42756597082152e-05,0.00000000000000e+00	1.42756597082148e-05,0.00000000000000e+00	6.61423517466941e-03,0.00000000000000e+00
3.31917381487508e+06	6.64891966256119e-03,0.00000000000000e+00	1.11027723628340e-04,0.00000000000000e+00	1.45308492050615e-05,0.00000000000000e+00	1.45308492050625e-05,0.00000000000000e+00	6.64891966256131e-03,0.00000000000000e+00
3.32682530074030e+06	6.68391523037532e-03,0.00000000000000e+00	1.12556389015271e-04,0.00000000000000e+00	1.47912589113795e-05,0.00000000000000e+00	1.47912589113802e-05,0.00000000000000e+00	6.68391523037535e-03,0.00000000000000e+00
3.33449442510209e+06	6.71922583782614e-03,0.00000000000000e+00	1.14111909449364e-04,0.00000000000000e+00	1.50570126273873e-05,0.00000000000000e+00	1.50570126273861e-05,0.00000000000000e+00	6.71922583782635e-03,0.00000000000000e+00
3.34218122862138e+06	6.75485550438383e-03,0.00000000000000e+00	1.15694874506922e-04,0.00000000000000e+00	1.53282375643348e-05,0.00000000000000e+00	1.53282375643341e-05,0.00000000000000e+00	6.75485550438410e-03,0.00000000000000e+00
3.34988575205283e+06	6.79080831015948e-03,0.00000000000000e+00	1.17305889405750e-04,0.00000000000000e+00	1.56050644527750e-05,0.00000000000000e+00	1.56050644527741e-05,0.00000000000000e+00	6.79080831015913e-03,0.00000000000000e+00
3.35760803624508e+06	6.82708839680536e-03,0.00000000000000e+00	1.18945575492017e-04,0.00000000000000e+00	1.58876276549739e-05,0.00000000000000e+00	1.58876276549736e-05,0.00000000000000e+00	6.82708839680572e-03,0.00000000000000e+00
3.36534812214089e+06	6.86369996841867e-03,0.00000000000000e+00	1.20614570744228e-04,0.00000000000000e+00	1.61760652811572e-05,0.00000000000000e+00	1.61760652811577e-05,0.00000000000000e+00	6.86369996841806e-03,0.00000000000000e+00
3.37310605077744e+06	6.90064729244670e-03,0.00000000000000e+00	1.22313530295468e-04,0.00000000000000e+00	1.64705193102709e-05,0.00000000000000e+00	1.64705193102717e-05,0.00000000000000e+00	6.90064729244679e-03,0.00000000000000e+00
3.38088186328649e+06	6.93793470059817e-03,0.00000000000000e+00	1.24043126973982e-04,0.00000000000000e+00	1.67711357148472e-05,0.00000000000000e+00	1.67711357148460e-05,0.00000000000000e+00	6.93793470059779e-03,0.00000000000000e+00
3.38867560089462e+06	6.97556658976126e-03,0.00000000000000e+00	1.25804051863922e-04,0.00000000000000e+00	1.70780645907661e-05,0.00000000000000e+00	1.70780645907658e-05,0.00000000000000e+00	6.97556658976095e-03,0.00000000000000e+00
3.39648730492345e+06	7.01354742292952e-03,0.00000000000000e+00	1.27597014886201e-04,0.00000000000000e+00	1.73914602916773e-05,0.00000000000000e+00	1.73914602916766e-05,0.00000000000000e+00	7.01354742292951e-03,0.00000000000000e+00
3.40431701678986e+06	7.05188173011571e-03,0.00000000000000e+00	1.29422745400228e-04,0.00000000000000e+00	1.77114815683753e-05,0.00000000000000e+00	1.77114815683748e-05,0.00000000000000e+00	7.05188173011552e-03,0.00000000000000e+00
3.41216477800620e+06	7.09057410927965e-03,0.00000000000000e+00	1.31281992828038e-04,0.00000000000000e+00	1.80382917134310e-05,0.00000000000000e+00	1.80382917134310e-05,0.00000000000000e+00	7.09057410927897e-03,0.00000000000000e+00
3.42003063018053e+06	7.12962922724653e-03,0.00000000000000e+00	1.33175527301227e-04,0.00000000000000e+00	1.83720587112254e-05,0.00000000000000e+00	1.83720587112234e-05,0.00000000000000e+00	7.12962922724692e-03,0.00000000000000e+00
3.42791461501681e+06	7.16905182064553e-03,0.00000000000000e+00	1.35104140331891e-04,0.00000000000000e+00	1.87129553936348e-05,0.00000000000000e+00	1.87129553936351e-05,0.00000000000000e+00	7.16905182064573e-03,0.00000000000000e+00
3.43581677431513e+06	7.20884669681767e-03,0.00000000000000e+00	1.37068645508462e-04,0.00000000000000e+00	1.90611596016067e-05,0.00000000000000e+00	1.90611596016086e-05,0.00000000000000e+00	7.20884669681886e-03,0.00000000000000e+00
3.44373714997197e+06	7.24901873474077e-03,0.00000000000000e+00	1.39069879217085e-04,0.00000000000000e+00	1.94168543527892e-05,0.00000000000000e+00	1.94168543527886e-05,0.00000000000000e+00	7.24901873474006e-03,0.00000000000000e+00
3.45167578398036e+06	7.28957288594527e-03,0.00000000000000e+00	1.41108701390905e-04,0.00000000000000e+00	1.97802280156751e-05,0.00000000000000e+00	1.97802280156740e-05,0.00000000000000e+00	7.28957288594513e-03,0.00000000000000e+00
3.45963271843016e+06	7.33051417542565e-03,0.00000000000000e+00	1.43185996286553e-04,0.00000000000000e+00	2.01514744903335e-05,0.00000000000000e+00	2.01514744903319e-05,0.00000000000000e+00	7.33051417542657e-03,0.00000000000000e+00
3.46760799550823e+06	7.37184770255033e-03,0.00000000000000e+00	1.45302673290643e-04,0.00000000000000e+00	2.05307933960640e-05,0.00000000000000e+00	2.05307933960650e-05,0.00000000000000e+00	7.37184770255075e-03,0.00000000000000e+00
3.47560165749871e+06	7.41357864194196e-03,0.00000000000000e+00	1.47459667756645e-04,0.00000000000000e+00	2.09183902664575e-05,0.00000000000000e+00	2.09183902664569e-05,0.00000000000000e+00	7.41357864194249e-03,0.00000000000000e+00
3.48361374678318e+06	7.45571224438215e-03,0.00000000000000e+00	1.49657941873656e-04,0.00000000000000e+00	2.13144767517833e-05,0.00000000000000e+00	2.13144767517839e-05,0.00000000000000e+00	7.45571224438148e-03,0.00000000000000e+00
3.49164430584096e+06	7.49825383766480e-03,0.00000000000000e+00	1.51898485568638e-04,0.00000000000000e+00	2.17192708295089e-05,0.00000000000000e+00	2.17192708295089e-05,0.00000000000000e+00	7.49825383766451e-03,0.00000000000000e+00
3.49969337724927e+06	7.54120882747576e-03,0.00000000000000e+00	1.54182317443228e-04,0.00000000000000e+00	2.21329970228997e-05,0.00000000000000e+00	2.21329970229000e-05,0.00000000000000e+00	7.54120882747602e-03,0.00000000000000e+00
3.50776100368348e+06	7.58458269822722e-03,0.00000000000000e+00	1.56510485746835e-04,0.00000000000000e+00	2.25558866283406e-05,0.00000000000000e+00	2.25558866283398e-05,0.00000000000000e+00	7.58458269822729e-03,0.00000000000000e+00
3.51584722791734e+06	7.62838101388058e-03,0.00000000000000e+00	1.58884069387628e-04,0.00000000000000e+00	2.29881779515401e-05,0.00000000000000e+00	2.29881779515402e-05,0.00000000000000e+00	7.62838101388135e-03,0.00000000000000e+00
3.52395209282321e+06	7.67260941876319e-03,0.00000000000000e+00	1.61304178982876e-04,0.00000000000000e+00	2.34301165531900e-05,0.00000000000000e+00	2.34301165531900e-05,0.00000000000000e+00	7.67260941876250e-03,0.00000000000000e+00
3.53207564137228e+06	7.71727363833313e-03,0.00000000000000e+00	1.63771957950682e-04,0.00000000000000e+00	2.38819555043570e-05,0.00000000000000e+00	2.38819555043565e-05,0.00000000000000e+00	7.71727363833299e-03,0.00000000000000e+00
3.54021791663480e+06	7.76237947995835e-03,0.00000000000000e+00	1.66288583644461e-04,0.00000000000000e+00	2.43439556522356e-05,0.00000000000000e+00	2.43439556522360e-05,0.00000000000000e+00	7.76237947995824e-03,0.00000000000000e+00
3.54837896178028e+06	7.80793283362390e-03,0.00000000000000e+00	1.68855268532866e-04,0.00000000000000e+00	2.48163858965257e-05,0.00000000000000e+00	2.48163858965257e-05,0.00000000000000e+00	7.80793283362420e-03,0.00000000000000e+00
3.55655882007780e+06	7.85393967264227e-03,0.00000000000000e+00	1.71473261425835e-04,0.00000000000000e+00	2.52995234768713e-05,0.00000000000000e+00	2.52995234768720e-05,0.00000000000000e+00	7.85393967264215e-03,0.00000000000000e+00
3.56475753489613e+06	7.90040605430389e-03,0.00000000000000e+00	1.74143848750910e-04,0.00000000000000e+00	2.57936542723654e-05,0.00000000000000e+00	2.57936542723654e-05,0.00000000000000e+00	7.90040605430487e-03,0.00000000000000e+00
3.57297514970405e+06	7.94733812050925e-03,0.00000000000000e+00	1.76868355879542e-04,0.00000000000000e+00	2.62990731128034e-05,0.00000000000000e+00	2.62990731128035e-05,0.00000000000000e+00	7.94733812050939e-03,0.00000000000000e+00
3.58121170807054e+06	7.99474209833842e-03,0.00000000000000e+00	1.79648148507951e-04,0.00000000000000e+00	2.68160841031496e-05,0.00000000000000e+00	2.68160841031495e-05,0.00000000000000e+00	7.99474209833920e-03,0.00000000000000e+00
3.58946725366500e+06	8.04262430058619e-03,0.00000000000000e+00	1.82484634093313e-04,0.00000000000000e+00	2.73450009610244e-05,0.00000000000000e+00	2.73450009610245e-05,0.00000000000000e+00	8.04262430058618e-03,0.00000000000000e+00
3.59774183025753e+06	8.09099112624879e-03,0.00000000000000e+00	1.85379263349367e-04,0.00000000000000e+00	2.78861473685820e-05,0.00000000000000e+00	2.78861473685822e-05,0.00000000000000e+00	8.09099112624872e-03,0.00000000000000e+00
3.60603548171909e+06	8.13984906094160e-03,0.00000000000000e+00	1.88333531802302e-04,0.00000000000000e+00	2.84398573386960e-05,0.00000000000000e+00	2.84398573386959e-05,0.00000000000000e+00	8.13984906094159e-03,0.00000000000000e+00
3.61434825202180e+06	8.18920467727167e-03,0.00000000000000e+00	1.91348981411686e-04,0.00000000000000e+00	2.90064755965963e-05,0.00000000000000e+00	2.90064755965963e-05,0.00000000000000e+00	8.18920467727145e-03,0.00000000000000e+00
3.62268018523915e+06	8.23906463513044e-03,0.00000000000000e+00	1.94427202257938e-04,0.00000000000000e+00	2.95863579776876e-05,0.00000000000000e+00	2.95863579776876e-05,0.00000000000000e+00	8.23906463513074e-03,0.00000000000000e+00
3.63103132554622e+06	8.28943568193223e-03,0.00000000000000e+00	1.97569834300337e-04,0.00000000000000e+00	3.01798718420451e-05,0.00000000000000e+00	3.01798718420451e-05,0.00000000000000e+00	8.28943568193219e-03,0.00000000000000e+00
3.63940171721992e+06	8.34032465274948e-03,0.00000000000000e+00	2.00778569208201e-04,0.00000000000000e+00	3.07873965065079e-05,0.00000000000000e+00	3.07873965065080e-05,0.00000000000000e+00	8.34032465274909e-03,0.00000000000000e+00
3.64779140463922e+06	8.39173847038511e-03,0.00000000000000e+00	2.04055152269305e-04,0.00000000000000e+00	3.14093236953355e-05,0.00000000000000e+00	3.14093236953354e-05,0.00000000000000e+00	8.39173847038509e-03,0.00000000000000e+00
3.65620043228543e+06	8.44368414536300e-03,0.00000000000000e+00	2.07401384379403e-04,0.00000000000000e+00	3.20460580102511e-05,0.00000000000000e+00	3.20460580102510e-05,0.00000000000000e+00	8.44368414536387e-03,0.00000000000000e+00
3.66462884474237e+06	8.49616877578694e-03,0.00000000000000e+00	2.10819124115226e-04,0.00000000000000e+00	3.26980174205140e-05,0.00000000000000e+00	3.26980174205136e-05,0.00000000000000e+00	8.49616877578584e-03,0.00000000000000e+00
3.67307668669664e+06	8.54919954711743e-03,0.00000000000000e+00	2.14310289896896e-04,0.00000000000000e+00	3.33656337745348e-05,0.00000000000000e+00	3.33656337745352e-05,0.00000000000000e+00	8.54919954711809e-03,0.00000000000000e+00
3.68154400293786e+06	8.60278373184800e-03,0.00000000000000e+00	2.17876862242562e-04,0.00000000000000e+00	3.40493533336285e-05,0.00000000000000e+00	3.40493533336284e-05,0.00000000000000e+00	8.60278373184831e-03,0.00000000000000e+00
3.69003083835889e+06	8.65692868902299e-03,0.00000000000000e+00	2.21520886120882e-04,0.00000000000000e+00	3.47496373292283e-05,0.00000000000000e+00	3.47496373292283e-05,0.00000000000000e+00	8.65692868902233e-03,0.00000000000000e+00
3.69853723795610e+06	8.71164186365931e-03,0.00000000000000e+00	2.25244473405381e-04,0.00000000000000e+00	3.54669625445643e-05,0.00000000000000e+00	3.54669625445651e-05,0.00000000000000e+00	8.71164186366024e-03,0.00000000000000e+00
3.70706324682957e+06	8.76693078600883e-03,0.00000000000000e+00	2.29049805435309e-04,0.00000000000000e+00	3.62018219222243e-05,0.00000000000000e+00	3.62018219222247e-05,0.00000000000000e+00	8.76693078600781e-03,0.00000000000000e+00
3.71560891018334e+06	8.82280307066380e-03,0.00000000000000e+00	2.32939135689642e-04,0.00000000000000e+00	3.69547251985774e-05,0.00000000000000e+00	3.69547251985787e-05,0.00000000000000e+00	8.82280307066428e-03,0.00000000000000e+00
3.72417427332568e+06	8.87926641553731e-03,0.00000000000000e+00	2.36914792578535e-04,0.00000000000000e+00	3.77261995668524e-05,0.00000000000000e+00	3.77261995668534e-05,0.00000000000000e+00	8.87926641553713e-03,0.00000000000000e+00
3.73275938166929e+06	8.93632860061515e-03,0.00000000000000e+00	2.40979182358768e-04,0.00000000000000e+00	3.85167903697745e-05,0.00000000000000e+00	3.85167903697747e-05,0.00000000000000e+00	8.93632860061608e-03,0.00000000000000e+00
3.74136428073155e+06	8.99399748657071e-03,0.00000000000000e+00	2.45134792178270e-04,0.00000000000000e+00	3.93270618236648e-05,0.00000000000000e+00	3.93270618236661e-05,0.00000000000000e+00	8.99399748657057e-03,0.00000000000000e+00
3.74998901613478e+06	9.05228101314417e-03,0.00000000000000e+00	2.49384193258756e-04,0.00000000000000e+00	4.01575977755451e-05,0.00000000000000e+00	4.01575977755444e-05,0.00000000000000e+00	9.05228101314546e-03,0.00000000000000e+00
3.75863363360648e+06	9.11118719735066e-03,0.00000000000000e+00	2.53730044220346e-04,0.00000000000000e+00	4.10090024947170e-05,0.00000000000000e+00	4.10090024947177e-05,0.00000000000000e+00	9.11118719735156e-03,0.00000000000000e+00
3.76729817897955e+06	9.17072413141755e-03,0.00000000000000e+00	2.58175094557653e-04,0.00000000000000e+00	4.18819015008221e-05,0.00000000000000e+00	4.18819015008218e-05,0.00000000000000e+00	9.17072413141748e-03,0.00000000000000e+00
3.77598269819253e+06	9.23089998049992e-03,0.00000000000000e+00	2.62722188273737e-04,0.00000000000000e+00	4.27769424301159e-05,0.00000000000000e+00	4.27769424301168e-05,0.00000000000000e+00	9.23089998050034e-03,0.00000000000000e+00
3.78468723728989e+06	9.29172298015465e-03,0.00000000000000e+00	2.67374267681845e-04,0.00000000000000e+00	4.36947959422402e-05,0.00000000000000e+00	4.36947959422399e-05,0.00000000000000e+00	9.29172298015356e-03,0.00000000000000e+00
3.79341184242224e+06	9.35320143349746e-03,0.00000000000000e+00	2.72134377380798e-04,0.00000000000000e+00	4.46361566691039e-05,0.00000000000000e+00	4.46361566691036e-05,0.00000000000000e+00	9.35320143349612e-03,0.00000000000000e+00
3.80215655984654e+06	9.41534370810536e-03,0.00000000000000e+00	2.77005668416369e-04,0.00000000000000e+00	4.56017442085498e-05,0.00000000000000e+00	4.56017442085510e-05,0.00000000000000e+00	9.41534370810530e-03,0.00000000000000e+00
3.81092143592644e+06	9.47815823258692e-03,0.00000000000000e+00	2.81991402635711e-04,0.00000000000000e+00	4.65923041649793e-05,0.00000000000000e+00	4.65923041649817e-05,0.00000000000000e+00	9.47815823258670e-03,0.00000000000000e+00
3.81970651713242e+06	9.54165349281799e-03,0.00000000000000e+00	2.87094957247125e-04,0.00000000000000e+00	4.76086092396581e-05,0.00000000000000e+00	4.76086092396551e-05,0.00000000000000e+00	9.54165349281861e-03,0.00000000000000e+00
3.82851185004211e+06	9.60583802781886e-03,0.00000000000000e+00	2.92319829593787e-04,0.00000000000000e+00	4.86514603727258e-05,0.00000000000000e+00	4.86514603727265e-05,0.00000000000000e+00	9.60583802781942e-03,0.00000000000000e+00
3.83733748134052e+06	9.67072042527103e-03,0.00000000000000e+00	2.97669642155704e-04,0.00000000000000e+00	4.97216879408156e-05,0.00000000000000e+00	4.97216879408154e-05,0.00000000000000e+00	9.67072042527054e-03,0.00000000000000e+00
3.84618345782026e+06	9.73630931660864e-03,0.00000000000000e+00	3.03148147789946e-04,0.00000000000000e+00	5.08201530120526e-05,0.00000000000000e+00	5.08201530120558e-05,0.00000000000000e+00	9.73630931660877e-03,0.00000000000000e+00
3.85504982638181e+06	9.80261337169827e-03,0.00000000000000e+00	3.08759235222880e-04,0.00000000000000e+00	5.19477486626857e-05,0.00000000000000e+00	5.19477486626826e-05,0.00000000000000e+00	9.80261337169700e-03,0.00000000000000e+00
3.86393663403379e+06	9.86964129305588e-03,0.00000000000000e+00	3.14506934808280e-04,0.00000000000000e+00	5.31054013577812e-05,0.00000000000000e+00	5.31054013577852e-05,0.00000000000000e+00	9.86964129305663e-03,0.00000000000000e+00
3.87284392789316e+06	9.93740180958859e-03,0.00000000000000e+00	3.20395424565775e-04,0.00000000000000e+00	5.42940724004965e-05,0.00000000000000e+00	5.42940724004963e-05,0.00000000000000e+00	9.93740180958784e-03,0.00000000000000e+00
3.88177175518550e+06	1.00059036698107e-02,0.00000000000000e+00	3.26429036515560e-04,0.00000000000000e+00	5.55147594527820e-05,0.00000000000000e+00	5.55147594527799e-05,0.00000000000000e+00	1.00059036698107e-02,0.00000000000000e+00
3.89072016324527e+06	1.00751556345305e-02,0.00000000000000e+00	3.32612263324628e-04,0.00000000000000e+00	5.67684981322401e-05,0.00000000000000e+00	5.67684981322366e-05,0.00000000000000e+00	1.00751556345309e-02,0.00000000000000e+00
3.89968919951603e+06	1.01451664689452e-02,0.00000000000000e+00	3.38949765283606e-04,0.00000000000000e+00	5.80563636892266e-05,0.00000000000000e+00	5.80563636892248e-05,0.00000000000000e+00	1.01451664689449e-02,0.00000000000000e+00
3.90867891155073e+06	1.02159449341438e-02,0.00000000000000e+00	3.45446377632883e-04,0.00000000000000e+00	5.93794727686731e-05,0.00000000000000e+00	5.93794727686707e-05,0.00000000000000e+00	1.02159449341438e-02,0.00000000000000e+00
3.91768934701192e+06	1.02874997779387e-02,0.00000000000000e+00	3.52107118254130e-04,0.00000000000000e+00	6.07389852614313e-05,0.00000000000000e+00	6.07389852614357e-05,0.00000000000000e+00	1.02874997779385e-02,0.00000000000000e+00
3.92672055367203e+06	1.03598397250314e-02,0.00000000000000e+00	3.58937195755988e-04,0.00000000000000e+00	6.21361062509121e-05,0.00000000000000e+00	6.21361062509108e-05,0.00000000000000e+00	1.03598397250311e-02,0.00000000000000e+00
3.93577257941363e+06	1.04329734664317e-02,0.00000000000000e+00	3.65942017966902e-04,0.00000000000000e+00	6.35720880591101e-05,0.00000000000000e+00	6.35720880591071e-05,0.00000000000000e+00	1.04329734664327e-02,0.00000000000000e+00
3.94484547222965e+06	1.05069096481408e-02,0.00000000000000e+00	3.73127200868065e-04,0.00000000000000e+00	6.50482324000310e-05,0.00000000000000e+00	6.50482324000313e-05,0.00000000000000e+00	1.05069096481425e-02,0.00000000000000e+00
3.95393928022366e+06	1.05816568589695e-02,0.00000000000000e+00	3.80498577984865e-04,0.00000000000000e+00	6.65658926447641e-05,0.00000000000000e+00	6.65658926447685e-05,0.00000000000000e+00	1.05816568589700e-02,0.00000000000000e+00
3.96305405161013e+06	1.06572236175489e-02,0.00000000000000e+00	3.88062210268373e-04,0.00000000000000e+00	6.81264762058267e-05,0.00000000000000e+00	6.81264762058206e-05,0.00000000000000e+00	1.06572236175486e-02,0.00000000000000e+00
3.97218983471468e+06	1.07336183584079e-02,0.00000000000000e+00	3.95824396495396e-04,0.00000000000000e+00	6.97314470480626e-05,0.00000000000000e+00	6.97314470480532e-05,0.00000000000000e+00	1.07336183584080e-02,0.00000000000000e+00
3.98134667797431e+06	1.08108494170869e-02,0.00000000000000e+00	4.03791684215230e-04,0.00000000000000e+00	7.13823283330691e-05,0.00000000000000e+00	7.13823283330631e-05,0.00000000000000e+00	1.08108494170867e-02,0.00000000000000e+00
3.99052462993770e+06	1.08889250142600e-02,0.00000000000000e+00	4.11970881281376e-04,0.00000000000000e+00	7.30807052062699e-05,0.00000000000000e+00	7.30807052062603e-05,0.00000000000000e+00	1.08889250142591e-02,0.00000000000000e+00
3.99972373926542e+06	1.09678532387707e-02,0.00000000000000e+00	4.20369067997090e-04,0.00000000000000e+00	7.48282277336729e-05,0.00000000000000e+00	7.48282277336660e-05,0.00000000000000e+00	1.09678532387715e-02,0.00000000000000e+00
4.00894405473026e+06	1.10476420295584e-02,0.00000000000000e+00	4.28993609920066e-04,0.00000000000000e+00	7.66266139998838e-05,0.00000000000000e+00	7.66266139998794e-05,0.00000000000000e+00	1.10476420295583e-02,0.00000000000000e+00
4.01818562521739e+06	1.11282991563890e-02,0.00000000000000e+00	4.37852171360514e-04,0.00000000000000e+00	7.84776533750770e-05,0.00000000000000e+00	7.84776533750763e-05,0.00000000000000e+00	1.11282991563900e-02,0.00000000000000e+00
4.02744849972471e+06	1.12098321993566e-02,0.00000000000000e+00	4.46952729618919e-04,0.00000000000000e+00	8.03832099632236e-05,0.00000000000000e+00	8.03832099632296e-05,0.00000000000000e+00	1.12098321993563e-02,0.00000000000000e+00
4.03673272736306e+06	1.12922485270463e-02,0.00000000000000e+00	4.56303590010316e-04,0.00000000000000e+00	8.23452262419343e-05,0.00000000000000e+00	8.23452262419421e-05,0.00000000000000e+00	1.12922485270462e-02,0.00000000000000e+00
4.04603835735648e+06	1.13755552733428e-02,0.00000000000000e+00	4.65913401723215e-04,0.00000000000000e+00	8.43657269066500e-05,0.00000000000000e+00	8.43657269066462e-05,0.00000000000000e+00	1.13755552733427e-02,0.00000000000000e+00
4.05536543904250e+06	1.14597593127917e-02,0.00000000000000e+00	4.75791174568373e-04,0.00000000000000e+00	8.64468229327582e-05,0.00000000000000e+00	8.64468229327669e-05,0.00000000000000e+00	1.14597593127918e-02,0.00000000000000e+00
4.06471402187238e+06	1.15448672344208e-02,0.00000000000000e+00	4.85946296671391e-04,0.00000000000000e+00	8.85907158679337e-05,0.00000000000000e+00	8.85907158679364e-05,0.00000000000000e+00	1.15448672344213e-02,0.00000000000000e+00
4.07408415541137e+06	1.16308853139968e-02,0.00000000000000e+00	4.96388553176844e-04,0.00000000000000e+00	9.07997023721791e-05,0.00000000000000e+00	9.07997023721887e-05,0.00000000000000e+00	1.16308853139970e-02,0.00000000000000e+00
4.08347588933899e+06	1.17178194845854e-02,0.00000000000000e+00	5.07128146022644e-04,0.00000000000000e+00	9.30761790200722e-05,0.00000000000000e+00	9.30761790200620e-05,0.00000000000000e+00	1.17178194845856e-02,0.00000000000000e+00
4.09288927344928e+06	1.18056753053951e-02,0.00000000000000e+00	5.18175714859696e-04,0.00000000000000e+00	9.54226473829910e-05,0.00000000000000e+00	9.54226473829846e-05,0.00000000000000e+00	1.18056753053949e-02,0.00000000000000e+00
4.10232435765106e+06	1.18944579287612e-02,0.00000000000000e+00	5.29542359192910e-04,0.00000000000000e+00	9.78417194106019e-05,0.00000000000000e+00	9.78417194105982e-05,0.00000000000000e+00	1.18944579287608e-02,0.00000000000000e+00
4.11178119196822e+06	1.19841720652514e-02,0.00000000000000e+00	5.41239661824560e-04,0.00000000000000e+00	1.00336123131180e-04,0.00000000000000e+00	1.00336123131186e-04,0.00000000000000e+00	1.19841720652510e-02,0.00000000000000e+00
4.12125982653993e+06	1.20748219467674e-02,0.00000000000000e+00	5.53279713687660e-04,0.00000000000000e+00	1.02908708692757e-04,0.00000000000000e+00	1.02908708692737e-04,0.00000000000000e+00	1.20748219467665e-02,0.00000000000000e+00
4.13076031162099e+06	1.21664112875651e-02,0.00000000000000e+00	5.65675140165579e-04,0.00000000000000e+00	1.05562454767943e-04,0.00000000000000e+00	1.05562454767944e-04,0.00000000000000e+00	1.21664112875652e-02,0.00000000000000e+00
4.14028269758201e+06	1.22589432431355e-02,0.00000000000000e+00	5.78439128999843e-04,0.00000000000000e+00	1.08300475348689e-04,0.00000000000000e+00	1.08300475348683e-04,0.00000000000000e+00	1.22589432431348e-02,0.00000000000000e+00
4.14982703490975e+06	1.23524203668122e-02,0.00000000000000e+00	5.91585459896414e-04,0.00000000000000e+00	1.11126026956565e-04,0.00000000000000e+00	1.11126026956567e-04,0.00000000000000e+00	1.23524203668121e-02,0.00000000000000e+00
4.15939337420732e+06	1.24468445640763e-02,0.00000000000000e+00	6.05128535946673e-04,0.00000000000000e+00	1.14042516299609e-04,0.00000000000000e+00	1.14042516299613e-04,0.00000000000000e+00	1.24468445640755e-02,0.00000000000000e+00
4.16898176619451e+06	1.25422170444253e-02,0.00000000000000e+00	6.19083416995569e-04,0.00000000000000e+00	1.17053508405026e-04,0.00000000000000e+00	1.17053508405012e-04,0.00000000000000e+00	1.25422170444252e-02,0.00000000000000e+00
4.17859226170801e+06	1.26385382707414e-02,0.00000000000000e+00	6.33465855090237e-04,0.00000000000000e+00	1.20162735263715e-04,0.00000000000000e+00	1.20162735263708e-04,0.00000000000000e+00	1.26385382707400e-02,0.00000000000000e+00
4.18822491170171e+06	1.27358079060869e-02,0.00000000000000e+00	6.48292332162695e-04,0.00000000000000e+00	1.23374105023355e-04,0.00000000000000e+00	1.23374105023350e-04,0.00000000000000e+00	1.27358079060868e-02,0.00000000000000e+00
4.19787976724698e+06	1.28340247578318e-02,0.00000000000000e+00	6.63580100104738e-04,0.00000000000000e+00	1.26691711767852e-04,0.00000000000000e+00	1.26691711767838e-04,0.00000000000000e+00	1.28340247578312e-02,0.00000000000000e+00
4.20755687953288e+06	1.29331867190287e-02,0.00000000000000e+00	6.79347223406199e-04,0.00000000000000e+00	1.30119845927552e-04,0.00000000000000e+00	1.30119845927548e-04,0.00000000000000e+00	1.29331867190286e-02,0.00000000000000e+00
4.21725629986651e+06	1.30332907069791e-02,0.00000000000000e+00	6.95612624549516e-04,0.00000000000000e+00	1.33663005366791e-04,0.00000000000000e+00	1.33663005366798e-04,0.00000000000000e+00	1.30332907069775e-02,0.00000000000000e+00
4.22697807967322e+06	1.31343325989114e-02,0.00000000000000e+00	7.12396132360647e-04,0.00000000000000e+00	1.37325907197675e-04,0.00000000000000e+00	1.37325907197646e-04,0.00000000000000e+00	1.31343325989110e-02,0.00000000000000e+00
4.23672227049693e+06	1.32363071647132e-02,0.00000000000000e+00	7.29718533528902e-04,0.00000000000000e+00	1.41113500374377e-04,0.00000000000000e+00	1.41113500374369e-04,0.00000000000000e+00	1.32363071647123e-02,0.00000000000000e+00
4.24648892400036e+06	1.33392079966510e-02,0.00000000000000e+00	7.47601627542586e-04,0.00000000000000e+00	1.45030979127716e-04,0.00000000000000e+00	1.45030979127736e-04,0.00000000000000e+00	1.33392079966507e-02,0.00000000000000e+00
4.25627809196535e+06	1.34430274360490e-02,0.00000000000000e+00	7.66068285283885e-04,0.00000000000000e+00	1.49083797301224e-04,0.00000000000000e+00	1.49083797301201e-04,0.00000000000000e+00	1.34430274360488e-02,0.00000000000000e+00
4.26608982629308e+06	1.35477564968490e-02,0.00000000000000e+00	7.85142511563002e-04,0.00000000000000e+00	1.53277683657315e-04,0.00000000000000e+00	1.53277683657329e-04,0.00000000000000e+00	1.35477564968485e-02,0.00000000000000e+00
4.27592417900439e+06	1.36533847860808e-02,0.00000000000000e+00	8.04849511885930e-04,0.00000000000000e+00	1.57618658229163e-04,0.00000000000000e+00	1.57618658229164e-04,0.00000000000000e+00	1.36533847860811e-02,0.00000000000000e+00
4.28578120224004e+06	1.37599004211988e-02,0.00000000000000e+00	8.25215763772401e-04,0.00000000000000e+00	1.62113049794055e-04,0.00000000000000e+00	1.62113049794031e-04,0.00000000000000e+00	1.37599004211992e-02,0.00000000000000e+00
4.29566094826099e+06	1.38672899442400e-02,0.00000000000000e+00	8.46269092967979e-04,0.00000000000000e+00	1.66767514556670e-04,0.00000000000000e+00	1.66767514556715e-04,0.00000000000000e+00	1.38672899442408e-02,0.00000000000000e+00
4.30556346944867e+06	1.39755382329419e-02,0.00000000000000e+00	8.68038754919106e-04,0.00000000000000e+00	1.71589056134163e-04,0.00000000000000e+00	1.71589056134175e-04,0.00000000000000e+00	1.39755382329411e-02,0.00000000000000e+00
4.31548881830526e+06	1.40846284087084e-02,0.00000000000000e+00	8.90555521902782e-04,0.00000000000000e+00	1.76585046939886e-04,0.00000000000000e+00	1.76585046939900e-04,0.00000000000000e+00	1.40846284087095e-02,0.00000000000000e+00
4.32543704745396e+06	1.41945417415993e-02,0.00000000000000e+00	9.13851776229497e-04,0.00000000000000e+00	1.81763251074587e-04,0.00000000000000e+00	1.81763251074583e-04,0.00000000000000e+00	1.41945417415996e-02,0.00000000000000e+00
4.33540820963931e+06	1.43052575523614e-02,0.00000000000000e+00	9.37961609985634e-04,0.00000000000000e+00	1.87131848837974e-04,0.00000000000000e+00	1.87131848837996e-04,0.00000000000000e+00	1.43052575523621e-02,0.00000000000000e+00
4.34540235772741e+06	1.44167531116098e-02,0.00000000000000e+00	9.62920931769537e-04,0.00000000000000e+00	1.92699462981925e-04,0.00000000000000e+00	1.92699462981919e-04,0.00000000000000e+00	1.44167531116097e-02,0.00000000000000e+00
4.35541954470624e+06	1.45290035363223e-02,0.00000000000000e+00	9.88767580957531e-04,0.00000000000000e+00	1.98475186836638e-04,0.00000000000000e+00	1.98475186836652e-04,0.00000000000000e+00	1.45290035363230e-02,0.00000000000000e+00
4.36545982368592e+06	1.46419816837896e-02,0.00000000000000e+00	1.01554145001098e-03,0.00000000000000e+00	2.04468614443968e-04,0.00000000000000e+00	2.04468614443957e-04,0.00000000000000e+00	1.46419816837899e-02,0.00000000000000e+00
4.37552324789903e+06	1.47556580431979e-02,0.00000000000000e+00	1.04328461540183e-03,0.00000000000000e+00	2.10689872846932e-04,0.00000000000000e+00	2.10689872846970e-04,0.00000000000000e+00	1.47556580431980e-02,0.00000000000000e+00
4.38560987070082e+06	1.48700006251288e-02,0.00000000000000e+00	1.07204147774270e-03,0.00000000000000e+00	2.17149656686100e-04,0.00000000000000e+00	2.17149656686137e-04,0.00000000000000e+00	1.48700006251287e-02,0.00000000000000e+00
4.39571974556957e+06	1.49849748491927e-02,0.00000000000000e+00	1.10185891170705e-03,0.00000000000000e+00	2.23859265257692e-04,0.00000000000000e+00	2.23859265257664e-04,0.00000000000000e+00	1.49849748491922e-02,0.00000000000000e+00
4.40585292610683e+06	1.51005434301442e-02,0.00000000000000e+00	1.13278642637397e-03,0.00000000000000e+00	2.30830642203220e-04,0.00000000000000e+00	2.30830642203212e-04,0.00000000000000e+00	1.51005434301438e-02,0.00000000000000e+00
4.41600946603772e+06	1.52166662628112e-02,0.00000000000000e+00	1.16487633659297e-03,0.00000000000000e+00	2.38076417989290e-04,0.00000000000000e+00	2.38076417989246e-04,0.00000000000000e+00	1.52166662628117e-02,0.00000000000000e+00
4.42618941921119e+06	1.53333003062476e-02,0.00000000000000e+00	1.19818394597891e-03,0.00000000000000e+00	2.45609955348642e-04,0.00000000000000e+00	2.45609955348712e-04,0.00000000000000e+00	1.53333003062470e-02,0.00000000000000e+00
4.43639283960036e+06	1.54503994675618e-02,0.00000000000000e+00	1.23276774209481e-03,0.00000000000000e+00	2.53445397839046e-04,0.00000000000000e+00	2.53445397839014e-04,0.00000000000000e+00	1.54503994675619e-02,0.00000000000000e+00
4.44661978130272e+06	1.55679144859031e-02,0.00000000000000e+00	1.26868960433159e-03,0.00000000000000e+00	2.61597721672748e-04,0.00000000000000e+00	2.61597721672729e-04,0.00000000000000e+00	1.55679144859038e-02,0.00000000000000e+00
4.45687029854053e+06	1.56857928171830e-02,0.00000000000000e+00	1.30601502488767e-03,0.00000000000000e+00	2.70082790948629e-04,0.00000000000000e+00	2.70082790948665e-04,0.00000000000000e+00	1.56857928171819e-02,0.00000000000000e+00
4.46714444566098e+06	1.58039785200848e-02,0.00000000000000e+00	1.34481334313915e-03,0.00000000000000e+00	2.78917416396965e-04,0.00000000000000e+00	2.78917416396992e-04,0.00000000000000e+00	1.58039785200854e-02,0.00000000000000e+00
4.47744227713659e+06	1.59224121440849e-02,0.00000000000000e+00	1.38515799344733e-03,0.00000000000000e+00	2.88119417694202e-04,0.00000000000000e+00	2.88119417694216e-04,0.00000000000000e+00	1.59224121440841e-02,0.00000000000000e+00
4.48776384756545e+06	1.60410306201219e-02,0.00000000000000e+00	1.42712676623142e-03,0.00000000000000e+00	2.97707689366023e-04,0.00000000000000e+00	2.97707689365994e-04,0.00000000000000e+00	1.60410306201225e-02,0.00000000000000e+00
4.49810921167148e+06	1.61597671547433e-02,0.00000000000000e+00	1.47080208171311e-03,0.00000000000000e+00	3.07702270198659e-04,0.00000000000000e+00	3.07702270198651e-04,0.00000000000000e+00	1.61597671547430e-02,0.00000000000000e+00
4.50847842430477e+06	1.62785511284817e-02,0.00000000000000e+00	1.51627127528375e-03,0.00000000000000e+00	3.18124415987504e-04,0.00000000000000e+00	3.18124415987546e-04,0.00000000000000e+00	1.62785511284826e-02,0.00000000000000e+00
4.51887154044187e+06	1.63973079994144e-02,0.00000000000000e+00	1.56362689273047e-03,0.00000000000000e+00	3.28996675288155e-04,0.00000000000000e+00	3.28996675288174e-04,0.00000000000000e+00	1.63973079994143e-02,0.00000000000000e+00
4.52928861518603e+06	1.65159592127255e-02,0.00000000000000e+00	1.61296699276361e-03,0.00000000000000e+00	3.40342967667723e-04,0.00000000000000e+00	3.40342967667729e-04,0.00000000000000e+00	1.65159592127246e-02,0.00000000000000e+00
4.53972970376756e+06	1.66344221173564e-02,0.00000000000000e+00	1.66439545306750e-03,0.00000000000000e+00	3.52188663672233e-04,0.00000000000000e+00	3.52188663672263e-04,0.00000000000000e+00	1.66344221173565e-02,0.00000000000000e+00
4.55019486154405e+06	1.67526098906993e-02,0.00000000000000e+00	1.71802227471491e-03,0.00000000000000e+00	3.64560665426485e-04,0.00000000000000e+00	3.64560665426475e-04,0.00000000000000e+00	1.67526098906993e-02,0.00000000000000e+00
4.56068414400075e+06	1.68704314724361e-02,0.00000000000000e+00	1.77396387778975e-03,0.00000000000000e+00	3.77487486318862e-04,0.00000000000000e+00	3.77487486318890e-04,0.00000000000000e+00	1.68704314724362e-02,0.00000000000000e+00
4.57119760675077e+06	1.69877915086947e-02,0.00000000000000e+00	1.83234337872331e-03,0.00000000000000e+00	3.90999327705561e-04,0.00000000000000e+00	3.90999327705536e-04,0.00000000000000e+00	1.69877915086942e-02,0.00000000000000e+00
4.58173530553546e+06	1.71045903076983e-02,0.00000000000000e+00	1.89329083665154e-03,0.00000000000000e+00	4.05128149825397e-04,0.00000000000000e+00	4.05128149825408e-04,0.00000000000000e+00	1.71045903076981e-02,0.00000000000000e+00
4.59229729622464e+06	1.72207238082362e-02,0.00000000000000e+00	1.95694345215618e-03,0.00000000000000e+00	4.19907733220388e-04,0.00000000000000e+00	4.19907733220396e-04,0.00000000000000e+00	1.72207238082363e-02,0.00000000000000e+00
4.60288363481693e+06	1.73360835623228e-02,0.00000000000000e+00	2.02344569665934e-03,0.00000000000000e+00	4.35373725774975e-04,0.00000000000000e+00	4.35373725774968e-04,0.00000000000000e+00	1.73360835623228e-02,0.00000000000000e+00
4.61349437744005e+06	1.74505567336153e-02,0.00000000000000e+00	2.09294934438137e-03,0.00000000000000e+00	4.51563669020816e-04,0.00000000000000e+00	4.51563669020802e-04,0.00000000000000e+00	1.74505567336149e-02,0.00000000000000e+00
4.62412958035110e+06	1.75640261132957e-02,0.00000000000000e+00	2.16561337063712e-03,0.00000000000000e+00	4.68516995456922e-04,0.00000000000000e+00	4.68516995456882e-04,0.00000000000000e+00	1.75640261132962e-02,0.00000000000000e+00
4.63478929993687e+06	1.76763701554479e-02,0.00000000000000e+00	2.24160367021693e-03,0.00000000000000e+00	4.86274986299945e-04,0.00000000000000e+00	4.86274986299970e-04,0.00000000000000e+00	1.76763701554473e-02,0.00000000000000e+00
4.64547359271412e+06	1.77874630342579e-02,0.00000000000000e+00	2.32109253677524e-03,0.00000000000000e+00	5.04880676065112e-04,0.00000000000000e+00	5.04880676065085e-04,0.00000000000000e+00	1.77874630342576e-02,0.00000000000000e+00
4.65618251532992e+06	1.78971747259885e-02,0.00000000000000e+00	2.40425782871371e-03,0.00000000000000e+00	5.24378686755052e-04,0.00000000000000e+00	5.24378686755080e-04,0.00000000000000e+00	1.78971747259883e-02,0.00000000000000e+00
4.66691612456191e+06	1.80053711192992e-02,0.00000000000000e+00	2.49128172757985e-03,0.00000000000000e+00	5.44814969828006e-04,0.00000000000000e+00	5.44814969827991e-04,0.00000000000000e+00	1.80053711192991e-02,0.00000000000000e+00
4.67767447731862e+06	1.81119141585679e-02,0.00000000000000e+00	2.58234897160742e-03,0.00000000000000e+00	5.66236428559952e-04,0.00000000000000e+00	5.66236428559953e-04,0.00000000000000e+00	1.81119141585680e-02,0.00000000000000e+00
4.68845763063975e+06	1.82166620261608e-02,0.00000000000000e+00	2.67764441875930e-03,0.00000000000000e+00	5.88690386674253e-04,0.00000000000000e+00	5.88690386674256e-04,0.00000000000000e+00	1.82166620261603e-02,0.00000000000000e+00
4.69926564169652e+06	1.83194693714587e-02,0.00000000000000e+00	2.77734976032555e-03,0.00000000000000e+00	6.12223861112914e-04,0.00000000000000e+00	6.12223861112912e-04,0.00000000000000e+00	1.83194693714592e-02,0.00000000000000e+00
4.71009856779193e+06	1.84201875968153e-02,0.00000000000000e+00	2.88163916723626e-03,0.00000000000000e+00	6.36882587415880e-04,0.00000000000000e+00	6.36882587415890e-04,0.00000000000000e+00	1.84201875968160e-02,0.00000000000000e+00
4.72095646636106e+06	1.85186652137281e-02,0.00000000000000e+00	2.99067360828960e-03,0.00000000000000e+00	6.62709735698736e-04,0.00000000000000e+00	6.62709735698756e-04,0.00000000000000e+00	1.85186652137282e-02,0.00000000000000e+00
4.73183939497142e+06	1.86147482864440e-02,0.00000000000000e+00	3.10459353275778e-03,0.00000000000000e+00	6.89744243660698e-04,0.00000000000000e+00	6.89744243660687e-04,0.00000000000000e+00	1.86147482864442e-02,0.00000000000000e+00
4.74274741132322e+06	1.87082809850364e-02,0.00000000000000e+00	3.22350956374404e-03,0.00000000000000e+00	7.18018681430767e-04,0.00000000000000e+00	7.18018681430779e-04,0.00000000000000e+00	1.87082809850364e-02,0.00000000000000e+00
4.75368057324966e+06	1.87991062757135e-02,0.00000000000000e+00	3.34749080896324e-03,0.00000000000000e+00	7.47556552649381e-04,0.00000000000000e+00	7.47556552649397e-04,0.00000000000000e+00	1.87991062757131e-02,0.00000000000000e+00
4.76463893871728e+06	1.88870667825017e-02,0.00000000000000e+00	3.47655037177818e-03,0.00000000000000e+00	7.78368929121588e-04,0.00000000000000e+00	7.78368929121625e-04,0.00000000000000e+00	1.88870667825017e-02,0.00000000000000e+00
4.77562256582626e+06	1.89720058610449e-02,0.00000000000000e+00	3.61062765286269e-03,0.00000000000000e+00	8.10450316264424e-04,0.00000000000000e+00	8.10450316264578e-04,0.00000000000000e+00	1.89720058610450e-02,0.00000000000000e+00
4.78663151281068e+06	1.90537689308982e-02,0.00000000000000e+00	3.74956709484405e-03,0.00000000000000e+00	8.43773658790399e-04,0.00000000000000e+00	8.43773658790371e-04,0.00000000000000e+00	1.90537689308979e-02,0.00000000000000e+00
4.79766583803888e+06	1.91322051157788e-02,0.00000000000000e+00	3.89309316869298e-03,0.00000000000000e+00	8.78284427657686e-04,0.00000000000000e+00	8.78284427657708e-04,0.00000000000000e+00	1.91322051157787e-02,0.00000000000000e+00
4.80872560001377e+06	1.92071692387225e-02,0.00000000000000e+00	4.04078167260051e-03,0.00000000000000e+00	9.13893790090060e-04,0.00000000000000e+00	9.13893790089915e-04,0.00000000000000e+00	1.92071692387226e-02,0.00000000000000e+00
4.81981085737309e+06	1.92785242069810e-02,0.00000000000000e+00	4.19202785882936e-03,0.00000000000000e+00	9.50470965798781e-04,0.00000000000000e+00	9.50470965798807e-04,0.00000000000000e+00	1.92785242069809e-02,0.00000000000000e+00
4.83092166888978e+06	1.93461437943041e-02,0.00000000000000e+00	4.34601257031328e-03,0.00000000000000e+00	9.87835026519254e-04,0.00000000000000e+00	9.87835026519245e-04,0.00000000000000e+00	1.93461437943041e-02,0.00000000000000e+00
4.84205809347226e+06	1.94099157796038e-02,0.00000000000000e+00	4.50166849184160e-03,0.00000000000000e+00	1.02574661175193e-03,0.00000000000000e+00	1.02574661175218e-03,0.00000000000000e+00	1.94099157796039e-02,0.00000000000000e+00
4.85322019016473e+06	1.94697453250606e-02,0.00000000000000e+00	4.65764979910698e-03,0.00000000000000e+00	1.06390031238144e-03,0.00000000000000e+00	1.06390031238129e-03,0.00000000000000e+00	1.94697453250606e-02,0.00000000000000e+00
4.86440801814753e+06	1.95255583707496e-02,0.00000000000000e+00	4.81230984776237e-03,0.00000000000000e+00	1.10191879968363e-03,0.00000000000000e+00	1.10191879968364e-03,0.00000000000000e+00	1.95255583707495e-02,0.00000000000000e+00
4.87562163673740e+06	1.95773046916500e-02,0.00000000000000e+00	4.96369289152887e-03,0.00000000000000e+00	1.13935010701512e-03,0.00000000000000e+00	1.13935010701546e-03,0.00000000000000e+00	1.95773046916500e-02,0.00000000000000e+00
4.88686110538784e+06	1.96249601241550e-02,0.00000000000000e+00	5.10954680607362e-03,0.00000000000000e+00	1.17566972501272e-03,0.00000000000000e+00	1.17566972501297e-03,0.00000000000000e+00	1.96249601241550e-02,0.00000000000000e+00
4.89812648368939e+06	1.96685273585302e-02,0.00000000000000e+00	5.24736391597086e-03,0.00000000000000e+00	1.21028922928183e-03,0.00000000000000e+00	1.21028922928185e-03,0.00000000000000e+00	1.96685273585302e-02,0.00000000000000e+00
4.90941783136996e+06	1.97080346647993e-02,0.00000000000000e+00	5.37445567729524e-03,0.00000000000000e+00	1.24257287903890e-03,0.00000000000000e+00	1.24257287903902e-03,0.00000000000000e+00	1.97080346647992e-02,0.00000000000000e+00
4.92073520829515e+06	1.97435320345830e-02,0.00000000000000e+00	5.48806364462442e-03,0.00000000000000e+00	1.27186287890959e-03,0.00000000000000e+00	1.27186287890963e-03,0.00000000000000e+00	1.97435320345829e-02,0.00000000000000e+00
4.93207867446858e+06	1.97750845285923e-02,0.00000000000000e+00	5.58550371314196e-03,0.00000000000000e+00	1.29751274182140e-03,0.00000000000000e+00	1.29751274182138e-03,0.00000000000000e+00	1.97750845285923e-02,0.00000000000000e+00
4.94344829003216e+06	1.98027631186263e-02,0.00000000000000e+00	5.66433363101744e-03,0.00000000000000e+00	1.31892654703685e-03,0.00000000000000e+00	1.31892654703675e-03,0.00000000000000e+00	1.98027631186263e-02,0.00000000000000e+00
4.95484411526647e+06	1.98266339246605e-02,0.00000000000000e+00	5.72252665088222e-03,0.00000000000000e+00	1.33560017868423e-03,0.00000000000000e+00	1.33560017868417e-03,0.00000000000000e+00	1.98266339246605e-02,0.00000000000000e+00
4.96626621059104e+06	1.98467473081782e-02,0.00000000000000e+00	5.75862904939297e-03,0.00000000000000e+00	1.34715935190496e-03,0.00000000000000e+00	1.34715935190499e-03,0.00000000000000e+00	1.98467473081782e-02,0.00000000000000e+00
4.97771463656468e+06	1.98631285863243e-02,0.00000000000000e+00	5.77187823226752e-03,0.00000000000000e+00	1.35338889941198e-03,0.00000000000000e+00	1.35338889941195e-03,0.00000000000000e+00	1.98631285863242e-02,0.00000000000000e+00
4.98918945388580e+06	1.98757720147809e-02,0.00000000000000e+00	5.76226249316627e-03,0.00000000000000e+00	1.35424871379911e-03,0.00000000000000e+00	1.35424871379911e-03,0.00000000000000e+00	1.98757720147809e-02,0.00000000000000e+00
5.00069072339276e+06	1.98846391217311e-02,0.00000000000000e+00	5.73051272673997e-03,0.00000000000000e+00	1.34987383586774e-03,0.00000000000000e+00	1.34987383586776e-03,0.00000000000000e+00	1.98846391217311e-02,0.00000000000000e+00
5.01221850606412e+06	1.98896616050008e-02,0.00000000000000e+00	5.67802822486817e-03,0.00000000000000e+00	1.34055893315858e-03,0.00000000000000e+00	1.34055893315851e-03,0.00000000000000e+00	1.98896616050007e-02,0.00000000000000e+00
5.02377286301905e+06	1.98907480975322e-02,0.00000000000000e+00	5.60674981314733e-03,0.00000000000000e+00	1.32673005870871e-03,0.00000000000000e+00	1.32673005870865e-03,0.00000000000000e+00	1.98907480975322e-02,0.00000000000000e+00
5.03535385551760e+06	1.98877934382525e-02,0.00000000000000e+00	5.51900101996741e-03,0.00000000000000e+00	1.30890840343099e-03,0.00000000000000e+00	1.30890840343105e-03,0.00000000000000e+00	1.98877934382525e-02,0.00000000000000e+00
5.04696154496104e+06	1.98806888216652e-02,0.00000000000000e+00	5.41732018632269e-03,0.00000000000000e+00	1.28767137301007e-03,0.00000000000000e+00	1.28767137301001e-03,0.00000000000000e+00	1.98806888216652e-02,0.00000000000000e+00
5.05859599289218e+06	1.98693313433908e-02,0.00000000000000e+00	5.30430372875240e-03,0.00000000000000e+00	1.26361577685984e-03,0.00000000000000e+00	1.26361577685971e-03,0.00000000000000e+00	1.98693313433908e-02,0.00000000000000e+00
5.07025726099571e+06	1.98536318820347e-02,0.00000000000000e+00	5.18247485268042e-03,0.00000000000000e+00	1.23732659036987e-03,0.00000000000000e+00	1.23732659036989e-03,0.00000000000000e+00	1.98536318820347e-02,0.00000000000000e+00
5.08194541109850e+06	1.98335207804543e-02,0.00000000000000e+00	5.05418504026421e-03,0.00000000000000e+00	1.20935314282071e-03,0.00000000000000e+00	1.20935314282053e-03,0.00000000000000e+00	1.98335207804544e-02,0.00000000000000e+00
5.09366050516997e+06	1.98089512583755e-02,0.00000000000000e+00	4.92154940617682e-03,0.00000000000000e+00	1.18019311863426e-03,0.00000000000000e+00	1.18019311863432e-03,0.00000000000000e+00	1.98089512583755e-02,0.00000000000000e+00
5.10540260532238e+06	1.97799008172089e-02,0.00000000000000e+00	4.78641255031843e-03,0.00000000000000e+00	1.15028368964301e-03,0.00000000000000e+00	1.15028368964311e-03,0.00000000000000e+00	1.97799008172089e-02,0.00000000000000e+00
5.11717177381118e+06	1.97463710689890e-02,0.00000000000000e+00	4.65033906724111e-03,0.00000000000000e+00	1.11999848551568e-03,0.00000000000000e+00	1.11999848551561e-03,0.00000000000000e+00	1.97463710689889e-02,0.00000000000000e+00
5.12896807303532e+06	1.97083864618600e-02,0.00000000000000e+00	4.51462210381770e-03,0.00000000000000e+00	1.08964889825330e-03,0.00000000000000e+00	1.08964889825338e-03,0.00000000000000e+00	1.97083864618600e-02,0.00000000000000e+00
5.14079156553761e+06	1.96659923299646e-02,0.00000000000000e+00	4.38030375312532e-03,0.00000000000000e+00	1.05948828391498e-03,0.00000000000000e+00	1.05948828391491e-03,0.00000000000000e+00	1.96659923299645e-02,0.00000000000000e+00
5.15264231400504e+06	1.96192526094613e-02,0.00000000000000e+00	4.24820210153369e-03,0.00000000000000e+00	1.02971784762913e-03,0.00000000000000e+00	1.02971784762908e-03,0.00000000000000e+00	1.96192526094615e-02,0.00000000000000e+00
5.16452038126908e+06	1.95682474668603e-02,0.00000000000000e+00	4.11894098876442e-03,0.00000000000000e+00	1.00049327789743e-03,0.00000000000000e+00	1.00049327789763e-03,0.00000000000000e+00	1.95682474668603e-02,0.00000000000000e+00
5.17642583030607e+06	1.95130709997953e-02,0.00000000000000e+00	3.99297973321515e-03,0.00000000000000e+00	9.71931470024433e-04,0.00000000000000e+00	9.71931470024589e-04,0.00000000000000e+00	1.95130709997954e-02,0.00000000000000e+00
5.18835872423751e+06	1.94538291020800e-02,0.00000000000000e+00	3.87064107936593e-03,0.00000000000000e+00	9.44116912182030e-04,0.00000000000000e+00	9.44116912181890e-04,0.00000000000000e+00	1.94538291020800e-02,0.00000000000000e+00
5.20031912633043e+06	1.93906375356853e-02,0.00000000000000e+00	3.75213639698217e-03,0.00000000000000e+00	9.17107489464215e-04,0.00000000000000e+00	9.17107489464145e-04,0.00000000000000e+00	1.93906375356853e-02,0.00000000000000e+00
5.21230709999768e+06	1.93236202198515e-02,0.00000000000000e+00	3.63758771351403e-03,0.00000000000000e+00	8.90939592574386e-04,0.00000000000000e+00	8.90939592574376e-04,0.00000000000000e+00	1.93236202198514e-02,0.00000000000000e+00
5.22432270879830e+06	1.92529077281590e-02,0.00000000000000e+00	3.52704652726360e-03,0.00000000000000e+00	8.65632506125151e-04,0.00000000000000e+00	8.65632506125096e-04,0.00000000000000e+00	1.92529077281592e-02,0.00000000000000e+00
5.23636601643785e+06	1.91786359743366e-02,0.00000000000000e+00	3.42050957167545e-03,0.00000000000000e+00	8.41192106265612e-04,0.00000000000000e+00	8.41192106265684e-04,0.00000000000000e+00	1.91786359743368e-02,0.00000000000000e+00
5.24843708676877e+06	1.91009450636686e-02,0.00000000000000e+00	3.31793182181191e-03,0.00000000000000e+00	8.17613927964434e-04,0.00000000000000e+00	8.17613927964380e-04,0.00000000000000e+00	1.91009450636686e-02,0.00000000000000e+00
5.26053598379065e+06	1.90199782867021e-02,0.00000000000000e+00	3.21923708510727e-03,0.00000000000000e+00	7.94885676176534e-04,0.00000000000000e+00	7.94885676176567e-04,0.00000000000000e+00	1.90199782867019e-02,0.00000000000000e+00
5.27266277165064e+06	1.89358812338438e-02,0.00000000000000e+00	3.12432652557668e-03,0.00000000000000e+00	7.72989258399185e-04,0.00000000000000e+00	7.72989258399205e-04,0.00000000000000e+00	1.89358812338436e-02,0.00000000000000e+00
5.28481751464377e+06	1.88488010122292e-02,0.00000000000000e+00	3.03308545196927e-03,0.00000000000000e+00	7.51902412978431e-04,0.00000000000000e+00	7.51902412978405e-04,0.00000000000000e+00	1.88488010122292e-02,0.00000000000000e+00
5.29700027721328e+06	1.87588855493154e-02,0.00000000000000e+00	2.94538866815574e-03,0.00000000000000e+00	7.31600000950256e-04,0.00000000000000e+00	7.31600000950241e-04,0.00000000000000e+00	1.87588855493156e-02,0.00000000000000e+00
5.30921112395096e+06	1.86662829705313e-02,0.00000000000000e+00	2.86110464650264e-03,0.00000000000000e+00	7.12055021114562e-04,0.00000000000000e+00	7.12055021114575e-04,0.00000000000000e+00	1.86662829705312e-02,0.00000000000000e+00
5.32145011959750e+06	1.85711410408948e-02,0.00000000000000e+00	2.78009874711816e-03,0.00000000000000e+00	6.93239399692575e-04,0.00000000000000e+00	6.93239399692572e-04,0.00000000000000e+00	1.85711410408947e-02,0.00000000000000e+00
5.33371732904284e+06	1.84736066626556e-02,0.00000000000000e+00	2.70223566982732e-03,0.00000000000000e+00	6.75124597840190e-04,0.00000000000000e+00	6.75124597840194e-04,0.00000000000000e+00	1.84736066626559e-02,0.00000000000000e+00
5.34601281732650e+06	1.83738254227461e-02,0.00000000000000e+00	2.62738129400086e-03,0.00000000000000e+00	6.57682073131747e-04,0.00000000000000e+00	6.57682073131751e-04,0.00000000000000e+00	1.83738254227459e-02,0.00000000000000e+00
5.35833664963794e+06	1.82719411852053e-02,0.00000000000000e+00	2.55540403314132e-03,0.00000000000000e+00	6.40883624672824e-04,0.00000000000000e+00	6.40883624672824e-04,0.00000000000000e+00	1.82719411852052e-02,0.00000000000000e+00
5.37068889131689e+06	1.81680957247649e-02,0.00000000000000e+00	2.48617580754628e-03,0.00000000000000e+00	6.24701646109201e-04,0.00000000000000e+00	6.24701646109200e-04,0.00000000000000e+00	1.81680957247641e-02,0.00000000000000e+00
5.38306960785371e+06	1.80624283985555e-02,0.00000000000000e+00	2.41957271839580e-03,0.00000000000000e+00	6.09109306181812e-04,0.00000000000000e+00	6.09109306181816e-04,0.00000000000000e+00	1.80624283985555e-02,0.00000000000000e+00
5.39547886488972e+06	1.79550758534759e-02,0.00000000000000e+00	2.35547549009806e-03,0.00000000000000e+00	5.94080672651554e-04,0.00000000000000e+00	5.94080672651576e-04,0.00000000000000e+00	1.79550758534761e-02,0.00000000000000e+00
5.40791672821756e+06	1.78461717670764e-02,0.00000000000000e+00	2.29376973432689e-03,0.00000000000000e+00	5.79590792305855e-04,0.00000000000000e+00	5.79590792305857e-04,0.00000000000000e+00	1.78461717670762e-02,0.00000000000000e+00
5.42038326378156e+06	1.77358466201912e-02,0.00000000000000e+00	2.23434607811259e-03,0.00000000000000e+00	5.65615737161448e-04,0.00000000000000e+00	5.65615737161462e-04,0.00000000000000e+00	1.77358466201911e-02,0.00000000000000e+00
5.43287853767804e+06	1.76242274996022e-02,0.00000000000000e+00	2.17710018951418e-03,0.00000000000000e+00	5.52132624912678e-04,0.00000000000000e+00	5.52132624912685e-04,0.00000000000000e+00	1.76242274996025e-02,0.00000000000000e+00
5.44540261615570e+06	1.75114379291783e-02,0.00000000000000e+00	2.12193272728076e-03,0.00000000000000e+00	5.39119619994878e-04,0.00000000000000e+00	5.39119619994892e-04,0.00000000000000e+00	1.75114379291787e-02,0.00000000000000e+00
5.45795556561595e+06	1.73975977280039e-02,0.00000000000000e+00	2.06874923514670e-03,0.00000000000000e+00	5.26555920268582e-04,0.00000000000000e+00	5.26555920268552e-04,0.00000000000000e+00	1.73975977280041e-02,0.00000000000000e+00
5.47053745261330e+06	1.72828228939659e-02,0.00000000000000e+00	2.01745999690512e-03,0.00000000000000e+00	5.14421733265961e-04,0.00000000000000e+00	5.14421733265966e-04,0.00000000000000e+00	1.72828228939663e-02,0.00000000000000e+00
5.48314834385564e+06	1.71672255113737e-02,0.00000000000000e+00	1.96797986473098e-03,0.00000000000000e+00	5.02698245063040e-04,0.00000000000000e+00	5.02698245063061e-04,0.00000000000000e+00	1.71672255113742e-02,0.00000000000000e+00
5.49578830620467e+06	1.70509136810818e-02,0.00000000000000e+00	1.92022807036589e-03,0.00000000000000e+00	4.91367584155856e-04,0.00000000000000e+00	4.91367584155883e-04,0.00000000000000e+00	1.70509136810808e-02,0.00000000000000e+00
5.50845740667620e+06	1.69339914716697e-02,0.00000000000000e+00	1.87412802651882e-03,0.00000000000000e+00	4.80412782180638e-04,0.00000000000000e+00	4.80412782180680e-04,0.00000000000000e+00	1.69339914716694e-02,0.00000000000000e+00
5.52115571244056e+06	1.68165588902057e-02,0.00000000000000e+00	1.82960712402715e-03,0.00000000000000e+00	4.69817732877131e-04,0.00000000000000e+00	4.69817732877177e-04,0.00000000000000e+00	1.68165588902067e-02,0.00000000000000e+00
5.53388329082289e+06	1.66987118710938e-02,0.00000000000000e+00	1.78659652893554e-03,0.00000000000000e+00	4.59567150360165e-04,0.00000000000000e+00	4.59567150360197e-04,0.00000000000000e+00	1.66987118710939e-02,0.00000000000000e+00
5.54664020930355e+06	1.65805422815629e-02,0.00000000000000e+00	1.74503098252634e-03,0.00000000000000e+00	4.49646527488083e-04,0.00000000000000e+00	4.49646527488037e-04,0.00000000000000e+00	1.65805422815626e-02,0.00000000000000e+00
5.55942653551845e+06	1.64621379423793e-02,0.00000000000000e+00	1.70484860649631e-03,0.00000000000000e+00	4.40042094912548e-04,0.00000000000000e+00	4.40042094912588e-04,0.00000000000000e+00	1.64621379423797e-02,0.00000000000000e+00
5.57224233725941e+06	1.63435826623678e-02,0.00000000000000e+00	1.66599071482608e-03,0.00000000000000e+00	4.30740781236557e-04,0.00000000000000e+00	4.30740781236568e-04,0.00000000000000e+00	1.63435826623678e-02,0.00000000000000e+00
5.58508768247454e+06	1.62249562853493e-02,0.00000000000000e+00	1.62840163332675e-03,0.00000000000000e+00	4.21730174559131e-04,0.00000000000000e+00	4.21730174559099e-04,0.00000000000000e+00	1.62249562853486e-02,0.00000000000000e+00
5.59796263926859e+06	1.61063347482317e-02,0.00000000000000e+00	1.59202852749801e-03,0.00000000000000e+00	4.12998485607284e-04,0.00000000000000e+00	4.12998485607260e-04,0.00000000000000e+00	1.61063347482319e-02,0.00000000000000e+00
5.61086727590329e+06	1.59877901489462e-02,0.00000000000000e+00	1.55682123902916e-03,0.00000000000000e+00	4.04534512572433e-04,0.00000000000000e+00	4.04534512572413e-04,0.00000000000000e+00	1.59877901489458e-02,0.00000000000000e+00
5.62380166079775e+06	1.58693908230118e-02,0.00000000000000e+00	1.52273213103760e-03,0.00000000000000e+00	3.96327607710365e-04,0.00000000000000e+00	3.96327607710367e-04,0.00000000000000e+00	1.58693908230122e-02,0.00000000000000e+00
5.63676586252877e+06	1.57512014276204e-02,0.00000000000000e+00	1.48971594196196e-03,0.00000000000000e+00	3.88367645713451e-04,0.00000000000000e+00	3.88367645713475e-04,0.00000000000000e+00	1.57512014276202e-02,0.00000000000000e+00
5.64975994983128e+06	1.56332830321150e-02,0.00000000000000e+00	1.45772964796633e-03,0.00000000000000e+00	3.80644993855564e-04,0.00000000000000e+00	3.80644993855572e-04,0.00000000000000e+00	1.56332830321163e-02,0.00000000000000e+00
5.66278399159862e+06	1.55156932138680e-02,0.00000000000000e+00	1.42673233353984e-03,0.00000000000000e+00	3.73150483853628e-04,0.00000000000000e+00	3.73150483853613e-04,0.00000000000000e+00	1.55156932138671e-02,0.00000000000000e+00
5.67583805688298e+06	1.53984861585805e-02,0.00000000000000e+00	1.39668506999465e-03,0.00000000000000e+00	3.65875385400983e-04,0.00000000000000e+00	3.65875385400959e-04,0.00000000000000e+00	1.53984861585803e-02,0.00000000000000e+00
5.68892221489569e+06	1.52817127641705e-02,0.00000000000000e+00	1.36755080148548e-03,0.00000000000000e+00	3.58811381301858e-04,0.00000000000000e+00	3.58811381301873e-04,0.00000000000000e+00	1.52817127641707e-02,0.00000000000000e+00
5.70203653500768e+06	1.51654207473781e-02,0.00000000000000e+00	1.33929423816514e-03,0.00000000000000e+00	3.51950544133190e-04,0.00000000000000e+00	3.51950544133168e-04,0.00000000000000e+00	1.51654207473779e-02,0.00000000000000e+00
5.71518108674975e+06	1.50496547523519e-02,0.00000000000000e+00	1.31188175609176e-03,0.00000000000000e+00	3.45285314357646e-04,0.00000000000000e+00	3.45285314357656e-04,0.00000000000000e+00	1.50496547523522e-02,0.00000000000000e+00
5.72835593981302e+06	1.49344564605885e-02,0.00000000000000e+00	1.28528130347691e-03,0.00000000000000e+00	3.38808479804860e-04,0.00000000000000e+00	3.38808479804848e-04,0.00000000000000e+00	1.49344564605888e-02,0.00000000000000e+00
5.74156116404924e+06	1.48198647015107e-02,0.00000000000000e+00	1.25946231290617e-03,0.00000000000000e+00	3.32513156445360e-04,0.00000000000000e+00	3.32513156445327e-04,0.00000000000000e+00	1.48198647015115e-02,0.00000000000000e+00
5.75479682947120e+06	1.47059155632096e-02,0.00000000000000e+00	1.23439561913906e-03,0.00000000000000e+00	3.26392770374768e-04,0.00000000000000e+00	3.26392770374790e-04,0.00000000000000e+00	1.47059155632094e-02,0.00000000000000e+00
5.76806300625307e+06	1.45926425027849e-02,0.00000000000000e+00	1.21005338214201e-03,0.00000000000000e+00	3.20441040937009e-04,0.00000000000000e+00	3.20441040936975e-04,0.00000000000000e+00	1.45926425027849e-02,0.00000000000000e+00
5.78135976473081e+06	1.44800764558983e-02,0.00000000000000e+00	1.18640901499514e-03,0.00000000000000e+00	3.14651964907547e-04,0.00000000000000e+00	3.14651964907554e-04,0.00000000000000e+00	1.44800764558989e-02,0.00000000000000e+00
5.79468717540250e+06	1.43682459450836e-02,0.00000000000000e+00	1.16343711635546e-03,0.00000000000000e+00	3.09019801672799e-04,0.00000000000000e+00	3.09019801672797e-04,0.00000000000000e+00	1.43682459450832e-02,0.00000000000000e+00
5.80804530892876e+06	1.42571771865058e-02,0.00000000000000e+00	1.14111340716473e-03,0.00000000000000e+00	3.03539059334722e-04,0.00000000000000e+00	3.03539059334747e-04,0.00000000000000e+00	1.42571771865061e-02,0.00000000000000e+00
5.82143423613307e+06	1.41468941948704e-02,0.00000000000000e+00	1.11941467131218e-03,0.00000000000000e+00	2.98204481682658e-04,0.00000000000000e+00	2.98204481682664e-04,0.00000000000000e+00	1.41468941948705e-02,0.00000000000000e+00
5.83485402800219e+06	1.40374188861981e-02,0.00000000000000e+00	1.09831869997955e-03,0.00000000000000e+00	2.93011035968701e-04,0.00000000000000e+00	2.93011035968705e-04,0.00000000000000e+00	1.40374188861983e-02,0.00000000000000e+00
5.84830475568653e+06	1.39287711782792e-02,0.00000000000000e+00	1.07780423941261e-03,0.00000000000000e+00	2.87953901435506e-04,0.00000000000000e+00	2.87953901435540e-04,0.00000000000000e+00	1.39287711782783e-02,0.00000000000000e+00
5.86178649050050e+06	1.38209690885884e-02,0.00000000000000e+00	1.05785094189137e-03,0.00000000000000e+00	2.83028458543636e-04,0.00000000000000e+00	2.83028458543600e-04,0.00000000000000e+00	1.38209690885887e-02,0.00000000000000e+00
5.87529930392291e+06	1.37140288295578e-02,0.00000000000000e+00	1.03843931966349e-03,0.00000000000000e+00	2.78230278848802e-04,0.00000000000000e+00	2.78230278848783e-04,0.00000000000000e+00	1.37140288295578e-02,0.00000000000000e+00
5.88884326759738e+06	1.36079649010314e-02,0.00000000000000e+00	1.01955070165325e-03,0.00000000000000e+00	2.73555115488567e-04,0.00000000000000e+00	2.73555115488542e-04,0.00000000000000e+00	1.36079649010325e-02,0.00000000000000e+00
5.90241845333262e+06	1.35027901798728e-02,0.00000000000000e+00	1.00116719274084e-03,0.00000000000000e+00	2.68998894230735e-04,0.00000000000000e+00	2.68998894230723e-04,0.00000000000000e+00	1.35027901798730e-02,0.00000000000000e+00
5.91602493310294e+06	1.33985160065859e-02,0.00000000000000e+00	9.83271635449512e-04,0.00000000000000e+00	2.64557705052508e-04,0.00000000000000e+00	2.64557705052488e-04,0.00000000000000e+00	1.33985160065862e-02,0.00000000000000e+00
5.92966277904854e+06	1.32951522689891e-02,0.00000000000000e+00	9.65847573864678e-04,0.00000000000000e+00	2.60227794206378e-04,0.00000000000000e+00	2.60227794206397e-04,0.00000000000000e+00	1.32951522689894e-02,0.00000000000000e+00
5.94333206347590e+06	1.31927074828253e-02,0.00000000000000e+00	9.48879219642492e-04,0.00000000000000e+00	2.56005556746219e-04,0.00000000000000e+00	2.56005556746233e-04,0.00000000000000e+00	1.31927074828241e-02,0.00000000000000e+00
5.95703285885823e+06	1.30911888693782e-02,0.00000000000000e+00	9.32351419963701e-04,0.00000000000000e+00	2.51887529479176e-04,0.00000000000000e+00	2.51887529479148e-04,0.00000000000000e+00	1.30911888693773e-02,0.00000000000000e+00
5.97076523783577e+06	1.29906024300546e-02,0.00000000000000e+00	9.16249627306112e-04,0.00000000000000e+00	2.47870384315998e-04,0.00000000000000e+00	2.47870384316000e-04,0.00000000000000e+00	1.29906024300541e-02,0.00000000000000e+00
5.98452927321623e+06	1.28909530179803e-02,0.00000000000000e+00	9.00559870910939e-04,0.00000000000000e+00	2.43950921993505e-04,0.00000000000000e+00	2.43950921993509e-04,0.00000000000000e+00	1.28909530179806e-02,0.00000000000000e+00
5.99832503797515e+06	1.27922444066104e-02,0.00000000000000e+00	8.85268729834843e-04,0.00000000000000e+00	2.40126066143948e-04,0.00000000000000e+00	2.40126066143980e-04,0.00000000000000e+00	1.27922444066102e-02,0.00000000000000e+00
6.01215260525631e+06	1.26944793554331e-02,0.00000000000000e+00	8.70363307486744e-04,0.00000000000000e+00	2.36392857689915e-04,0.00000000000000e+00	2.36392857689951e-04,0.00000000000000e+00	1.26944793554331e-02,0.00000000000000e+00
6.02601204837209e+06	1.25976596728178e-02,0.00000000000000e+00	8.55831207547423e-04,0.00000000000000e+00	2.32748449541668e-04,0.00000000000000e+00	2.32748449541658e-04,0.00000000000000e+00	1.25976596728190e-02,0.00000000000000e+00
6.03990344080388e+06	1.25017862760167e-02,0.00000000000000e+00	8.41660511190480e-04,0.00000000000000e+00	2.29190101581105e-04,0.00000000000000e+00	2.29190101581100e-04,0.00000000000000e+00	1.25017862760180e-02,0.00000000000000e+00
6.05382685620246e+06	1.24068592484532e-02,0.00000000000000e+00	8.27839755516859e-04,0.00000000000000e+00	2.25715175908898e-04,0.00000000000000e+00	2.25715175908856e-04,0.00000000000000e+00	1.24068592484536e-02,0.00000000000000e+00
6.06778236838838e+06	1.23128778943142e-02,0.00000000000000e+00	8.14357913132208e-04,0.00000000000000e+00	2.22321132344326e-04,0.00000000000000e+00	2.22321132344307e-04,0.00000000000000e+00	1.23128778943153e-02,0.00000000000000e+00
6.08177005135240e+06	1.22198407905653e-02,0.00000000000000e+00	8.01204372790663e-04,0.00000000000000e+00	2.19005524157193e-04,0.00000000000000e+00	2.19005524157182e-04,0.00000000000000e+00	1.22198407905654e-02,0.00000000000000e+00
6.09578997925581e+06	1.21277458364188e-02,0.00000000000000e+00	7.88368921044820e-04,0.00000000000000e+00	2.15765994019970e-04,0.00000000000000e+00	2.15765994019968e-04,0.00000000000000e+00	1.21277458364191e-02,0.00000000000000e+00
6.10984222643087e+06	1.20365903003794e-02,0.00000000000000e+00	7.75841724836149e-04,0.00000000000000e+00	2.12600270166171e-04,0.00000000000000e+00	2.12600270166145e-04,0.00000000000000e+00	1.20365903003784e-02,0.00000000000000e+00
6.12392686738120e+06	1.19463708649157e-02,0.00000000000000e+00	7.63613314975383e-04,0.00000000000000e+00	2.09506162743200e-04,0.00000000000000e+00	2.09506162743224e-04,0.00000000000000e+00	1.19463708649153e-02,0.00000000000000e+00
6.13804397678216e+06	1.18570836688616e-02,0.00000000000000e+00	7.51674570450757e-04,0.00000000000000e+00	2.06481560346236e-04,0.00000000000000e+00	2.06481560346223e-04,0.00000000000000e+00	1.18570836688616e-02,0.00000000000000e+00
6.15219362948126e+06	1.17687243476277e-02,0.00000000000000e+00	7.40016703526420e-04,0.00000000000000e+00	2.03524426725065e-04,0.00000000000000e+00	2.03524426725061e-04,0.00000000000000e+00	1.17687243476281e-02,0.00000000000000e+00
6.16637590049855e+06	1.16812880712899e-02,0.00000000000000e+00	7.28631245575727e-04,0.00000000000000e+00	2.00632797651628e-04,0.00000000000000e+00	2.00632797651625e-04,0.00000000000000e+00	1.16812880712895e-02,0.00000000000000e+00
6.18059086502702e+06	1.15947695806465e-02,0.00000000000000e+00	7.17510033611287e-04,0.00000000000000e+00	1.97804777939903e-04,0.00000000000000e+00	1.97804777939893e-04,0.00000000000000e+00	1.15947695806469e-02,0.00000000000000e+00
6.19483859843300e+06	1.15091632213631e-02,0.00000000000000e+00	7.06645197472828e-04,0.00000000000000e+00	1.95038538609710e-04,0.00000000000000e+00	1.95038538609717e-04,0.00000000000000e+00	1.15091632213635e-02,0.00000000000000e+00
6.20911917625655e+06	1.14244629762010e-02,0.00000000000000e+00	6.96029147632766e-04,0.00000000000000e+00	1.92332314185709e-04,0.00000000000000e+00	1.92332314185695e-04,0.00000000000000e+00	1.14244629762011e-02,0.00000000000000e+00
6.22343267421187e+06	1.13406624954972e-02,0.00000000000000e+00	6.85654563585851e-04,0.00000000000000e+00	1.89684400123930e-04,0.00000000000000e+00	1.89684400123941e-04,0.00000000000000e+00	1.13406624954979e-02,0.00000000000000e+00
6.23777916818771e+06	1.12577551259228e-02,0.00000000000000e+00	6.75514382792537e-04,0.00000000000000e+00	1.87093150359633e-04,0.00000000000000e+00	1.87093150359626e-04,0.00000000000000e+00	1.12577551259231e-02,0.00000000000000e+00
6.25215873424775e+06	1.11757339376092e-02,0.00000000000000e+00	6.65601790143160e-04,0.00000000000000e+00	1.84556974968967e-04,0.00000000000000e+00	1.84556974968975e-04,0.00000000000000e+00	1.11757339376089e-02,0.00000000000000e+00
6.26657144863101e+06	1.10945917497275e-02,0.00000000000000e+00	6.55910207915900e-04,0.00000000000000e+00	1.82074337939216e-04,0.00000000000000e+00	1.82074337939222e-04,0.00000000000000e+00	1.10945917497283e-02,0.00000000000000e+00
6.28101738775227e+06	1.10143211545555e-02,0.00000000000000e+00	6.46433286199993e-04,0.00000000000000e+00	1.79643755039840e-04,0.00000000000000e+00	1.79643755039842e-04,0.00000000000000e+00	1.10143211545551e-02,0.00000000000000e+00
6.29549662820246e+06	1.09349145401651e-02,0.00000000000000e+00	6.37164893763564e-04,0.00000000000000e+00	1.77263791791972e-04,0.00000000000000e+00	1.77263791791983e-04,0.00000000000000e+00	1.09349145401654e-02,0.00000000000000e+00
6.31000924674909e+06	1.08563641117297e-02,0.00000000000000e+00	6.28099109337359e-04,0.00000000000000e+00	1.74933061528114e-04,0.00000000000000e+00	1.74933061528143e-04,0.00000000000000e+00	1.08563641117288e-02,0.00000000000000e+00
6.32455532033659e+06	1.07786619115651e-02,0.00000000000000e+00	6.19230213296490e-04,0.00000000000000e+00	1.72650223540050e-04,0.00000000000000e+00	1.72650223540055e-04,0.00000000000000e+00	1.07786619115662e-02,0.00000000000000e+00
6.33913492608681e+06	1.07017998379565e-02,0.00000000000000e+00	6.10552679717317e-04,0.00000000000000e+00	1.70413981307539e-04,0.00000000000000e+00	1.70413981307554e-04,0.00000000000000e+00	1.07017998379567e-02,0.00000000000000e+00
6.35374814129937e+06	1.06257696628097e-02,0.00000000000000e+00	6.02061168791221e-04,0.00000000000000e+00	1.68223080806803e-04,0.00000000000000e+00	1.68223080806780e-04,0.00000000000000e+00	1.06257696628096e-02,0.00000000000000e+00
6.36839504345208e+06	1.05505630482176e-02,0.00000000000000e+00	5.93750519576351e-04,0.00000000000000e+00	1.66076308891707e-04,0.00000000000000e+00	1.66076308891716e-04,0.00000000000000e+00	1.05505630482175e-02,0.00000000000000e+00
6.38307571020135e+06	1.04761715619675e-02,0.00000000000000e+00	5.85615743070489e-04,0.00000000000000e+00	1.63972491746935e-04,0.00000000000000e+00	1.63972491746945e-04,0.00000000000000e+00	1.04761715619677e-02,0.00000000000000e+00
6.39779021938262e+06	1.04025866920882e-02,0.00000000000000e+00	5.77652015589464e-04,0.00000000000000e+00	1.61910493406660e-04,0.00000000000000e+00	1.61910493406665e-04,0.00000000000000e+00	1.04025866920873e-02,0.00000000000000e+00
6.41253864901076e+06	1.03297998604178e-02,0.00000000000000e+00	5.69854672434048e-04,0.00000000000000e+00	1.59889214337598e-04,0.00000000000000e+00	1.59889214337593e-04,0.00000000000000e+00	1.03297998604178e-02,0.00000000000000e+00
6.42732107728046e+06	1.02578024353179e-02,0.00000000000000e+00	5.62219201832975e-04,0.00000000000000e+00	1.57907590082613e-04,0.00000000000000e+00	1.57907590082613e-04,0.00000000000000e+00	1.02578024353179e-02,0.00000000000000e+00
6.44213758256669e+06	1.01865857435345e-02,0.00000000000000e+00	5.54741239148130e-04,0.00000000000000e+00	1.55964589961641e-04,0.00000000000000e+00	1.55964589961631e-04,0.00000000000000e+00	1.01865857435347e-02,0.00000000000000e+00
6.45698824342510e+06	1.01161410812543e-02,0.00000000000000e+00	5.47416561327254e-04,0.00000000000000e+00	1.54059215827288e-04,0.00000000000000e+00	1.54059215827276e-04,0.00000000000000e+00	1.01161410812537e-02,0.00000000000000e+00
6.47187313859239e+06	1.00464597244340e-02,0.00000000000000e+00	5.40241081596171e-04,0.00000000000000e+00	1.52190500873078e-04,0.00000000000000e+00	1.52190500873078e-04,0.00000000000000e+00	1.00464597244328e-02,0.00000000000000e+00
6.48679234698681e+06	9.97753293837708e-03,0.00000000000000e+00	5.33210844372655e-04,0.00000000000000e+00	1.50357508490702e-04,0.00000000000000e+00	1.50357508490712e-04,0.00000000000000e+00	9.97753293837721e-03,0.00000000000000e+00
6.50174594770851e+06	9.90935198669546e-03,0.00000000000000e+00	5.26322020399311e-04,0.00000000000000e+00	1.48559331175178e-04,0.00000000000000e+00	1.48559331175182e-04,0.00000000000000e+00	9.90935198669497e-03,0.00000000000000e+00
6.51673402004000e+06	9.84190813958200e-03,0.00000000000000e+00	5.19570902077937e-04,0.00000000000000e+00	1.46795089474851e-04,0.00000000000000e+00	1.46795089474850e-04,0.00000000000000e+00	9.84190813958213e-03,0.00000000000000e+00
6.53175664344654e+06	9.77519268152086e-03,0.00000000000000e+00	5.12953898999977e-04,0.00000000000000e+00	1.45063930984397e-04,0.00000000000000e+00	1.45063930984398e-04,0.00000000000000e+00	9.77519268152184e-03,0.00000000000000e+00
6.54681389757658e+06	9.70919691841503e-03,0.00000000000000e+00	5.06467533661924e-04,0.00000000000000e+00	1.43365029378674e-04,0.00000000000000e+00	1.43365029378679e-04,0.00000000000000e+00	9.70919691841514e-03,0.00000000000000e+00
6.56190586226220e+06	9.64391218419175e-03,0.00000000000000e+00	5.00108437359794e-04,0.00000000000000e+00	1.41697583486485e-04,0.00000000000000e+00	1.41697583486474e-04,0.00000000000000e+00	9.64391218419223e-03,0.00000000000000e+00
6.57703261751948e+06	9.57932984690368e-03,0.00000000000000e+00	4.93873346249323e-04,0.00000000000000e+00	1.40060816400307e-04,0.00000000000000e+00	1.40060816400309e-04,0.00000000000000e+00	9.57932984690332e-03,0.00000000000000e+00
6.59219424354897e+06	9.51544131435164e-03,0.00000000000000e+00	4.87759097570039e-04,0.00000000000000e+00	1.38453974623205e-04,0.00000000000000e+00	1.38453974623204e-04,0.00000000000000e+00	9.51544131435063e-03,0.00000000000000e+00
6.60739082073611e+06	9.45223803927287e-03,0.00000000000000e+00	4.81762626021787e-04,0.00000000000000e+00	1.36876327248737e-04,0.00000000000000e+00	1.36876327248730e-04,0.00000000000000e+00	9.45223803927228e-03,0.00000000000000e+00
6.62262242965164e+06	9.38971152410423e-03,0.00000000000000e+00	4.75880960287718e-04,0.00000000000000e+00	1.35327165173623e-04,0.00000000000000e+00	1.35327165173630e-04,0.00000000000000e+00	9.38971152410372e-03,0.00000000000000e+00
6.63788915105202e+06	9.32785332535113e-03,0.00000000000000e+00	4.70111219698602e-04,0.00000000000000e+00	1.33805800341795e-04,0.00000000000000e+00	1.33805800341789e-04,0.00000000000000e+00	9.32785332535159e-03,0.00000000000000e+00
6.65319106587990e+06	9.26665505759298e-03,0.00000000000000e+00	4.64450611029616e-04,0.00000000000000e+00	1.32311565017837e-04,0.00000000000000e+00	1.32311565017840e-04,0.00000000000000e+00	9.26665505759207e-03,0.00000000000000e+00
6.66852825526451e+06	9.20610839713130e-03,0.00000000000000e+00	4.58896425425648e-04,0.00000000000000e+00	1.30843811088941e-04,0.00000000000000e+00	1.30843811088941e-04,0.00000000000000e+00	9.20610839713148e-03,0.00000000000000e+00
6.68390080052210e+06	9.14620508532068e-03,0.00000000000000e+00	4.53446035448144e-04,0.00000000000000e+00	1.29401909393796e-04,0.00000000000000e+00	1.29401909393793e-04,0.00000000000000e+00	9.14620508532111e-03,0.00000000000000e+00
6.69930878315637e+06	9.08693693158515e-03,0.00000000000000e+00	4.48096892239718e-04,0.00000000000000e+00	1.27985249077917e-04,0.00000000000000e+00	1.27985249077920e-04,0.00000000000000e+00	9.08693693158456e-03,0.00000000000000e+00
6.71475228485890e+06	9.02829581614967e-03,0.00000000000000e+00	4.42846522799229e-04,0.00000000000000e+00	1.26593236973347e-04,0.00000000000000e+00	1.26593236973340e-04,0.00000000000000e+00	9.02829581615039e-03,0.00000000000000e+00
6.73023138750963e+06	8.97027369251006e-03,0.00000000000000e+00	4.37692527363766e-04,0.00000000000000e+00	1.25225297002305e-04,0.00000000000000e+00	1.25225297002306e-04,0.00000000000000e+00	8.97027369250999e-03,0.00000000000000e+00
6.74574617317719e+06	8.91286258963192e-03,0.00000000000000e+00	4.32632576893557e-04,0.00000000000000e+00	1.23880869603762e-04,0.00000000000000e+00	1.23880869603760e-04,0.00000000000000e+00	8.91286258963283e-03,0.00000000000000e+00
6.76129672411944e+06	8.85605461393524e-03,0.00000000000000e+00	4.27664410652878e-04,0.00000000000000e+00	1.22559411181423e-04,0.00000000000000e+00	1.22559411181428e-04,0.00000000000000e+00	8.85605461393535e-03,0.00000000000000e+00
6.77688312278386e+06	8.79984195103338e-03,0.00000000000000e+00	4.22785833886210e-04,0.00000000000000e+00	1.21260393573064e-04,0.00000000000000e+00	1.21260393573062e-04,0.00000000000000e+00	8.79984195103372e-03,0.00000000000000e+00
6.79250545180798e+06	8.74421686728086e-03,0.00000000000000e+00	4.17994715581553e-04,0.00000000000000e+00	1.19983303539176e-04,0.00000000000000e+00	1.19983303539173e-04,0.00000000000000e+00	8.74421686728049e-03,0.00000000000000e+00
6.80816379401982e+06	8.68917171112638e-03,0.00000000000000e+00	4.13288986321795e-04,0.00000000000000e+00	1.18727642271552e-04,0.00000000000000e+00	1.18727642271551e-04,0.00000000000000e+00	8.68917171112603e-03,0.00000000000000e+00
6.82385823243838e+06	8.63469891427345e-03,0.00000000000000e+00	4.08666636215923e-04,0.00000000000000e+00	1.17492924919682e-04,0.00000000000000e+00	1.17492924919677e-04,0.00000000000000e+00	8.63469891427323e-03,0.00000000000000e+00
6.83958885027398e+06	8.58079099269081e-03,0.00000000000000e+00	4.04125712910078e-04,0.00000000000000e+00	1.16278680134920e-04,0.00000000000000e+00	1.16278680134922e-04,0.00000000000000e+00	8.58079099268990e-03,0.00000000000000e+00
6.85535573092881e+06	8.52744054743646e-03,0.00000000000000e+00	3.99664319672360e-04,0.00000000000000e+00	1.15084449631306e-04,0.00000000000000e+00	1.15084449631310e-04,0.00000000000000e+00	8.52744054743613e-03,0.00000000000000e+00
6.87115895799730e+06	8.47464026536545e-03,0.00000000000000e+00	3.95280613551575e-04,0.00000000000000e+00	1.13909787762942e-04,0.00000000000000e+00	1.13909787762945e-04,0.00000000000000e+00	8.47464026536591e-03,0.00000000000000e+00
6.88699861526657e+06	8.42238291967598e-03,0.00000000000000e+00	3.90972803602555e-04,0.00000000000000e+00	1.12754261116435e-04,0.00000000000000e+00	1.12754261116436e-04,0.00000000000000e+00	8.42238291967534e-03,0.00000000000000e+00
6.90287478671693e+06	8.37066137034137e-03,0.00000000000000e+00	3.86739149179842e-04,0.00000000000000e+00	1.11617448118562e-04,0.00000000000000e+00	1.11617448118557e-04,0.00000000000000e+00	8.37066137034153e-03,0.00000000000000e+00
6.91878755652224e+06	8.31946856441400e-03,0.00000000000000e+00	3.82577958292995e-04,0.00000000000000e+00	1.10498938657857e-04,0.00000000000000e+00	1.10498938657857e-04,0.00000000000000e+00	8.31946856441418e-03,0.00000000000000e+00
6.93473700905043e+06	8.26879753623348e-03,0.00000000000000e+00	3.78487586023959e-04,0.00000000000000e+00	1.09398333720282e-04,0.00000000000000e+00	1.09398333720281e-04,0.00000000000000e+00	8.26879753623299e-03,0.00000000000000e+00
6.95072322886392e+06	8.21864140751219e-03,0.00000000000000e+00	3.74466433002116e-04,0.00000000000000e+00	1.08315245037799e-04,0.00000000000000e+00	1.08315245037798e-04,0.00000000000000e+00	8.21864140751262e-03,0.00000000000000e+00
6.96674630072003e+06	8.16899338733983e-03,0.00000000000000e+00	3.70512943934441e-04,0.00000000000000e+00	1.07249294749231e-04,0.00000000000000e+00	1.07249294749233e-04,0.00000000000000e+00	8.16899338733939e-03,0.00000000000000e+00
6.98280630957152e+06	8.11984677209501e-03,0.00000000000000e+00	3.66625606191385e-04,0.00000000000000e+00	1.06200115074235e-04,0.00000000000000e+00	1.06200115074236e-04,0.00000000000000e+00	8.11984677209599e-03,0.00000000000000e+00
6.99890334056694e+06	8.07119494527756e-03,0.00000000000000e+00	3.62802948441752e-04,0.00000000000000e+00	1.05167347997511e-04,0.00000000000000e+00	1.05167347997511e-04,0.00000000000000e+00	8.07119494527713e-03,0.00000000000000e+00
7.01503747905116e+06	8.02303137725849e-03,0.00000000000000e+00	3.59043539338498e-04,0.00000000000000e+00	1.04150644965394e-04,0.00000000000000e+00	1.04150644965396e-04,0.00000000000000e+00	8.02303137725800e-03,0.00000000000000e+00
7.03120881056576e+06	7.97534962496853e-03,0.00000000000000e+00	3.55345986251634e-04,0.00000000000000e+00	1.03149666592529e-04,0.00000000000000e+00	1.03149666592530e-04,0.00000000000000e+00	7.97534962496798e-03,0.00000000000000e+00
7.04741742084954e+06	7.92814333152293e-03,0.00000000000000e+00	3.51708934046200e-04,0.00000000000000e+00	1.02164082379034e-04,0.00000000000000e+00	1.02164082379035e-04,0.00000000000000e+00	7.92814333152318e-03,0.00000000000000e+00
7.06366339583893e+06	7.88140622577734e-03,0.00000000000000e+00	3.48131063904180e-04,0.00000000000000e+00	1.01193570437365e-04,0.00000000000000e+00	1.01193570437364e-04,0.00000000000000e+00	7.88140622577618e-03,0.00000000000000e+00
7.07994682166849e+06	7.83513212183429e-03,0.00000000000000e+00	3.44611092188279e-04,0.00000000000000e+00	1.00237817229101e-04,0.00000000000000e+00	1.00237817229100e-04,0.00000000000000e+00	7.83513212183419e-03,0.00000000000000e+00
7.09626778467130e+06	7.78931491850905e-03,0.00000000000000e+00	3.41147769346134e-04,0.00000000000000e+00	9.92965173105011e-05,0.00000000000000e+00	9.92965173105005e-05,0.00000000000000e+00	7.78931491850856e-03,0.00000000000000e+00
7.11262637137950e+06	7.74394859873833e-03,0.00000000000000e+00	3.37739878853120e-04,0.00000000000000e+00	9.83693730870624e-05,0.00000000000000e+00	9.83693730870620e-05,0.00000000000000e+00	7.74394859873865e-03,0.00000000000000e+00
7.12902266852468e+06	7.69902722895547e-03,0.00000000000000e+00	3.34386236192281e-04,0.00000000000000e+00	9.74560945764043e-05,0.00000000000000e+00	9.74560945764040e-05,0.00000000000000e+00	7.69902722895425e-03,0.00000000000000e+00
7.14545676303837e+06	7.65454495840827e-03,0.00000000000000e+00	3.31085687869899e-04,0.00000000000000e+00	9.65563991793465e-05,0.00000000000000e+00	9.65563991793457e-05,0.00000000000000e+00	7.65454495840814e-03,0.00000000000000e+00
7.16192874205251e+06	7.61049601848150e-03,0.00000000000000e+00	3.27837110465499e-04,0.00000000000000e+00	9.56700114588788e-05,0.00000000000000e+00	9.56700114588784e-05,0.00000000000000e+00	7.61049601848242e-03,0.00000000000000e+00
7.17843869289989e+06	7.56687472195308e-03,0.00000000000000e+00	3.24639409714979e-04,0.00000000000000e+00	9.47966629264564e-05,0.00000000000000e+00	9.47966629264564e-05,0.00000000000000e+00	7.56687472195293e-03,0.00000000000000e+00
7.19498670311463e+06	7.52367546222581e-03,0.00000000000000e+00	3.21491519625381e-04,0.00000000000000e+00	9.39360918358446e-05,0.00000000000000e+00	9.39360918358448e-05,0.00000000000000e+00	7.52367546222680e-03,0.00000000000000e+00
7.21157286043263e+06	7.48089271256438e-03,0.00000000000000e+00	3.18392401619856e-04,0.00000000000000e+00	9.30880429835525e-05,0.00000000000000e+00	9.30880429835524e-05,0.00000000000000e+00	7.48089271256473e-03,0.00000000000000e+00
7.22819725279205e+06	7.43852102527001e-03,0.00000000000000e+00	3.15341043712534e-04,0.00000000000000e+00	9.22522675162928e-05,0.00000000000000e+00	9.22522675162929e-05,0.00000000000000e+00	7.43852102527028e-03,0.00000000000000e+00
7.24485996833376e+06	7.39655503086140e-03,0.00000000000000e+00	3.12336459711053e-04,0.00000000000000e+00	9.14285227447273e-05,0.00000000000000e+00	9.14285227447274e-05,0.00000000000000e+00	7.39655503085994e-03,0.00000000000000e+00
7.26156109540181e+06	7.35498943722205e-03,0.00000000000000e+00	3.09377688446698e-04,0.00000000000000e+00	9.06165719633998e-05,0.00000000000000e+00	9.06165719633999e-05,0.00000000000000e+00	7.35498943722329e-03,0.00000000000000e+00
7.27830072254392e+06	7.31381902876440e-03,0.00000000000000e+00	3.06463793030306e-04,0.00000000000000e+00	8.98161842768953e-05,0.00000000000000e+00	8.98161842768951e-05,0.00000000000000e+00	7.31381902876383e-03,0.00000000000000e+00
7.29507893851194e+06	7.27303866552479e-03,0.00000000000000e+00	3.03593860133545e-04,0.00000000000000e+00	8.90271344314040e-05,0.00000000000000e+00	8.90271344314041e-05,0.00000000000000e+00	7.27303866552482e-03,0.00000000000000e+00
7.31189583226228e+06	7.23264328230296e-03,0.00000000000000e+00	3.00766999294181e-04,0.00000000000000e+00	8.82492026520894e-05,0.00000000000000e+00	8.82492026520890e-05,0.00000000000000e+00	7.23264328230331e-03,0.00000000000000e+00
7.32875149295644e+06	7.19262788775924e-03,0.00000000000000e+00	2.97982342244757e-04,0.00000000000000e+00	8.74821744857350e-05,0.00000000000000e+00	8.74821744857352e-05,0.00000000000000e+00	7.19262788775955e-03,0.00000000000000e+00
7.34564600996147e+06	7.15298756351186e-03,0.00000000000000e+00	2.95239042263626e-04,0.00000000000000e+00	8.67258406484698e-05,0.00000000000000e+00	8.67258406484697e-05,0.00000000000000e+00	7.15298756351225e-03,0.00000000000000e+00
7.36257947285041e+06	7.11371746323701e-03,0.00000000000000e+00	2.92536273547684e-04,0.00000000000000e+00	8.59799968786328e-05,0.00000000000000e+00	8.59799968786334e-05,0.00000000000000e+00	7.11371746323685e-03,0.00000000000000e+00
7.37955197140278e+06	7.07481281174290e-03,0.00000000000000e+00	2.89873230605617e-04,0.00000000000000e+00	8.52444437941637e-05,0.00000000000000e+00	8.52444437941631e-05,0.00000000000000e+00	7.07481281174375e-03,0.00000000000000e+00
7.39656359560510e+06	7.03626890407280e-03,0.00000000000000e+00	2.87249127671552e-04,0.00000000000000e+00	8.45189867548739e-05,0.00000000000000e+00	8.45189867548737e-05,0.00000000000000e+00	7.03626890407217e-03,0.00000000000000e+00
7.41361443565130e+06	6.99808110456140e-03,0.00000000000000e+00	2.84663198137482e-04,0.00000000000000e+00	8.38034357288949e-05,0.00000000000000e+00	8.38034357288959e-05,0.00000000000000e+00	6.99808110456104e-03,0.00000000000000e+00
7.43070458194323e+06	6.96024484593525e-03,0.00000000000000e+00	2.82114694004742e-04,0.00000000000000e+00	8.30976051636418e-05,0.00000000000000e+00	8.30976051636427e-05,0.00000000000000e+00	6.96024484593455e-03,0.00000000000000e+00
7.44783412509114e+06	6.92275562838230e-03,0.00000000000000e+00	2.79602885353066e-04,0.00000000000000e+00	8.24013138607653e-05,0.00000000000000e+00	8.24013138607658e-05,0.00000000000000e+00	6.92275562838341e-03,0.00000000000000e+00
7.46500315591418e+06	6.88560901864467e-03,0.00000000000000e+00	2.77127059827212e-04,0.00000000000000e+00	8.17143848551653e-05,0.00000000000000e+00	8.17143848551652e-05,0.00000000000000e+00	6.88560901864396e-03,0.00000000000000e+00
7.48221176544084e+06	6.84880064907963e-03,0.00000000000000e+00	2.74686522139741e-04,0.00000000000000e+00	8.10366452977492e-05,0.00000000000000e+00	8.10366452977489e-05,0.00000000000000e+00	6.84880064907953e-03,0.00000000000000e+00
7.49946004490944e+06	6.81232621676620e-03,0.00000000000000e+00	2.72280593590274e-04,0.00000000000000e+00	8.03679263420139e-05,0.00000000000000e+00	8.03679263420148e-05,0.00000000000000e+00	6.81232621676558e-03,0.00000000000000e+00
7.51674808576865e+06	6.77618148257785e-03,0.00000000000000e+00	2.69908611599610e-04,0.00000000000000e+00	7.97080630340393e-05,0.00000000000000e+00	7.97080630340400e-05,0.00000000000000e+00	6.77618148257761e-03,0.00000000000000e+00
7.53407597967795e+06	6.74036227029108e-03,0.00000000000000e+00	2.67569929259963e-04,0.00000000000000e+00	7.90568942062451e-05,0.00000000000000e+00	7.90568942062456e-05,0.00000000000000e+00	6.74036227029176e-03,0.00000000000000e+00
7.55144381850809e+06	6.70486446567088e-03,0.00000000000000e+00	2.65263914897775e-04,0.00000000000000e+00	7.84142623740251e-05,0.00000000000000e+00	7.84142623740264e-05,0.00000000000000e+00	6.70486446567128e-03,0.00000000000000e+00
7.56885169434163e+06	6.66968401557139e-03,0.00000000000000e+00	2.62989951651702e-04,0.00000000000000e+00	7.77800136359387e-05,0.00000000000000e+00	7.77800136359404e-05,0.00000000000000e+00	6.66968401557043e-03,0.00000000000000e+00
7.58629969947340e+06	6.63481692705120e-03,0.00000000000000e+00	2.60747437063804e-04,0.00000000000000e+00	7.71539975769250e-05,0.00000000000000e+00	7.71539975769243e-05,0.00000000000000e+00	6.63481692705170e-03,0.00000000000000e+00
7.60378792641099e+06	6.60025926649474e-03,0.00000000000000e+00	2.58535782683177e-04,0.00000000000000e+00	7.65360671744713e-05,0.00000000000000e+00	7.65360671744721e-05,0.00000000000000e+00	6.60025926649497e-03,0.00000000000000e+00
7.62131646787522e+06	6.56600715871619e-03,0.00000000000000e+00	2.56354413682103e-04,0.00000000000000e+00	7.59260787076009e-05,0.00000000000000e+00	7.59260787076013e-05,0.00000000000000e+00	6.56600715871577e-03,0.00000000000000e+00
7.63888541680069e+06	6.53205678610347e-03,0.00000000000000e+00	2.54202768484652e-04,0.00000000000000e+00	7.53238916688386e-05,0.00000000000000e+00	7.53238916688412e-05,0.00000000000000e+00	6.53205678610370e-03,0.00000000000000e+00
7.65649486633621e+06	6.49840438774840e-03,0.00000000000000e+00	2.52080298406165e-04,0.00000000000000e+00	7.47293686786656e-05,0.00000000000000e+00	7.47293686786669e-05,0.00000000000000e+00	6.49840438774769e-03,0.00000000000000e+00
7.67414490984534e+06	6.46504625859516e-03,0.00000000000000e+00	2.49986467304871e-04,0.00000000000000e+00	7.41423754028202e-05,0.00000000000000e+00	7.41423754028220e-05,0.00000000000000e+00	6.46504625859552e-03,0.00000000000000e+00
7.69183564090683e+06	6.43197874858999e-03,0.00000000000000e+00	2.47920751243058e-04,0.00000000000000e+00	7.35627804717270e-05,0.00000000000000e+00	7.35627804717266e-05,0.00000000000000e+00	6.43197874858956e-03,0.00000000000000e+00
7.70956715331519e+06	6.39919826184197e-03,0.00000000000000e+00	2.45882638159719e-04,0.00000000000000e+00	7.29904554028436e-05,0.00000000000000e+00	7.29904554028456e-05,0.00000000000000e+00	6.39919826184244e-03,0.00000000000000e+00
7.72733954108114e+06	6.36670125580288e-03,0.00000000000000e+00	2.43871627552909e-04,0.00000000000000e+00	7.24252745249884e-05,0.00000000000000e+00	7.24252745249874e-05,0.00000000000000e+00	6.36670125580394e-03,0.00000000000000e+00
7.74515289843210e+06	6.33448424043729e-03,0.00000000000000e+00	2.41887230171516e-04,0.00000000000000e+00	7.18671149050349e-05,0.00000000000000e+00	7.18671149050341e-05,0.00000000000000e+00	6.33448424043622e-03,0.00000000000000e+00
7.76300731981272e+06	6.30254377740570e-03,0.00000000000000e+00	2.39928967716713e-04,0.00000000000000e+00	7.13158562768435e-05,0.00000000000000e+00	7.13158562768442e-05,0.00000000000000e+00	6.30254377740553e-03,0.00000000000000e+00
7.78090289988537e+06	6.27087647928249e-03,0.00000000000000e+00	2.37996372552706e-04,0.00000000000000e+00	7.07713809723073e-05,0.00000000000000e+00	7.07713809723080e-05,0.00000000000000e+00	6.27087647928243e-03,0.00000000000000e+00
7.79883973353062e+06	6.23947900874695e-03,0.00000000000000e+00	2.36088987425527e-04,0.00000000000000e+00	7.02335738543507e-05,0.00000000000000e+00	7.02335738543524e-05,0.00000000000000e+00	6.23947900874756e-03,0.00000000000000e+00
7.81681791584779e+06	6.20834807780642e-03,0.00000000000000e+00	2.34206365191047e-04,0.00000000000000e+00	6.97023222520566e-05,0.00000000000000e+00	6.97023222520544e-05,0.00000000000000e+00	6.20834807780629e-03,0.00000000000000e+00
7.83483754215541e+06	6.17748044702200e-03,0.00000000000000e+00	2.32348068550686e-04,0.00000000000000e+00	6.91775158975981e-05,0.00000000000000e+00	6.91775158975997e-05,0.00000000000000e+00	6.17748044702323e-03,0.00000000000000e+00
7.85289870799175e+06	6.14687292475096e-03,0.00000000000000e+00	2.30513669795172e-04,0.00000000000000e+00	6.86590468650068e-05,0.00000000000000e+00	6.86590468650056e-05,0.00000000000000e+00	6.14687292475071e-03,0.00000000000000e+00
7.87100150911530e+06	6.11652236638209e-03,0.00000000000000e+00	2.28702750555885e-04,0.00000000000000e+00	6.81468095108329e-05,0.00000000000000e+00	6.81468095108326e-05,0.00000000000000e+00	6.11652236638226e-03,0.00000000000000e+00
7.88914604150532e+06	6.08642567360739e-03,0.00000000000000e+00	2.26914901563807e-04,0.00000000000000e+00	6.76407004164956e-05,0.00000000000000e+00	6.76407004164949e-05,0.00000000000000e+00	6.08642567360809e-03,0.00000000000000e+00
7.90733240136231e+06	6.05657979367755e-03,0.00000000000000e+00	2.25149722415137e-04,0.00000000000000e+00	6.71406183321998e-05,0.00000000000000e+00	6.71406183322002e-05,0.00000000000000e+00	6.05657979367796e-03,0.00000000000000e+00
7.92556068510854e+06	6.02698171868589e-03,0.00000000000000e+00	2.23406821344414e-04,0.00000000000000e+00	6.66464641226834e-05,0.00000000000000e+00	6.66464641226850e-05,0.00000000000000e+00	6.02698171868668e-03,0.00000000000000e+00
7.94383098938855e+06	5.99762848485038e-03,0.00000000000000e+00	2.21685815003557e-04,0.00000000000000e+00	6.61581407142644e-05,0.00000000000000e+00	6.61581407142650e-05,0.00000000000000e+00	5.99762848484934e-03,0.00000000000000e+00
7.96214341106969e+06	5.96851717181037e-03,0.00000000000000e+00	2.19986328248241e-04,0.00000000000000e+00	6.56755530437251e-05,0.00000000000000e+00	6.56755530437254e-05,0.00000000000000e+00	5.96851717180914e-03,0.00000000000000e+00
7.98049804724259e+06	5.93964490194222e-03,0.00000000000000e+00	2.18307993929842e-04,0.00000000000000e+00	6.51986080083966e-05,0.00000000000000e+00	6.51986080083956e-05,0.00000000000000e+00	5.93964490194152e-03,0.00000000000000e+00
7.99889499522169e+06	5.91100883966592e-03,0.00000000000000e+00	2.16650452693493e-04,0.00000000000000e+00	6.47272144177301e-05,0.00000000000000e+00	6.47272144177322e-05,0.00000000000000e+00	5.91100883966563e-03,0.00000000000000e+00
8.00000000000000e+06	5.90929837330350e-03,0.00000000000000e+00	2.16551667994511e-04,0.00000000000000e+00	6.46991094395877e-05,0.00000000000000e+00	6.46991094395897e-05,0.00000000000000e+00	5.90929837330287e-03,0.00000000000000e+00
